listing_id,title,model_family,generation_number,is_pro,storage_gb_numeric,storage_category,storage_options_gb,storage_flag_corrected,condition,condition_group,price,price_bucket,price_per_gb,wasPrice,price_discount_pct,has_discount,available,available_disclosed,sold,sold_disclosed,seller,itemLocation,us_state,lastUpdated,date_disclosed,is_bundle_listing,is_suspicious_price,location,iphone_type,generation_group,market_density,price_gap,top_seller_dominance
1,Apple iPhone 12 Pro Max - 512 GB - Blue (Unlocked) With Tik Tock,iPhone 12 Pro Max,12,True,512.0,512GB,512GB,False,Used,Second-hand,2500.0,$1300+,4.8828125,,,False,0.0,False,0.0,False,Seller 697,"Ashtabula, Ohio, United States",OH,,False,False,False,OH,Pro,Mid-Gen (12-13),3,4867.01,4.6875
2,open box Apple iPhone 14 Pro MAX 256gb purple color Factory Unlocked,iPhone 14 Pro Max,14,True,256.0,256GB,256GB,False,Open Box,Like New,769.99,$600-899,3.0077734375,,,False,0.0,False,0.0,False,Seller 019,"Granada Hills, California, United States",CA,,False,False,False,CA,Pro,Modern (14+),58,2750.0,8.085106382978724
3,open box Apple iPhone 14 128gb purple color Factory Unlocked,iPhone 14,14,False,128.0,128GB,128GB,False,Open Box,Like New,339.99,$200-399,2.656171875,,,False,0.0,False,0.0,False,Seller 019,"Granada Hills, California, United States",CA,,False,False,False,CA,Standard,Modern (14+),40,1329.99,21.492537313432834
4,open box Apple iPhone 14+ plus 128gb Black color Factory Unlocked,iPhone 14,14,False,128.0,128GB,128GB,False,Open Box,Like New,395.99,$200-399,3.093671875,,,False,0.0,False,0.0,False,Seller 019,"Granada Hills, California, United States",CA,,False,False,False,CA,Standard,Modern (14+),40,1329.99,21.492537313432834
5,Apple iPhone 12 128GB Unlocked MODEL A2172 Blue color open box,iPhone 12,12,False,128.0,128GB,128GB,False,Open Box,Like New,238.99,$200-399,1.867109375,,,False,1.0,True,0.0,False,Seller 019,"Granada Hills, California, United States",CA,,False,False,False,CA,Standard,Mid-Gen (12-13),23,4428.01,45.073891625615765
6,Apple iPhone 14+ plus 256gb Blue color Factory Unlocked,iPhone 14,14,False,256.0,256GB,256GB,False,Used,Second-hand,365.99,$200-399,1.4296484375,,,False,0.0,False,0.0,False,Seller 019,"Granada Hills, California, United States",CA,,False,False,False,CA,Standard,Modern (14+),40,1329.99,21.492537313432834
7,Apple iPhone 12 128GB Unlocked MODEL A2172 Blue color,iPhone 12,12,False,128.0,128GB,128GB,False,Open Box,Like New,231.99,$200-399,1.812421875,,,False,1.0,True,0.0,False,Seller 019,"Granada Hills, California, United States",CA,,False,False,False,CA,Standard,Mid-Gen (12-13),23,4428.01,45.073891625615765
8,open box Apple iPhone 13 128GB Blue Unlocked 1 year ex warranty,iPhone 13,13,False,128.0,128GB,128GB,False,Open Box,Like New,329.99,$200-399,2.578046875,,,False,0.0,False,1.0,True,Seller 019,"Granada Hills, California, United States",CA,,False,False,False,CA,Standard,Mid-Gen (12-13),22,4935.0,20.909090909090907
9,Apple iPhone 16 - 128 GB - Black (Unlocked) OPEN BOX 100% 🔋,iPhone 16,16,False,128.0,128GB,128GB,False,Open Box,Like New,575.0,$400-599,4.4921875,,,False,0.0,False,0.0,False,Seller 157,"Taunton, Massachusetts, United States",MA,,False,False,False,MA,Standard,Modern (14+),2,639.5,7.207207207207207
10,"Apple iPhone 17 Pro Max, Deep Blue, 512g, Model A3257, New, Sealed att",iPhone 17 Pro Max,17,True,,Tidak Diketahui,,False,New,Second-hand,1390.0,$1300+,,,,False,0.0,False,0.0,False,Seller 566,"Houston, Texas, United States",TX,,False,False,False,TX,Pro,Modern (14+),19,2710.0,8.176100628930817
11,iPhone 16 Sealed Verizon 128gb,iPhone 16,16,False,128.0,128GB,128GB,False,New,Second-hand,599.0,$400-599,4.6796875,,,False,0.0,False,0.0,False,Seller 274,"Brighton, Massachusetts, United States",MA,,False,False,False,MA,Standard,Modern (14+),2,639.5,7.207207207207207
12,Apple iPhone 14 - 128GB fully Unlocked,iPhone 14,14,False,128.0,128GB,128GB,False,Used,Second-hand,314.99,$200-399,2.460859375,,,False,2.0,True,0.0,False,Seller 019,"Granada Hills, California, United States",CA,,False,False,False,CA,Standard,Modern (14+),40,1329.99,21.492537313432834
13,Read* Apple iPhone 14 - 128 GB - Blue (Unlocked) ~61043,iPhone 14,14,False,128.0,128GB,128GB,False,Used,Second-hand,300.0,$200-399,2.34375,,,False,0.0,False,0.0,False,Seller 696,"Covington, Georgia, United States",GA,,False,False,False,GA,Standard,Modern (14+),2,1329.99,21.492537313432834
14,"Apple iPhone 12 Unlocked Verizon, T-Mobile, AT&T all Carriers",iPhone 12,12,False,,Tidak Diketahui,,False,Used,Second-hand,180.0,<$200,,,,False,0.0,False,0.0,False,Seller 691,"New York, New York, United States",NY,,False,False,False,NY,Standard,Mid-Gen (12-13),24,4428.01,45.073891625615765
15,Lot of 2 Apple iPhone 13 / Apple iPhone 13 mini – No Screens – For Parts /...,iPhone 13 Mini,13,False,,Tidak Diketahui,,False,For Parts Or Not Working,Damaged,129.95,<$200,,,,False,0.0,False,0.0,False,Seller 381,"Renton, Washington, United States",WA,,False,True,False,WA,Standard,Mid-Gen (12-13),2,491.95,6.462585034013606
16,Apple iPhone 12 128GB Unlocked MODEL A2172 Green color,iPhone 12,12,False,128.0,128GB,128GB,False,Open Box,Like New,231.99,$200-399,1.812421875,,,False,1.0,True,0.0,False,Seller 019,"Granada Hills, California, United States",CA,,False,False,False,CA,Standard,Mid-Gen (12-13),23,4428.01,45.073891625615765
17,Apple iPhone 17 Pro Max A3257 - 256GB - Orange Unlocked,iPhone 17 Pro Max,17,True,256.0,256GB,256GB,False,New,Second-hand,1300.0,$1300+,5.078125,,,False,0.0,False,0.0,False,Seller 528,"Covington, Georgia, United States",GA,,False,False,False,GA,Pro,Modern (14+),4,2710.0,8.176100628930817
18,Apple iPhone 13 black 128GB MLA23LL/A Verizon Wi-Fi Bluetooth iOS Smartphone,iPhone 13,13,False,128.0,128GB,128GB,False,Used,Second-hand,107.5,<$200,0.83984375,,,False,0.0,False,0.0,False,Seller 445,"Elizabethtown, Illinois, United States",IL,,False,False,False,IL,Standard,Mid-Gen (12-13),5,4935.0,20.909090909090907
19,Apple iPhone 17 Pro Max 1TB Orange Unlocked - Very Good Condition!,iPhone 17 Pro Max,17,True,1024.0,1024GB,1024GB,False,Open Box,Like New,1519.95,$1300+,1.484326171875,,,False,0.0,False,0.0,False,Seller 166,"Harrisville, Pennsylvania, United States",PA,,False,False,False,PA,Pro,Modern (14+),5,2710.0,8.176100628930817
20,Unlocked iPhone 14 256GB Black with box And Headphones,iPhone 14,14,False,256.0,256GB,256GB,False,Used,Second-hand,350.0,$200-399,1.3671875,,,False,0.0,False,0.0,False,Seller 304,"Hurst, Texas, United States",TX,,False,False,False,TX,Standard,Modern (14+),150,1329.99,21.492537313432834
21,New Apple iPhone 17 256GB White Unlocked Apple Warranty - NEW SEALED!,iPhone 17,17,False,256.0,256GB,256GB,False,New,Second-hand,849.95,$600-899,3.3201171875,,,False,0.0,False,0.0,False,Seller 166,"Harrisville, Pennsylvania, United States",PA,,False,False,False,PA,Standard,Modern (14+),5,1000.99,7.857142857142857
22,Apple iPhone 16 - 128GB - Black (Unlocked) - NEW & SEALED,iPhone 16,16,False,128.0,128GB,128GB,False,New,Second-hand,639.95,$600-899,4.999609375,,,False,2.0,True,1.0,True,Seller 166,"Harrisville, Pennsylvania, United States",PA,,False,False,False,PA,Standard,Modern (14+),2,639.5,7.207207207207207
23,*NEW OEM SEALED* Apple iPhone 16 - 128GB - Black (Unlocked)Apple 1yr Warranty,iPhone 16,16,False,128.0,128GB,128GB,False,New,Second-hand,669.95,$600-899,5.233984375,,,False,0.0,False,0.0,False,Seller 183,"Johnson City, Tennessee, United States",TN,,False,False,False,TN,Standard,Modern (14+),2,639.5,7.207207207207207
24,Apple iPhone 16 - 128 GB - Pink (Unlocked),iPhone 16,16,False,128.0,128GB,128GB,False,Open Box,Like New,604.99,$600-899,4.726484375,,,False,0.0,False,0.0,False,Seller 644,"Marion, Virginia, United States",VA,,False,False,False,VA,Standard,Modern (14+),3,639.5,7.207207207207207
25,Apple iPhone 17 Pro Max 1TB Deep Blue Unlocked - Open Box,iPhone 17 Pro Max,17,True,1024.0,1024GB,1024GB,False,Open Box,Like New,1579.95,$1300+,1.542919921875,,,False,0.0,False,0.0,False,Seller 166,"Harrisville, Pennsylvania, United States",PA,,False,False,False,PA,Pro,Modern (14+),5,2710.0,8.176100628930817
26,Apple iPhone 14 128GB - Fully Unlocked - VERY GOOD Condition,iPhone 14,14,False,128.0,128GB,128GB,False,Used,Second-hand,183.5,<$200,1.43359375,,,False,0.0,False,0.0,False,Seller 565,"Moreno Valley, California, United States",CA,,False,False,False,CA,Standard,Modern (14+),40,1329.99,21.492537313432834
27,Apple iPhone 14 128GB - Fully Unlocked - VERY GOOD Condition,iPhone 14,14,False,128.0,128GB,128GB,False,Used,Second-hand,217.5,$200-399,1.69921875,,,False,0.0,False,0.0,False,Seller 565,"Moreno Valley, California, United States",CA,,False,False,False,CA,Standard,Modern (14+),40,1329.99,21.492537313432834
28,Apple iPhone 17 Pro Max A3257 256GB | Cosmic Orange | Unlocked - Open Box!,iPhone 17 Pro Max,17,True,256.0,256GB,256GB,False,Open Box,Like New,1279.95,$900-1299,4.9998046875,,,False,0.0,False,0.0,False,Seller 166,"Harrisville, Pennsylvania, United States",PA,,False,False,False,PA,Pro,Modern (14+),5,2710.0,8.176100628930817
29,"Apple iPhone 16 128GB, Black, Unlocked",iPhone 16,16,False,128.0,128GB,128GB,False,Open Box,Like New,600.0,$600-899,4.6875,,,False,0.0,False,0.0,False,Seller 299,"Columbia, Maryland, United States",MD,,False,False,False,MD,Standard,Modern (14+),6,639.5,7.207207207207207
30,Apple iPhone 17 Pro Max Silver Unlocked 2TB USB Type-C,iPhone 17 Pro Max,17,True,2048.0,2048GB,2048GB,False,New,Second-hand,1800.0,$1300+,0.87890625,,,False,0.0,False,0.0,False,Seller 646,"Greenfield, Massachusetts, United States",MA,,False,False,False,MA,Pro,Modern (14+),2,2710.0,8.176100628930817
31,iPhone 13,iPhone 13,13,False,,Tidak Diketahui,,False,Used,Second-hand,3500.0,$1300+,,,,False,0.0,False,0.0,False,Seller 390,"Bronx, New York, United States",NY,,False,False,False,NY,Standard,Mid-Gen (12-13),27,4935.0,20.909090909090907
32,Apple iPhone 13 - 256 GB - TikTok,iPhone 13,13,False,256.0,256GB,256GB,False,Used,Second-hand,5000.0,$1300+,19.53125,,,False,0.0,False,0.0,False,Seller 356,"New Castle, Indiana, United States",IN,,False,False,True,IN,Standard,Mid-Gen (12-13),3,4935.0,20.909090909090907
33,Apple iPhone 14 Plus (A2632) 128GB - Red (Unlocked) - *DAMAGED* - Clean IMEI,iPhone 14 Plus,14,False,128.0,128GB,128GB,False,For Parts Or Not Working,Damaged,209.99,$200-399,1.640546875,,,False,0.0,False,0.0,False,Seller 013,"Akron, Ohio, United States",OH,,False,False,False,OH,Standard,Modern (14+),42,3410.0,31.343283582089555
34,Apple iPhone 14 Plus (A2632) 128GB - Red (Unlocked) - *DAMAGED* - Clean IMEI,iPhone 14 Plus,14,False,128.0,128GB,128GB,False,For Parts Or Not Working,Damaged,203.99,$200-399,1.593671875,,,False,0.0,False,0.0,False,Seller 013,"Akron, Ohio, United States",OH,,False,False,False,OH,Standard,Modern (14+),42,3410.0,31.343283582089555
35,Apple iPhone 14 Plus (A2632) 128GB (Unlocked) - CRACKED - Clean IMEI - H4978,iPhone 14 Plus,14,False,128.0,128GB,128GB,False,For Parts Or Not Working,Damaged,230.99,$200-399,1.804609375,,,False,0.0,False,0.0,False,Seller 013,"Akron, Ohio, United States",OH,,False,False,False,OH,Standard,Modern (14+),42,3410.0,31.343283582089555
36,Apple iPhone 12 Pro Max (A2342) 128GB - Blue (Unlocked) - *NO FACE ID* - H4118,iPhone 12 Pro Max,12,True,128.0,128GB,128GB,False,Used,Second-hand,248.99,$200-399,1.945234375,,,False,0.0,False,0.0,False,Seller 013,"Akron, Ohio, United States",OH,,False,False,False,OH,Pro,Mid-Gen (12-13),3,4867.01,4.6875
37,Apple iPhone 14 Plus (A2632) 128GB - White (Unlocked) - *DAMAGED* - Clean IMEI,iPhone 14 Plus,14,False,128.0,128GB,128GB,False,For Parts Or Not Working,Damaged,192.99,<$200,1.507734375,,,False,0.0,False,0.0,False,Seller 013,"Akron, Ohio, United States",OH,,False,False,False,OH,Standard,Modern (14+),42,3410.0,31.343283582089555
38,Apple iPhone 14 Plus (A2632) 256GB - Blue (Unlocked) - *DAMAGED* - Clean IMEI,iPhone 14 Plus,14,False,256.0,256GB,256GB,False,For Parts Or Not Working,Damaged,222.99,$200-399,0.8710546875,,,False,0.0,False,0.0,False,Seller 013,"Akron, Ohio, United States",OH,,False,False,False,OH,Standard,Modern (14+),42,3410.0,31.343283582089555
39,Apple iPhone 14 Plus (A2632) 128GB (Unlocked) Smartphone - BLEMISHED - H5245,iPhone 14 Plus,14,False,128.0,128GB,128GB,False,Used,Second-hand,298.99,$200-399,2.335859375,,,False,0.0,False,0.0,False,Seller 013,"Akron, Ohio, United States",OH,,False,False,False,OH,Standard,Modern (14+),42,3410.0,31.343283582089555
40,Apple iPhone 14 Plus (A2632) 128GB - White (Unlocked) - *DAMAGED* - Clean IMEI,iPhone 14 Plus,14,False,128.0,128GB,128GB,False,For Parts Or Not Working,Damaged,194.99,<$200,1.523359375,,,False,0.0,False,0.0,False,Seller 013,"Akron, Ohio, United States",OH,,False,False,False,OH,Standard,Modern (14+),42,3410.0,31.343283582089555
41,Apple iPhone 14 Plus (A2632) 128GB - Blue (Unlocked) - *DAMAGED* - Clean IMEI,iPhone 14 Plus,14,False,128.0,128GB,128GB,False,For Parts Or Not Working,Damaged,190.99,<$200,1.492109375,,,False,0.0,False,0.0,False,Seller 013,"Akron, Ohio, United States",OH,,False,False,False,OH,Standard,Modern (14+),42,3410.0,31.343283582089555
42,Apple iPhone 14 Plus (A2632) 256GB - White (Unlocked) - *DAMAGED* - Clean IMEI,iPhone 14 Plus,14,False,256.0,256GB,256GB,False,For Parts Or Not Working,Damaged,216.99,$200-399,0.8476171875,,,False,0.0,False,0.0,False,Seller 013,"Akron, Ohio, United States",OH,,False,False,False,OH,Standard,Modern (14+),42,3410.0,31.343283582089555
43,Apple iPhone 14 Plus (A2632) 128GB - Purple (Unlocked) - *DISPLAY LINES* - H5314,iPhone 14 Plus,14,False,128.0,128GB,128GB,False,For Parts Or Not Working,Damaged,213.99,$200-399,1.671796875,,,False,0.0,False,0.0,False,Seller 013,"Akron, Ohio, United States",OH,,False,False,False,OH,Standard,Modern (14+),42,3410.0,31.343283582089555
44,Apple iPhone 14 Plus (A2632) 256GB - Black (Unlocked) - *DAMAGED* - Clean IMEI,iPhone 14 Plus,14,False,256.0,256GB,256GB,False,For Parts Or Not Working,Damaged,216.99,$200-399,0.8476171875,,,False,0.0,False,0.0,False,Seller 013,"Akron, Ohio, United States",OH,,False,False,False,OH,Standard,Modern (14+),42,3410.0,31.343283582089555
45,Apple iPhone 14 Plus (A2632) 128GB - Red (Unlocked) - *DAMAGED* - Clean IMEI,iPhone 14 Plus,14,False,128.0,128GB,128GB,False,For Parts Or Not Working,Damaged,198.99,<$200,1.554609375,,,False,0.0,False,0.0,False,Seller 013,"Akron, Ohio, United States",OH,,False,False,False,OH,Standard,Modern (14+),42,3410.0,31.343283582089555
46,Apple iPhone 12 - 128 GB - Black (Unlocked),iPhone 12,12,False,128.0,128GB,128GB,False,Used,Second-hand,199.0,<$200,1.5546875,,,False,0.0,False,0.0,False,Seller 012,"Phoenix, Arizona, United States",AZ,,False,False,False,AZ,Standard,Mid-Gen (12-13),1,4428.01,45.073891625615765
47,Apple iPhone 12 Pro Max - 128 GB - Pacific (Unlocked) - ISSUES READ DESC.,iPhone 12 Pro Max,12,True,128.0,128GB,128GB,False,For Parts Or Not Working,Damaged,179.99,<$200,1.406171875,,,False,0.0,False,0.0,False,Seller 388,"Miami, Florida, United States",FL,,False,False,False,FL,Pro,Mid-Gen (12-13),21,4867.01,4.6875
48,Apple iPhone 16 (6.1-in) (A3081) Unlocked - 128GB/Ultramarine - BAD FACE ID 90%+,iPhone 16,16,False,128.0,128GB,128GB,False,Open Box,Like New,235.5,$200-399,1.83984375,,,False,0.0,False,0.0,False,Seller 150,"Sykesville, Maryland, United States",MD,,False,False,False,MD,Standard,Modern (14+),6,639.5,7.207207207207207
49,Apple iPhone 17 Pro Max - 256 GB - Cosmic Orange (Unlocked),iPhone 17 Pro Max,17,True,256.0,256GB,256GB,False,New,Second-hand,610.0,$600-899,2.3828125,,,False,0.0,False,0.0,False,Seller 227,"Dallas, Texas, United States",TX,,False,False,False,TX,Pro,Modern (14+),19,2710.0,8.176100628930817
50,iPhone 17 Pro Max 256GB Unlocked Smartphone OpenBox,iPhone 17 Pro Max,17,True,256.0,256GB,256GB,False,New,Second-hand,1300.0,$1300+,5.078125,,,False,0.0,False,0.0,False,Seller 577,"Jones, Oklahoma, United States",OK,,False,False,False,OK,Pro,Modern (14+),2,2710.0,8.176100628930817
51,TikTok/Capcut Apple iPhone 12 Pro Max - 512 GB - Blue (Unlocked),iPhone 12 Pro Max,12,True,512.0,512GB,512GB,False,Used,Second-hand,1350.0,$1300+,2.63671875,,,False,0.0,False,0.0,False,Seller 544,"Decatur, Georgia, United States",GA,,False,False,True,GA,Pro,Mid-Gen (12-13),1,4867.01,4.6875
52,iPhone 13 256 GB with TikTok,iPhone 13,13,False,256.0,256GB,256GB,False,Used,Second-hand,1000.0,$900-1299,3.90625,,,False,0.0,False,0.0,False,Seller 419,"Collbran, Colorado, United States",CO,,False,False,True,CO,Standard,Mid-Gen (12-13),1,4935.0,20.909090909090907
53,Apple iPhone 14 Plus (A2632) 256GB - Blue (Unlocked) - *DAMAGED* - Clean IMEI,iPhone 14 Plus,14,False,256.0,256GB,256GB,False,For Parts Or Not Working,Damaged,220.99,$200-399,0.8632421875,,,False,0.0,False,0.0,False,Seller 013,"Akron, Ohio, United States",OH,,False,False,False,OH,Standard,Modern (14+),42,3410.0,31.343283582089555
54,Apple iPhone 14 Plus (A2632) 256GB - Blue (Unlocked) - *DAMAGED* - Clean IMEI,iPhone 14 Plus,14,False,256.0,256GB,256GB,False,For Parts Or Not Working,Damaged,230.99,$200-399,0.9023046875,,,False,0.0,False,0.0,False,Seller 013,"Akron, Ohio, United States",OH,,False,False,False,OH,Standard,Modern (14+),42,3410.0,31.343283582089555
55,Apple iPhone 14 Plus (A2632) 256GB - Purple (Unlocked) - *DAMAGED* - Clean IMEI,iPhone 14 Plus,14,False,256.0,256GB,256GB,False,For Parts Or Not Working,Damaged,220.99,$200-399,0.8632421875,,,False,0.0,False,0.0,False,Seller 013,"Akron, Ohio, United States",OH,,False,False,False,OH,Standard,Modern (14+),42,3410.0,31.343283582089555
56,Apple iPhone 14 Plus (A2632) 256GB - Purple (Unlocked) - *DAMAGED* - Clean IMEI,iPhone 14 Plus,14,False,256.0,256GB,256GB,False,For Parts Or Not Working,Damaged,222.99,$200-399,0.8710546875,,,False,0.0,False,0.0,False,Seller 013,"Akron, Ohio, United States",OH,,False,False,False,OH,Standard,Modern (14+),42,3410.0,31.343283582089555
57,Apple iPhone 14 Plus (A2632) 256GB - Blue (Unlocked) - *DAMAGED* - Clean IMEI,iPhone 14 Plus,14,False,256.0,256GB,256GB,False,For Parts Or Not Working,Damaged,216.99,$200-399,0.8476171875,,,False,0.0,False,0.0,False,Seller 013,"Akron, Ohio, United States",OH,,False,False,False,OH,Standard,Modern (14+),42,3410.0,31.343283582089555
58,Apple iPhone 14 Plus (A2632) 256GB - Purple (Unlocked) - *DAMAGED* - Clean IMEI,iPhone 14 Plus,14,False,256.0,256GB,256GB,False,For Parts Or Not Working,Damaged,226.99,$200-399,0.8866796875,,,False,0.0,False,0.0,False,Seller 013,"Akron, Ohio, United States",OH,,False,False,False,OH,Standard,Modern (14+),42,3410.0,31.343283582089555
59,Apple iPhone 14 Plus (A2632) 128GB - White (Unlocked) - *DAMAGED* - Clean IMEI,iPhone 14 Plus,14,False,128.0,128GB,128GB,False,For Parts Or Not Working,Damaged,210.99,$200-399,1.648359375,,,False,0.0,False,0.0,False,Seller 013,"Akron, Ohio, United States",OH,,False,False,False,OH,Standard,Modern (14+),42,3410.0,31.343283582089555
60,Apple iPhone 14 Plus (A2632) 128GB - Red (Unlocked) - *DAMAGED* - Clean IMEI,iPhone 14 Plus,14,False,128.0,128GB,128GB,False,For Parts Or Not Working,Damaged,199.99,<$200,1.562421875,,,False,0.0,False,0.0,False,Seller 013,"Akron, Ohio, United States",OH,,False,False,False,OH,Standard,Modern (14+),42,3410.0,31.343283582089555
61,Apple iPhone 14 Plus (A2632) 128GB - Yellow (Unlocked) - *DAMAGED* - Clean IMEI,iPhone 14 Plus,14,False,128.0,128GB,128GB,False,For Parts Or Not Working,Damaged,192.99,<$200,1.507734375,,,False,0.0,False,0.0,False,Seller 013,"Akron, Ohio, United States",OH,,False,False,False,OH,Standard,Modern (14+),42,3410.0,31.343283582089555
62,Apple iPhone 14 Plus (A2632) 128GB - White (Unlocked) - *DAMAGED* - Clean IMEI,iPhone 14 Plus,14,False,128.0,128GB,128GB,False,For Parts Or Not Working,Damaged,199.99,<$200,1.562421875,,,False,0.0,False,0.0,False,Seller 013,"Akron, Ohio, United States",OH,,False,False,False,OH,Standard,Modern (14+),42,3410.0,31.343283582089555
63,Apple iPhone 14 Plus (A2632) 256GB - Purple (Unlocked) - *DAMAGED* - Clean IMEI,iPhone 14 Plus,14,False,256.0,256GB,256GB,False,For Parts Or Not Working,Damaged,216.99,$200-399,0.8476171875,,,False,0.0,False,0.0,False,Seller 013,"Akron, Ohio, United States",OH,,False,False,False,OH,Standard,Modern (14+),42,3410.0,31.343283582089555
64,Apple iPhone 14 Plus (A2632) 128GB - Black (Unlocked) - *DAMAGED* - Clean IMEI,iPhone 14 Plus,14,False,128.0,128GB,128GB,False,For Parts Or Not Working,Damaged,194.99,<$200,1.523359375,,,False,0.0,False,0.0,False,Seller 013,"Akron, Ohio, United States",OH,,False,False,False,OH,Standard,Modern (14+),42,3410.0,31.343283582089555
65,Apple iPhone 14 Plus (A2632) 128GB - Purple (Unlocked) Smartphone - H5379,iPhone 14 Plus,14,False,128.0,128GB,128GB,False,Used,Second-hand,312.99,$200-399,2.445234375,,,False,0.0,False,0.0,False,Seller 013,"Akron, Ohio, United States",OH,,False,False,False,OH,Standard,Modern (14+),42,3410.0,31.343283582089555
66,Apple iPhone 14 Plus (A2632) 128GB - Red (Unlocked) - *DAMAGED* - Clean IMEI,iPhone 14 Plus,14,False,128.0,128GB,128GB,False,For Parts Or Not Working,Damaged,188.99,<$200,1.476484375,,,False,0.0,False,0.0,False,Seller 013,"Akron, Ohio, United States",OH,,False,False,False,OH,Standard,Modern (14+),42,3410.0,31.343283582089555
67,Apple iPhone 14 128 GB Black Unlocked,iPhone 14,14,False,128.0,128GB,128GB,False,Used,Second-hand,274.99,$200-399,2.148359375,,,False,0.0,False,0.0,False,Seller 518,"Powder Springs, Georgia, United States",GA,,False,False,False,GA,Standard,Modern (14+),2,1329.99,21.492537313432834
68,Apple iPhone 14 Plus (A2632) 128GB - Black (Unlocked) - *DAMAGED* - Clean IMEI,iPhone 14 Plus,14,False,128.0,128GB,128GB,False,For Parts Or Not Working,Damaged,190.99,<$200,1.492109375,,,False,0.0,False,0.0,False,Seller 013,"Akron, Ohio, United States",OH,,False,False,False,OH,Standard,Modern (14+),42,3410.0,31.343283582089555
69,Apple iPhone 14 Plus (A2632) 256GB - Black (Unlocked) - *DAMAGED* - Clean IMEI,iPhone 14 Plus,14,False,256.0,256GB,256GB,False,For Parts Or Not Working,Damaged,218.99,$200-399,0.8554296875,,,False,0.0,False,0.0,False,Seller 013,"Akron, Ohio, United States",OH,,False,False,False,OH,Standard,Modern (14+),42,3410.0,31.343283582089555
70,Apple iPhone 14 - 128 GB - Midnight (CA),iPhone 14,14,False,128.0,128GB,128GB,False,Very Good - Refurbished,Refurbished,409.99,$400-599,3.203046875,,,False,10.0,True,0.0,False,Seller 142,"Toronto, Canada",INTL,,False,False,False,INTL,Standard,Modern (14+),16,1329.99,21.492537313432834
71,Apple iPhone 14 Plus (A2632) 128GB - Black (Unlocked) - *DAMAGED* - Clean IMEI,iPhone 14 Plus,14,False,128.0,128GB,128GB,False,For Parts Or Not Working,Damaged,198.99,<$200,1.554609375,,,False,0.0,False,0.0,False,Seller 013,"Akron, Ohio, United States",OH,,False,False,False,OH,Standard,Modern (14+),42,3410.0,31.343283582089555
72,Apple iPhone 14 Plus (A2632) 256GB - Yellow (Unlocked) - *DAMAGED* - Clean IMEI,iPhone 14 Plus,14,False,256.0,256GB,256GB,False,For Parts Or Not Working,Damaged,208.99,$200-399,0.8163671875,,,False,0.0,False,0.0,False,Seller 013,"Akron, Ohio, United States",OH,,False,False,False,OH,Standard,Modern (14+),42,3410.0,31.343283582089555
73,Apple iPhone 14 Plus (A2632) 128GB - Purple (Unlocked) - *DAMAGED* - Clean IMEI,iPhone 14 Plus,14,False,128.0,128GB,128GB,False,For Parts Or Not Working,Damaged,196.99,<$200,1.538984375,,,False,0.0,False,0.0,False,Seller 013,"Akron, Ohio, United States",OH,,False,False,False,OH,Standard,Modern (14+),42,3410.0,31.343283582089555
74,Apple iPhone 12 256GB No Face ID Factory Unlocked Very Good Condition,iPhone 12,12,False,256.0,256GB,256GB,False,Used,Second-hand,195.0,<$200,0.76171875,,,False,0.0,False,0.0,False,Seller 215,"Los Angeles, California, United States",CA,,False,False,False,CA,Standard,Mid-Gen (12-13),23,4428.01,45.073891625615765
75,Apple iPhone 14 - 128 GB - Midnight (Unlocked),iPhone 14,14,False,128.0,128GB,128GB,False,Used,Second-hand,65.0,<$200,0.5078125,,,False,0.0,False,0.0,False,Seller 317,"Louisville, Kentucky, United States",KY,,False,False,False,KY,Standard,Modern (14+),3,1329.99,21.492537313432834
76,Apple IPhone 17 Pro Max UNLOCKED 256GB Orange Esim✅ SHIPS TODAY✅ NEW & SEALED,iPhone 17 Pro Max,17,True,256.0,256GB,256GB,False,New,Second-hand,1399.95,$1300+,5.4685546875,,,False,0.0,False,0.0,False,Seller 096,"United States, United States",INTL,,False,False,False,INTL,Pro,Modern (14+),11,2710.0,8.176100628930817
77,Apple iPhone 17 Pro Max - 1 TB - Cosmic Orange (Unlocked),iPhone 17 Pro Max,17,True,1024.0,1024GB,1024GB,False,New,Second-hand,956.0,$900-1299,0.93359375,,,False,0.0,False,0.0,False,Seller 427,"Castle Rock, Colorado, United States",CO,,False,False,False,CO,Pro,Modern (14+),2,2710.0,8.176100628930817
78,iPhone 12 Promax Unlocked Smartphone 512GB Blue With Tiktok App,iPhone 12 Pro Max,12,True,512.0,512GB,512GB,False,Used,Second-hand,1000.0,$900-1299,1.953125,,,False,0.0,False,0.0,False,Seller 336,"Memphis, Tennessee, United States",TN,,False,False,True,TN,Pro,Mid-Gen (12-13),1,4867.01,4.6875
79,"Apple iPhone 12 Pro Max, 128 GB Unlocked - Used Very Good",iPhone 12 Pro Max,12,True,128.0,128GB,128GB,False,Used,Second-hand,599.99,$400-599,4.687421875,,,False,0.0,False,0.0,False,Seller 149,"Miami, Florida, United States",FL,,False,False,False,FL,Pro,Mid-Gen (12-13),21,4867.01,4.6875
80,"Apple iPhone 12 128GB Unlocked, GSM/CDMA, Purple",iPhone 12,12,False,128.0,128GB,128GB,False,Used,Second-hand,77.0,<$200,0.6015625,,,False,0.0,False,0.0,False,Seller 614,"West Hempstead, New York, United States",NY,,False,False,False,NY,Standard,Mid-Gen (12-13),24,4428.01,45.073891625615765
81,Apple iPhone 14 128 GB Midnight (Unlocked) NEW OTHER RESEALED OPEN BOX,iPhone 14,14,False,128.0,128GB,128GB,False,Open Box,Like New,317.55,$200-399,2.480859375,,,False,2.0,True,0.0,False,Seller 432,"Burbank, California, United States",CA,,False,False,False,CA,Standard,Modern (14+),40,1329.99,21.492537313432834
82,Iphone 17,iPhone 17,17,False,,Tidak Diketahui,,False,Open Box,Like New,650.0,$600-899,,,,False,0.0,False,0.0,False,Seller 315,"Grayslake, Illinois, United States",IL,,False,False,False,IL,Standard,Modern (14+),1,1000.99,7.857142857142857
83,iPhone 17 Air 512gb (white),iPhone 17,17,False,512.0,512GB,512GB,False,Open Box,Like New,1050.0,$900-1299,2.05078125,,,False,0.0,False,0.0,False,Seller 384,"Grand Rapids, Michigan, United States",MI,,False,False,False,MI,Standard,Modern (14+),1,1000.99,7.857142857142857
84,Apple iPhone 12 - 128 GB - Blue (AT&T) A2172 - Works - READ DESCRIPTION,iPhone 12,12,False,128.0,128GB,128GB,False,Used,Second-hand,141.5,<$200,1.10546875,,,False,0.0,False,0.0,False,Seller 077,"North Brunswick, New Jersey, United States",NJ,,False,False,False,NJ,Standard,Mid-Gen (12-13),5,4428.01,45.073891625615765
85,New & Sealed | Apple iPhone 17 Pro Max - 256 GB - Silver (Unlocked),iPhone 17 Pro Max,17,True,256.0,256GB,256GB,False,New,Second-hand,1397.0,$1300+,5.45703125,,,False,2.0,True,0.0,False,Seller 524,"Silver Spring, Maryland, United States",MD,,False,False,False,MD,Pro,Modern (14+),2,2710.0,8.176100628930817
86,Apple iPhone 14 Plus 128GB Unlocked - Excellent,iPhone 14 Plus,14,False,128.0,128GB,128GB,False,Used,Second-hand,90.0,<$200,0.703125,,,False,0.0,False,0.0,False,Seller 010,"Dunkirk, New York, United States",NY,,False,False,False,NY,Standard,Modern (14+),21,3410.0,31.343283582089555
87,iPhone 12 Pro With TikTok App,iPhone 12 Pro,12,True,,Tidak Diketahui,,False,Used,Second-hand,5000.0,$1300+,,,,False,0.0,False,0.0,False,Seller 325,"Newark, New Jersey, United States",NJ,,False,False,True,NJ,Pro,Mid-Gen (12-13),5,4685.89,10.0
88,Apple iPhone 12 Pro Max - 512 GB - Blue (Unlocked),iPhone 12 Pro Max,12,True,512.0,512GB,512GB,False,Used,Second-hand,385.0,$200-399,0.751953125,,,False,0.0,False,0.0,False,Seller 669,"Bellport, New York, United States",NY,,False,False,False,NY,Pro,Mid-Gen (12-13),22,4867.01,4.6875
89,Apple iPhone 13 - 256 GB - White (Unlocked),iPhone 13,13,False,256.0,256GB,256GB,False,Used,Second-hand,4500.0,$1300+,17.578125,,,False,0.0,False,0.0,False,Seller 322,"Sacramento, California, United States",CA,,False,False,False,CA,Standard,Mid-Gen (12-13),22,4935.0,20.909090909090907
90,TikTok Apple iPhone 12 Pro (Unlocked),iPhone 12 Pro,12,True,,Tidak Diketahui,,False,Used,Second-hand,5000.0,$1300+,,,,False,0.0,False,0.0,False,Seller 335,"Milwaukee, Wisconsin, United States",WI,,False,False,True,WI,Pro,Mid-Gen (12-13),1,4685.89,10.0
91,iPhone 13 with TikTok installed,iPhone 13,13,False,,Tidak Diketahui,,False,Used,Second-hand,800.0,$600-899,,,,False,0.0,False,0.0,False,Seller 444,"Hatfield, Pennsylvania, United States",PA,,False,False,True,PA,Standard,Mid-Gen (12-13),3,4935.0,20.909090909090907
92,Apple iPhone 14 - 128 GB - Midnight (Unlocked),iPhone 14,14,False,128.0,128GB,128GB,False,Used,Second-hand,429.99,$400-599,3.359296875,,,False,10.0,True,0.0,False,Seller 330,"Paramount, California, United States",CA,,False,False,False,CA,Standard,Modern (14+),40,1329.99,21.492537313432834
93,Lot of 10 iPhone 14 Plus 128GB Unlocked (Mint Condition),iPhone 14 Plus,14,False,128.0,128GB,128GB,False,Used,Second-hand,3500.0,$1300+,,,,False,0.0,False,0.0,False,Seller 329,"Staten Island, New York, United States",NY,,False,True,False,NY,Standard,Modern (14+),21,3410.0,31.343283582089555
94,iPhone 16 128GB Unlocked Excellent Condition,iPhone 16,16,False,128.0,128GB,128GB,False,Open Box,Like New,643.99,$600-899,5.031171875,,,False,0.0,False,0.0,False,Seller 458,"West New York, New Jersey, United States",NJ,,False,False,False,NJ,Standard,Modern (14+),4,639.5,7.207207207207207
95,Apple iPhone 17 Pro Max - 2 TB - Deep Blue (Unlocked),iPhone 17 Pro Max,17,True,2048.0,2048GB,2048GB,False,New,Second-hand,1900.0,$1300+,0.927734375,,,False,0.0,False,0.0,False,Seller 497,"Spring, Texas, United States",TX,,False,False,False,TX,Pro,Modern (14+),19,2710.0,8.176100628930817
96,Lot of 4 iPhone 14 128GB/256GB Unlocked (Great Condition),iPhone 14,14,False,128.0,128GB,128GB|256GB,False,Used,Second-hand,1200.0,$900-1299,,,,False,0.0,False,0.0,False,Seller 329,"Staten Island, New York, United States",NY,,False,True,False,NY,Standard,Modern (14+),29,1329.99,21.492537313432834
97,Apple iPhone 13 - 128 GB - Midnight (Unlocked),iPhone 13,13,False,128.0,128GB,128GB,False,Used,Second-hand,173.5,<$200,1.35546875,,,False,0.0,False,0.0,False,Seller 492,"New Castle, Delaware, United States",DE,,False,False,False,DE,Standard,Mid-Gen (12-13),1,4935.0,20.909090909090907
98,Apple iPhone 14 Pro Max 128GB White,iPhone 14 Pro Max,14,True,128.0,128GB,128GB,False,Used,Second-hand,500.0,$400-599,3.90625,,,False,0.0,False,0.0,False,Seller 268,"Batesville, Mississippi, United States",MS,,False,False,False,MS,Pro,Modern (14+),1,2750.0,8.085106382978724
99,NEW APPLE IPHONE 16 UNLOCKED 128GB BLACK 100% BATTERY APPLE WARRANTY UNTIL 10/26,iPhone 16,16,False,128.0,128GB,128GB,False,New,Second-hand,599.0,$400-599,4.6796875,,,False,0.0,False,0.0,False,Seller 097,"Baldwin, New York, United States",NY,,False,False,False,NY,Standard,Modern (14+),19,639.5,7.207207207207207
100,Apple iPhone 16 - 128GB - Black (Unlocked) - NEW & SEALED,iPhone 16,16,False,128.0,128GB,128GB,False,New,Second-hand,625.0,$600-899,4.8828125,,,False,0.0,False,0.0,False,Seller 248,"West Hollywood, California, United States",CA,,False,False,False,CA,Standard,Modern (14+),14,639.5,7.207207207207207
101,Apple iPhone 14 eSIM 128GB Midnight Unlocked Clean IMEI,iPhone 14,14,False,128.0,128GB,128GB,False,Used,Second-hand,200.0,$200-399,1.5625,,,False,0.0,False,0.0,False,Seller 340,"Anaheim, California, United States",CA,,False,False,False,CA,Standard,Modern (14+),40,1329.99,21.492537313432834
102,Unlocked Apple iPhone 12 Pro Max 128GB Blue Cracked Front Glass 73% Battery,iPhone 12 Pro Max,12,True,128.0,128GB,128GB,False,For Parts Or Not Working,Damaged,210.0,$200-399,1.640625,,,False,0.0,False,0.0,False,Seller 104,"South Bend, Indiana, United States",IN,,False,False,False,IN,Pro,Mid-Gen (12-13),1,4867.01,4.6875
103,Jailbroken IPhone 12 Pro Max 256gb (Unlocked) RARE iOS 16.1 (READ DESCRIPTION),iPhone 12 Pro Max,12,True,256.0,256GB,256GB,False,Used,Second-hand,790.0,$600-899,3.0859375,,,False,0.0,False,0.0,False,Seller 592,"Jersey City, New Jersey, United States",NJ,,False,False,False,NJ,Pro,Mid-Gen (12-13),8,4867.01,4.6875
104,Apple iPhone 12 Pro Max - 512 GB - All colors (Unlocked) used with cosmetic wear,iPhone 12 Pro Max,12,True,512.0,512GB,512GB,False,Used,Second-hand,299.99,$200-399,0.58591796875,,,False,1.0,True,0.0,False,Seller 649,"Brooklyn, New York, United States",NY,,False,False,False,NY,Pro,Mid-Gen (12-13),22,4867.01,4.6875
105,Apple iPhone 12 - 64 GB - Green (Unlocked) Excellent condition but no face id,iPhone 12,12,False,64.0,64GB,64GB,False,Used,Second-hand,149.99,<$200,2.34359375,,,False,0.0,False,0.0,False,Seller 649,"Brooklyn, New York, United States",NY,,False,False,False,NY,Standard,Mid-Gen (12-13),24,4428.01,45.073891625615765
106,Apple iPhone 12 BLACK 64GB Unlocked -Battery 100% Very Good 22,iPhone 12,12,False,64.0,64GB,64GB,False,Used,Second-hand,209.99,$200-399,3.28109375,,,False,0.0,False,0.0,False,Seller 465,"Kissimmee, Florida, United States",FL,,False,False,False,FL,Standard,Mid-Gen (12-13),18,4428.01,45.073891625615765
107,Apple iPhone 14 Plus 128 GB unlocked all colors fully working with cosmetic wear,iPhone 14 Plus,14,False,128.0,128GB,128GB,False,Used,Second-hand,249.99,$200-399,1.953046875,,,False,2.0,True,3.0,True,Seller 649,"Brooklyn, New York, United States",NY,,False,False,False,NY,Standard,Modern (14+),21,3410.0,31.343283582089555
108,Apple iPhone 14 Plus - 512 GB - All colors (Unlocked) used tested cosmetic wear,iPhone 14 Plus,14,False,512.0,512GB,512GB,False,Used,Second-hand,309.99,$200-399,0.60544921875,,,False,2.0,True,1.0,True,Seller 649,"Brooklyn, New York, United States",NY,,False,False,False,NY,Standard,Modern (14+),21,3410.0,31.343283582089555
109,Apple iPhone 14 Pro Max 1tb unlocked all colors fully working with cosmetic wear,iPhone 14 Pro Max,14,True,1024.0,1024GB,1024GB,False,Used,Second-hand,469.99,$400-599,0.458974609375,,,False,2.0,True,0.0,False,Seller 649,"Brooklyn, New York, United States",NY,,False,False,False,NY,Pro,Modern (14+),31,2750.0,8.085106382978724
110,Apple iPhone 17 Pro Max - 1 TB - Deep Blue (Unlocked),iPhone 17 Pro Max,17,True,1024.0,1024GB,1024GB,False,New,Second-hand,670.0,$600-899,0.654296875,,,False,0.0,False,0.0,False,Seller 225,"Mount Pleasant, Michigan, United States",MI,,False,False,False,MI,Pro,Modern (14+),4,2710.0,8.176100628930817
111,Apple iPhone 17 Pro Max - 1 TB - Cosmic Orange (Unlocked),iPhone 17 Pro Max,17,True,1024.0,1024GB,1024GB,False,New,Second-hand,710.0,$600-899,0.693359375,,,False,0.0,False,0.0,False,Seller 513,"Dallas, Texas, United States",TX,,False,False,False,TX,Pro,Modern (14+),19,2710.0,8.176100628930817
112,Apple iPhone 14 Plus 128GB White - Unlocked For Parts Or Repair - Cracked Screen,iPhone 14 Plus,14,False,128.0,128GB,128GB,False,For Parts Or Not Working,Damaged,239.0,$200-399,1.8671875,,,False,0.0,False,0.0,False,Seller 214,"Watertown, Wisconsin, United States",WI,,False,False,False,WI,Standard,Modern (14+),2,3410.0,31.343283582089555
113,Apple iPhone 13 Midnight 128GB Factory Unlocked (Excellent Condition),iPhone 13,13,False,128.0,128GB,128GB,False,Used,Second-hand,315.0,$200-399,2.4609375,,,False,0.0,False,0.0,False,Seller 572,"Smithtown, New York, United States",NY,,False,False,False,NY,Standard,Mid-Gen (12-13),27,4935.0,20.909090909090907
114,iPhone 13 Unlocked 128GB Excellent Condition Preowned,iPhone 13,13,False,128.0,128GB,128GB,False,Used,Second-hand,310.0,$200-399,2.421875,,,False,0.0,False,0.0,False,Seller 689,"Leander, Texas, United States",TX,,False,False,False,TX,Standard,Mid-Gen (12-13),141,4935.0,20.909090909090907
115,Apple iPhone 17 Pro Max A3257 512GB Unlocked Very Good Condition,iPhone 17 Pro Max,17,True,512.0,512GB,512GB,False,Open Box,Like New,1450.0,$1300+,2.83203125,,,False,0.0,False,0.0,False,Seller 258,"San Francisco, California, United States",CA,,False,False,False,CA,Pro,Modern (14+),25,2710.0,8.176100628930817
116,iPhone 17 256 Black Unlocked,iPhone 17,17,False,,Tidak Diketahui,,False,Open Box,Like New,770.0,$600-899,,,,False,0.0,False,0.0,False,Seller 070,"Lakewood, New Jersey, United States",NJ,,False,False,False,NJ,Standard,Modern (14+),2,1000.99,7.857142857142857
117,iPhone 17,iPhone 17,17,False,,Tidak Diketahui,,False,New,Second-hand,680.0,$600-899,,,,False,0.0,False,0.0,False,Seller 447,"Grovetown, Georgia, United States",GA,,False,False,False,GA,Standard,Modern (14+),1,1000.99,7.857142857142857
118,Brand New Apple iPhone 17E – Black – T-Mobile Locked,iPhone 17,17,False,,Tidak Diketahui,,False,Open Box,Like New,699.0,$600-899,,,,False,0.0,False,0.0,False,Seller 369,"Palm City, Florida, United States",FL,,False,False,False,FL,Standard,Modern (14+),10,1000.99,7.857142857142857
119,Apple iPhone 17 Pro Max - 512 GB - Silver (Unlocked),iPhone 17 Pro Max,17,True,512.0,512GB,512GB,False,New,Second-hand,650.0,$600-899,1.26953125,,,False,0.0,False,0.0,False,Seller 594,"Tuscaloosa, Alabama, United States",AL,,False,False,False,AL,Pro,Modern (14+),2,2710.0,8.176100628930817
120,iPhone 12 Black - 64GB - Factory Unlocked - Excellent Condition! 100% Battery,iPhone 12,12,False,64.0,64GB,64GB,False,Used,Second-hand,199.99,<$200,3.12484375,,,False,0.0,False,0.0,False,Seller 654,"Lockport, Illinois, United States",IL,,False,False,False,IL,Standard,Mid-Gen (12-13),6,4428.01,45.073891625615765
121,Apple iPhone 12 Pro Max - 512 GB - Blue (Unlocked),iPhone 12 Pro Max,12,True,512.0,512GB,512GB,False,Used,Second-hand,1000.0,$900-1299,1.953125,,,False,0.0,False,0.0,False,Seller 228,"Johnston, South Carolina, United States",SC,,False,False,False,SC,Pro,Mid-Gen (12-13),1,4867.01,4.6875
122,Apple iPhone 14 Pro Max 1TB Space Black Unlocked Great Condition,iPhone 14 Pro Max,14,True,1024.0,1024GB,1024GB,False,Used,Second-hand,699.99,$600-899,0.683583984375,,,False,0.0,False,0.0,False,Seller 216,"Plainfield, New Jersey, United States",NJ,,False,False,False,NJ,Pro,Modern (14+),73,2750.0,8.085106382978724
123,Apple iPhone 14 - 128 GB - Unlocked - Physical SIM - 100% BH Excellent Condition,iPhone 14,14,False,128.0,128GB,128GB,False,Used,Second-hand,574.0,$400-599,4.484375,,,False,0.0,False,0.0,False,Seller 113,"Toronto, Ontario, Canada",INTL,,False,False,False,INTL,Standard,Modern (14+),16,1329.99,21.492537313432834
124,Apple iPhone 13 256GB -FOR PARTS OR REPAIR,iPhone 13,13,False,256.0,256GB,256GB,False,For Parts Or Not Working,Damaged,229.0,$200-399,0.89453125,,,False,0.0,False,0.0,False,Seller 480,"Costa Mesa, California, United States",CA,,False,False,False,CA,Standard,Mid-Gen (12-13),22,4935.0,20.909090909090907
125,Apple iPhone 14 Plus,iPhone 14 Plus,14,False,,Tidak Diketahui,,False,Used,Second-hand,550.0,$400-599,,,,False,0.0,False,0.0,False,Seller 439,"Parker, Arizona, United States",AZ,,False,False,False,AZ,Standard,Modern (14+),2,3410.0,31.343283582089555
126,UNLOCKED Apple IPHONE 12 Pro Max 128GB Gold,iPhone 12 Pro Max,12,True,128.0,128GB,128GB,False,Used,Second-hand,329.0,$200-399,2.5703125,,,False,0.0,False,0.0,False,Seller 076,"Fort Lauderdale, Florida, United States",FL,,False,False,False,FL,Pro,Mid-Gen (12-13),21,4867.01,4.6875
127,Apple iPhone 12 PRO MAX 512GB A2342 Unlocked Silver Sealed in box by Apple,iPhone 12 Pro Max,12,True,512.0,512GB,512GB,False,Used,Second-hand,499.99,$400-599,0.97654296875,,,False,0.0,False,0.0,False,Seller 333,"Edison, New Jersey, United States",NJ,,False,False,False,NJ,Pro,Mid-Gen (12-13),8,4867.01,4.6875
128,"Apple iPhone 13 128GB, Unlocked, Midnight",iPhone 13,13,False,128.0,128GB,128GB,False,Used,Second-hand,250.0,$200-399,1.953125,,,False,0.0,False,0.0,False,Seller 372,"Pensacola, Florida, United States",FL,,False,False,False,FL,Standard,Mid-Gen (12-13),28,4935.0,20.909090909090907
129,Apple iPhone 13 | 256GB | Unlocked | Grade C | READ,iPhone 13,13,False,256.0,256GB,256GB,False,Used,Second-hand,313.0,$200-399,1.22265625,,,False,0.0,False,0.0,False,Seller 068,"Portland, Oregon, United States",OR,,False,False,False,OR,Standard,Mid-Gen (12-13),1,4935.0,20.909090909090907
130,Apple iPhone 13 mini Blue 128GB Factory Unlocked MLAD3LL/A with Box,iPhone 13 Mini,13,False,128.0,128GB,128GB,False,Used,Second-hand,215.0,$200-399,1.6796875,,,False,0.0,False,0.0,False,Seller 585,"Payson, Utah, United States",UT,,False,False,False,UT,Standard,Mid-Gen (12-13),1,491.95,6.462585034013606
131,Apple iPhone 16 256GB A3081 XFinity Mobile Only 256GB Ultramarine **OPEN BOX**,iPhone 16,16,False,256.0,256GB,256GB,False,Open Box,Like New,499.0,$400-599,1.94921875,,,False,0.0,False,0.0,False,Seller 198,"Kensington, Maryland, United States",MD,,False,False,False,MD,Standard,Modern (14+),6,639.5,7.207207207207207
132,Apple iPhone 17 Pro Max - 256 GB - Cosmic Orange (Unlocked),iPhone 17 Pro Max,17,True,256.0,256GB,256GB,False,New,Second-hand,610.0,$600-899,2.3828125,,,False,0.0,False,0.0,False,Seller 609,"Allentown, Pennsylvania, United States",PA,,False,False,False,PA,Pro,Modern (14+),5,2710.0,8.176100628930817
133,FACTORY NEW SEALED APPLE IPHONE 14 PRO MAX 128/256/512GB 1TB UNLOCKED GSM CDMA,iPhone 14 Pro Max,14,True,512.0,512GB,512GB|1024GB,False,New,Second-hand,675.99,$600-899,1.32029296875,,,False,2.0,True,0.0,False,Seller 560,"Brooklyn, New York, United States",NY,,False,False,False,NY,Pro,Modern (14+),31,2750.0,8.085106382978724
134,NEW SEALED APPLE IPHONE 14 PRO MAX 128/256/512GB 1TB FACTORY UNLOCKED SMARTPHONE,iPhone 14 Pro Max,14,True,512.0,512GB,512GB|1024GB,False,New,Second-hand,675.99,$600-899,1.32029296875,,,False,2.0,True,0.0,False,Seller 560,"Brooklyn, New York, United States",NY,,False,False,False,NY,Pro,Modern (14+),31,2750.0,8.085106382978724
135,Apple iPhone 12 Black 64GB Factory Unlocked,iPhone 12,12,False,64.0,64GB,64GB,False,Used,Second-hand,200.0,$200-399,3.125,,,False,0.0,False,0.0,False,Seller 569,"West Warwick, Rhode Island, United States",RI,,False,False,False,RI,Standard,Mid-Gen (12-13),2,4428.01,45.073891625615765
136,Brand New Sealed Apple iPhone 17 - 256GB - Black (T-Mobile),iPhone 17,17,False,256.0,256GB,256GB,False,New,Second-hand,699.99,$600-899,2.7343359375,,,False,0.0,False,0.0,False,Seller 100,"Waterville, Maine, United States",ME,,False,False,False,ME,Standard,Modern (14+),4,1000.99,7.857142857142857
137,"Apple iPhone 13 pr Read for Parts only. Networking, Defected ￼￼",iPhone 13,13,False,,Tidak Diketahui,,False,For Parts Or Not Working,Damaged,414.0,$400-599,,,,False,0.0,False,0.0,False,Seller 462,"Chicopee, Massachusetts, United States",MA,,False,False,False,MA,Standard,Mid-Gen (12-13),1,4935.0,20.909090909090907
138,Apple iPhone 17 Pro Max - 2 TB - Deep Blue (Unlocked),iPhone 17 Pro Max,17,True,2048.0,2048GB,2048GB,False,Open Box,Like New,1749.0,$1300+,0.85400390625,,,False,0.0,False,0.0,False,Seller 352,"Irvine, California, United States",CA,,False,False,False,CA,Pro,Modern (14+),25,2710.0,8.176100628930817
139,"Apple iPhone 13, 128 - Fully Unlocked - Used - All colors (REED DESCRIPTION.)",iPhone 13,13,False,,Tidak Diketahui,,False,Used,Second-hand,211.31,$200-399,,,,False,0.0,False,0.0,False,Seller 411,"Huntersville, North Carolina, United States",NC,,False,False,False,NC,Standard,Mid-Gen (12-13),3,4935.0,20.909090909090907
140,iPhone 12 64 GB,iPhone 12,12,False,64.0,64GB,64GB,False,New,Second-hand,102.5,<$200,1.6015625,,,False,0.0,False,0.0,False,Seller 554,"Mastic, New York, United States",NY,,False,False,False,NY,Standard,Mid-Gen (12-13),24,4428.01,45.073891625615765
141,Apple iPhone 17 - 512 GB - Lavender (Unlocked),iPhone 17,17,False,512.0,512GB,512GB,False,New,Second-hand,399.0,$200-399,0.779296875,,,False,5.0,True,0.0,False,Seller 431,"Fort Worth, Texas, United States",TX,,False,False,False,TX,Standard,Modern (14+),23,1000.99,7.857142857142857
142,Apple iPhone 17 Pro Max - 256 GB - Silver (Unlocked),iPhone 17 Pro Max,17,True,256.0,256GB,256GB,False,New,Second-hand,799.28,$600-899,3.1221875,,,False,3.0,True,0.0,False,Seller 233,"Sandy, Utah, United States",UT,,False,False,False,UT,Pro,Modern (14+),2,2710.0,8.176100628930817
143,Iphone 13 With Ticktok Downloaded,iPhone 13,13,False,,Tidak Diketahui,,False,Used,Second-hand,2500.0,$1300+,,,,False,0.0,False,0.0,False,Seller 584,"Buffalo, New York, United States",NY,,False,False,False,NY,Standard,Mid-Gen (12-13),27,4935.0,20.909090909090907
144,Apple iPhone 14 Plus - 128GB - Blue (Fully Unlocked) - NO Front camera,iPhone 14 Plus,14,False,128.0,128GB,128GB,False,Used,Second-hand,269.95,$200-399,2.108984375,,,False,0.0,False,0.0,False,Seller 167,"Pompano Beach, Florida, United States",FL,,False,False,False,FL,Standard,Modern (14+),16,3410.0,31.343283582089555
145,Apple iPhone 13 - 128GB - Midnight Factory Unlocked - LCD dot,iPhone 13,13,False,128.0,128GB,128GB,False,Used,Second-hand,249.94,$200-399,1.95265625,,,False,0.0,False,0.0,False,Seller 167,"Pompano Beach, Florida, United States",FL,,False,False,False,FL,Standard,Mid-Gen (12-13),28,4935.0,20.909090909090907
146,New Apple iPhone 17 256GB Black Unlocked *Never Used* 1-Yr Apple Warranty,iPhone 17,17,False,256.0,256GB,256GB,False,Open Box,Like New,799.99,$600-899,3.1249609375,,,False,0.0,False,1.0,True,Seller 348,"Oakland Gardens, New York, United States",NY,,False,False,False,NY,Standard,Modern (14+),20,1000.99,7.857142857142857
147,Apple iPhone 13 Mini - 128GB - Midnight Factory Unlocked - Tiny Back C dmg,iPhone 13 Mini,13,False,128.0,128GB,128GB,False,Used,Second-hand,189.94,<$200,1.48390625,,,False,0.0,False,0.0,False,Seller 167,"Pompano Beach, Florida, United States",FL,,False,False,False,FL,Standard,Mid-Gen (12-13),9,491.95,6.462585034013606
148,Apple iPhone 13 Mini - 128GB - Pink (Factory Unlocked) - (Battery Health 60-75%),iPhone 13 Mini,13,False,128.0,128GB,128GB,False,Used,Second-hand,199.93,<$200,1.561953125,,,False,0.0,False,0.0,False,Seller 167,"Pompano Beach, Florida, United States",FL,,False,False,False,FL,Standard,Mid-Gen (12-13),9,491.95,6.462585034013606
149,Apple iPhone 13 - 256GB - Midnight Factory Unlocked - Battery 60-75%,iPhone 13,13,False,256.0,256GB,256GB,False,Used,Second-hand,249.0,$200-399,0.97265625,,,False,0.0,False,0.0,False,Seller 167,"Pompano Beach, Florida, United States",FL,,False,False,False,FL,Standard,Mid-Gen (12-13),28,4935.0,20.909090909090907
150,Apple iPhone 14 Plus Midnight - 128GB - Unlocked - Battery 60-75%,iPhone 14 Plus,14,False,128.0,128GB,128GB,False,Used,Second-hand,279.0,$200-399,2.1796875,,,False,0.0,False,0.0,False,Seller 167,"Pompano Beach, Florida, United States",FL,,False,False,False,FL,Standard,Modern (14+),16,3410.0,31.343283582089555
151,Apple iPhone 13 - 256GB - Midnight Factory Unlocked - Good Condition,iPhone 13,13,False,256.0,256GB,256GB,False,Used,Second-hand,299.0,$200-399,1.16796875,,,False,4.0,True,0.0,False,Seller 167,"Pompano Beach, Florida, United States",FL,,False,False,False,FL,Standard,Mid-Gen (12-13),28,4935.0,20.909090909090907
152,iphone 16 - 128 Gb -Unlocked- Clean IMEI-Ships Fast !! Excellent Condition,iPhone 16,16,False,128.0,128GB,128GB,False,Open Box,Like New,575.0,$400-599,4.4921875,,,False,0.0,False,0.0,False,Seller 237,"White Plains, New York, United States",NY,,False,False,False,NY,Standard,Modern (14+),19,639.5,7.207207207207207
153,Apple iPhone 16 - 128 GB - Ultra Blue (Unlocked) Clean IMEI- Excellent condition,iPhone 16,16,False,128.0,128GB,128GB,False,Open Box,Like New,575.0,$400-599,4.4921875,,,False,0.0,False,0.0,False,Seller 237,"White Plains, New York, United States",NY,,False,False,False,NY,Standard,Modern (14+),19,639.5,7.207207207207207
154,iphone 16 128gb-Unlocked- Clean IMEI-Ships Fast!! Excellent Condition!!,iPhone 16,16,False,128.0,128GB,128GB,False,Open Box,Like New,575.0,$400-599,4.4921875,,,False,0.0,False,0.0,False,Seller 237,"White Plains, New York, United States",NY,,False,False,False,NY,Standard,Modern (14+),19,639.5,7.207207207207207
155,"New Open Box Apple iPhone 17 256GB Black Unlocked (100% Battery, Cycle 18)",iPhone 17,17,False,256.0,256GB,256GB,False,Open Box,Like New,759.99,$600-899,2.9687109375,,,False,0.0,False,0.0,False,Seller 348,"Oakland Gardens, New York, United States",NY,,False,False,False,NY,Standard,Modern (14+),20,1000.99,7.857142857142857
156,"New Open Box Apple iPhone 17 256GB Black Unlocked (100% Battery, Cycle 9)",iPhone 17,17,False,256.0,256GB,256GB,False,Open Box,Like New,759.99,$600-899,2.9687109375,,,False,0.0,False,0.0,False,Seller 348,"Oakland Gardens, New York, United States",NY,,False,False,False,NY,Standard,Modern (14+),20,1000.99,7.857142857142857
157,Apple iPhone 12 Pro Max A2342 256GB - Unlocked - 100% Battery - Graphite - Fair,iPhone 12 Pro Max,12,True,256.0,256GB,256GB,False,Very Good - Refurbished,Refurbished,357.69,$200-399,1.3972265625,510.99,30.0,True,0.0,False,0.0,False,Seller 205,"Mahwah, New Jersey, United States",NJ,,False,False,False,NJ,Pro,Mid-Gen (12-13),8,4867.01,4.6875
158,New *Sealed* Apple iPhone 17 Pro Max 1TB Silver Unlocked 1-Year Apple Warranty,iPhone 17 Pro Max,17,True,1024.0,1024GB,1024GB,False,New,Second-hand,1699.99,$1300+,1.660146484375,,,False,3.0,True,2.0,True,Seller 348,"Oakland Gardens, New York, United States",NY,,False,False,False,NY,Pro,Modern (14+),14,2710.0,8.176100628930817
159,Smartphone Apple iPhone 13 Blanco Starlight A2482 Doble Cámara 5G iOS - Muy Bueno-,iPhone 13,13,False,,Tidak Diketahui,,False,Used,Second-hand,249.0,$200-399,,,,False,0.0,False,0.0,False,Seller 474,"Downers Grove, Illinois, Estados Unidos",IL,,False,False,False,IL,Standard,Mid-Gen (12-13),5,4935.0,20.909090909090907
160,"Apple iPhone 14 Plus, Unlocked, 128GB, Cracked f/b - Screen OUT, Clean IMEI",iPhone 14 Plus,14,False,128.0,128GB,128GB,False,For Parts Or Not Working,Damaged,199.99,<$200,1.562421875,,,False,0.0,False,0.0,False,Seller 056,"Kew Gardens, New York, United States",NY,,False,False,False,NY,Standard,Modern (14+),21,3410.0,31.343283582089555
161,Apple iPhone 13 128GB Midnight (Unlocked) A2161 Smartphone Clean ESN,iPhone 13,13,False,128.0,128GB,128GB,False,Used,Second-hand,240.0,$200-399,1.875,,,False,0.0,False,0.0,False,Seller 430,"Minneapolis, Minnesota, United States",MN,,False,False,False,MN,Standard,Mid-Gen (12-13),1,4935.0,20.909090909090907
162,New Apple iPhone 16 128GB Black Unlocked (Never Used) 1-Year Apple Warranty,iPhone 16,16,False,128.0,128GB,128GB,False,New,Second-hand,629.99,$600-899,4.921796875,,,False,10.0,True,0.0,False,Seller 348,"Flushing, New York, United States",NY,,False,False,False,NY,Standard,Modern (14+),19,639.5,7.207207207207207
163,New Sealed Apple iPhone 17 256GB White Unlocked 1-Year Apple Warranty *Sealed*,iPhone 17,17,False,256.0,256GB,256GB,False,New,Second-hand,849.99,$600-899,3.3202734375,,,False,0.0,False,1.0,True,Seller 348,"Oakland Gardens, New York, United States",NY,,False,False,False,NY,Standard,Modern (14+),20,1000.99,7.857142857142857
164,Apple iPhone 16 - 256 GB - Black (Unlocked)-Clean IMEI-Ships FAST!,iPhone 16,16,False,256.0,256GB,256GB,False,Open Box,Like New,650.0,$600-899,2.5390625,,,False,0.0,False,0.0,False,Seller 237,"White Plains, New York, United States",NY,,False,False,False,NY,Standard,Modern (14+),19,639.5,7.207207207207207
165,iphone 17 unlocked 256gb,iPhone 17,17,False,256.0,256GB,256GB,False,New,Second-hand,1100.0,$900-1299,4.296875,,,False,0.0,False,0.0,False,Seller 310,"Mount Pearl, Newfoundland And Labrador, Canada",INTL,,False,False,False,INTL,Standard,Modern (14+),12,1000.99,7.857142857142857
166,New Open Box Apple iPhone 17 256GB White Unlocked Never Used *Never Activated*,iPhone 17,17,False,256.0,256GB,256GB,False,Open Box,Like New,779.99,$600-899,3.0468359375,,,False,3.0,True,0.0,False,Seller 348,"Oakland Gardens, New York, United States",NY,,False,False,False,NY,Standard,Modern (14+),20,1000.99,7.857142857142857
167,New Sealed Apple iPhone 17 Pro Max 256GB Orange Factory Unlocked *Sealed*,iPhone 17 Pro Max,17,True,256.0,256GB,256GB,False,New,Second-hand,1399.99,$1300+,5.4687109375,,,False,0.0,False,0.0,False,Seller 348,"Oakland Gardens, New York, United States",NY,,False,False,False,NY,Pro,Modern (14+),14,2710.0,8.176100628930817
168,"Open Box Apple iPhone 16 128GB Teal Unlocked (100% Battery, Cycle 52) Flawless",iPhone 16,16,False,128.0,128GB,128GB,False,Open Box,Like New,569.99,$400-599,4.453046875,,,False,0.0,False,0.0,False,Seller 348,"Oakland Gardens, New York, United States",NY,,False,False,False,NY,Standard,Modern (14+),19,639.5,7.207207207207207
169,iPhone 17 Air 256GB Unlocked Sky Blue Open Box New - 100% Battery,iPhone 17,17,False,256.0,256GB,256GB,False,Open Box,Like New,925.0,$900-1299,3.61328125,,,False,0.0,False,0.0,False,Seller 088,"Waterville, Maine, United States",ME,,False,False,False,ME,Standard,Modern (14+),4,1000.99,7.857142857142857
170,iPhone 17 Air 256GB Unlocked Gold Open Box New - 100% Battery,iPhone 17,17,False,256.0,256GB,256GB,False,Open Box,Like New,925.0,$900-1299,3.61328125,,,False,0.0,False,0.0,False,Seller 088,"Waterville, Maine, United States",ME,,False,False,False,ME,Standard,Modern (14+),4,1000.99,7.857142857142857
171,Apple iPhone 17 Pro Max 256GB (US Cellular Only) 100% Battery *Not Unlocked*,iPhone 17 Pro Max,17,True,256.0,256GB,256GB,False,Open Box,Like New,1000.0,$900-1299,3.90625,,,False,0.0,False,0.0,False,Seller 088,"Waterville, Maine, United States",ME,,False,False,False,ME,Pro,Modern (14+),3,2710.0,8.176100628930817
172,Apple iPhone 12 Pro Max Gold 128GB Unlocked - Battery Issue/Heavy Burn-In,iPhone 12 Pro Max,12,True,128.0,128GB,128GB,False,For Parts Or Not Working,Damaged,387.59,$200-399,3.028046875,,,False,0.0,False,0.0,False,Seller 084,"Sanford, Florida, United States",FL,,False,False,False,FL,Pro,Mid-Gen (12-13),21,4867.01,4.6875
173,Apple iPhone 12 Pro Max Pacific Blue 512GB Unlocked - Good w/ Severe Burn In,iPhone 12 Pro Max,12,True,512.0,512GB,512GB,False,For Parts Or Not Working,Damaged,326.39,$200-399,0.63748046875,,,False,0.0,False,0.0,False,Seller 084,"Sanford, Florida, United States",FL,,False,False,False,FL,Pro,Mid-Gen (12-13),21,4867.01,4.6875
174,Apple iPhone 14 Plus Blue 256GB Unlocked - Very Good w/ Bezel Discoloration,iPhone 14 Plus,14,False,256.0,256GB,256GB,False,Used,Second-hand,377.39,$200-399,1.4741796875,,,False,0.0,False,0.0,False,Seller 084,"Sanford, Florida, United States",FL,,False,False,False,FL,Standard,Modern (14+),16,3410.0,31.343283582089555
175,Apple iPhone 14 Plus Midnight 128GB Unlocked - Fair Condition w/ Cracked Back,iPhone 14 Plus,14,False,128.0,128GB,128GB,False,For Parts Or Not Working,Damaged,275.39,$200-399,2.151484375,,,False,0.0,False,0.0,False,Seller 084,"Sanford, Florida, United States",FL,,False,False,False,FL,Standard,Modern (14+),16,3410.0,31.343283582089555
176,Apple iPhone 14 Pro Max Space Black 512GB Unlocked - Very Good w/ Bad Mics,iPhone 14 Pro Max,14,True,512.0,512GB,512GB,False,For Parts Or Not Working,Damaged,489.59,$400-599,0.95623046875,,,False,0.0,False,0.0,False,Seller 084,"Sanford, Florida, United States",FL,,False,False,False,FL,Pro,Modern (14+),30,2750.0,8.085106382978724
177,Unlocked Apple iPhone 14 Pro Max 256GB Cracked Back/Charging Port READ,iPhone 14 Pro Max,14,True,256.0,256GB,256GB,False,For Parts Or Not Working,Damaged,399.99,$200-399,1.5624609375,,,False,0.0,False,0.0,False,Seller 181,"Donaldsonville, Louisiana, United States",LA,,False,False,False,LA,Pro,Modern (14+),2,2750.0,8.085106382978724
178,Apple iPhone 16 128GB Teal Unlocked - NEW & SEALED,iPhone 16,16,False,128.0,128GB,128GB,False,New,Second-hand,699.99,$600-899,5.468671875,,,False,0.0,False,0.0,False,Seller 084,"Sanford, FL, United States",FL,,False,False,False,FL,Standard,Modern (14+),25,639.5,7.207207207207207
179,Apple iPhone 17 Pro Max 2TB Unlocked Very Good Condition - All Colors,iPhone 17 Pro Max,17,True,2048.0,2048GB,2048GB,False,Very Good - Refurbished,Refurbished,2349.99,$1300+,1.1474560546875,,,False,1.0,True,0.0,False,Seller 084,"Sanford, Florida, United States",FL,,False,False,False,FL,Pro,Modern (14+),19,2710.0,8.176100628930817
180,Apple iPhone 13 - 512GB Red unlocked A2482 Read,iPhone 13,13,False,512.0,512GB,512GB,False,Used,Second-hand,430.0,$400-599,0.83984375,,,False,0.0,False,0.0,False,Seller 415,"New York, New York, United States",NY,,False,False,False,NY,Standard,Mid-Gen (12-13),27,4935.0,20.909090909090907
181,iphone 13 unlocked perfect condition with tiktok,iPhone 13,13,False,,Tidak Diketahui,,False,Used,Second-hand,5000.0,$1300+,,,,False,0.0,False,0.0,False,Seller 456,"Wichita, Kansas, United States",KS,,False,False,True,KS,Standard,Mid-Gen (12-13),5,4935.0,20.909090909090907
182,Apple iPhone 12 Pro Max 256GB Pacific Blue Unlocked (A2342),iPhone 12 Pro Max,12,True,256.0,256GB,256GB,False,Used,Second-hand,420.0,$400-599,1.640625,,,False,0.0,False,0.0,False,Seller 415,"New York, New York, United States",NY,,False,False,False,NY,Pro,Mid-Gen (12-13),22,4867.01,4.6875
183,New Apple iPhone 16 - 128GB - Black (Unlocked) - Open Box,iPhone 16,16,False,128.0,128GB,128GB,False,Open Box,Like New,599.0,$400-599,4.6796875,,,False,0.0,False,0.0,False,Seller 587,"Willard, Missouri, United States",MO,,False,False,False,MO,Standard,Modern (14+),1,639.5,7.207207207207207
184,Apple iPhone 12 Factory Unlocked 64GB A2172 red color,iPhone 12,12,False,64.0,64GB,64GB,False,Very Good - Refurbished,Refurbished,208.99,$200-399,3.26546875,,,False,2.0,True,0.0,False,Seller 058,"Granada Hills, California, United States",CA,,False,False,False,CA,Standard,Mid-Gen (12-13),23,4428.01,45.073891625615765
185,Apple iPhone 16 e White Smartphone with Box and Accessories,iPhone 16,16,False,,Tidak Diketahui,,False,New,Second-hand,540.0,$400-599,,,,False,0.0,False,0.0,False,Seller 486,"Daleville, Alabama, United States",AL,,False,False,False,AL,Standard,Modern (14+),1,639.5,7.207207207207207
186,Apple iPhone 12 Unlocked MGFX3LL/A 6.1 Inch 128GB - 78% Battery Health,iPhone 12,12,False,128.0,128GB,128GB,False,Used,Second-hand,200.0,$200-399,1.5625,,,False,0.0,False,0.0,False,Seller 049,"Tampa, Florida, United States",FL,,False,False,False,FL,Standard,Mid-Gen (12-13),18,4428.01,45.073891625615765
187,Apple iPhone 12 Black 64GB Unlocked - Cracked Screen w/ Chipping,iPhone 12,12,False,64.0,64GB,64GB,False,For Parts Or Not Working,Damaged,142.79,<$200,2.23109375,,,False,0.0,False,0.0,False,Seller 084,"Sanford, Florida, United States",FL,,False,False,False,FL,Standard,Mid-Gen (12-13),18,4428.01,45.073891625615765
188,Apple iPhone 14 Plus 14+ Factory Unlocked 128GB A2885 sim card phone Open Box,iPhone 14 Plus,14,False,128.0,128GB,128GB,False,Open Box,Like New,395.99,$200-399,3.093671875,,,False,1.0,True,0.0,False,Seller 058,"Granada Hills, California, United States",CA,,False,False,False,CA,Standard,Modern (14+),19,3410.0,31.343283582089555
189,NEW SEALED APPLE IPHONE 14 PRO MAX 128/256/512GB UNLOCKED GSM+CDMA 2 YR WARRANTY,iPhone 14 Pro Max,14,True,512.0,512GB,512GB,False,New,Second-hand,675.95,$600-899,1.32021484375,,,False,2.0,True,0.0,False,Seller 559,"Brooklyn, New York, United States",NY,,False,False,False,NY,Pro,Modern (14+),31,2750.0,8.085106382978724
190,"Apple iPhone 13 - Has Tiktok 256 GB - Black, Unlocked",iPhone 13,13,False,256.0,256GB,256GB,False,Used,Second-hand,2500.0,$1300+,9.765625,,,False,0.0,False,0.0,False,Seller 370,"Phoenix, Arizona, United States",AZ,,False,False,True,AZ,Standard,Mid-Gen (12-13),3,4935.0,20.909090909090907
191,Apple iPhone 13 - 128GB - Red - Verizon Carrier - C grade - C Grade,iPhone 13,13,False,128.0,128GB,128GB,False,Used,Second-hand,349.0,$200-399,2.7265625,,,False,2.0,True,0.0,False,Seller 396,"Miami, Florida, United States",FL,,False,False,False,FL,Standard,Mid-Gen (12-13),28,4935.0,20.909090909090907
192,Mint UNLOCKED iPhone 14 Pro Max 512GB NEW BATTERY CAMERA BY APPLE 11/4/2025,iPhone 14 Pro Max,14,True,512.0,512GB,512GB,False,Used,Second-hand,899.99,$600-899,1.75779296875,,,False,0.0,False,0.0,False,Seller 540,"Lutz, Florida, United States",FL,,False,False,False,FL,Pro,Modern (14+),30,2750.0,8.085106382978724
193,"Apple iPhone 13 Unlocked, 256GB",iPhone 13,13,False,256.0,256GB,256GB,False,Used,Second-hand,279.95,$200-399,1.0935546875,,,False,0.0,False,0.0,False,Seller 219,"Wautoma, Wisconsin, United States",WI,,False,False,False,WI,Standard,Mid-Gen (12-13),2,4935.0,20.909090909090907
194,Apple iPhone 14 Plus Purple 128GB Unlocked - Very Good Condition w/ Chipped Back,iPhone 14 Plus,14,False,128.0,128GB,128GB,False,Used,Second-hand,356.99,$200-399,2.788984375,,,False,0.0,False,0.0,False,Seller 084,"Sanford, Florida, United States",FL,,False,False,False,FL,Standard,Modern (14+),16,3410.0,31.343283582089555
195,Apple iPhone 16 512GB Blue - Unlocked AT&T T-Mobile Verizon 7631839,iPhone 16,16,False,512.0,512GB,512GB,False,Open Box,Like New,673.0,$600-899,1.314453125,899.99,25.22,True,0.0,False,0.0,False,Seller 184,"Orlando, Florida, United States",FL,,False,False,False,FL,Standard,Modern (14+),25,639.5,7.207207207207207
196,Apple iPhone 13 - 128GB - Blue - Unlocked - C grade,iPhone 13,13,False,128.0,128GB,128GB,False,Used,Second-hand,299.77,$200-399,2.341953125,,,False,0.0,False,0.0,False,Seller 396,"Miami, Florida, United States",FL,,False,False,False,FL,Standard,Mid-Gen (12-13),28,4935.0,20.909090909090907
197,"NEW! Apple iPhone 14 6.1"" 100% 🔋 Battery Factory 🔓 Unlocked 128/256GB COLORS",iPhone 14,14,False,256.0,256GB,256GB,False,Open Box,Like New,518.95,$400-599,2.0271484375,,,False,0.0,False,0.0,False,Seller 683,"Dunkirk, New York, United States",NY,,False,False,False,NY,Standard,Modern (14+),29,1329.99,21.492537313432834
198,Apple iPhone 14 Pro Max 128GB (Unlocked) - Amazing Back/Sides - Clean ESN,iPhone 14 Pro Max,14,True,128.0,128GB,128GB,False,Used,Second-hand,850.0,$600-899,6.640625,,,False,0.0,False,0.0,False,Seller 051,"Waratah, NSW, Australia",INTL,,False,False,False,INTL,Pro,Modern (14+),17,2750.0,8.085106382978724
199,Preowned - Unlocked - Apple iPhone 12 Pro Max 128GB Lot Cases Chargers Etc,iPhone 12 Pro Max,12,True,128.0,128GB,128GB,False,Used,Second-hand,349.99,$200-399,,,,False,0.0,False,0.0,False,Seller 103,"Bowling Green, Kentucky, United States",KY,,False,True,False,KY,Pro,Mid-Gen (12-13),1,4867.01,4.6875
200,"New Apple iPhone 17e 512GB 6.1"" A3634 Unlocked with Physical SIM+ESIM Any Color",iPhone 17,17,False,512.0,512GB,512GB,False,New,Second-hand,1091.55,$900-1299,2.13193359375,1149.0,5.0,True,3.0,True,0.0,False,Seller 016,"Rowland Heights, California, United States",CA,,False,False,False,CA,Standard,Modern (14+),15,1000.99,7.857142857142857
201,Apple iPhone 17 Pro Max - 512GB - Silver (Unlocked) - Open Box,iPhone 17 Pro Max,17,True,512.0,512GB,512GB,False,Open Box,Like New,1449.99,$1300+,2.83201171875,,,False,0.0,False,0.0,False,Seller 071,"Oldsmar, Florida, United States",FL,,False,False,False,FL,Pro,Modern (14+),19,2710.0,8.176100628930817
202,Apple iPhone 17 Pro Max - 512 GB - Silver (Unlocked),iPhone 17 Pro Max,17,True,512.0,512GB,512GB,False,New,Second-hand,650.0,$600-899,1.26953125,,,False,0.0,False,0.0,False,Seller 366,"Roselle, New Jersey, United States",NJ,,False,False,False,NJ,Pro,Modern (14+),6,2710.0,8.176100628930817
203,New Sealed Apple iPhone 17 Pro Max Orange 256GB eSIM Unlocked NR,iPhone 17 Pro Max,17,True,256.0,256GB,256GB,False,New,Second-hand,1300.0,$1300+,5.078125,,,False,0.0,False,0.0,False,Seller 321,"Gary, Indiana, United States",IN,,False,False,False,IN,Pro,Modern (14+),2,2710.0,8.176100628930817
204,Apple iPhone 17 Pro Max - 2 TB - Cosmic Orange (Unlocked),iPhone 17 Pro Max,17,True,2048.0,2048GB,2048GB,False,New,Second-hand,599.0,$400-599,0.29248046875,,,False,3.0,True,0.0,False,Seller 354,"Baltimore, Maryland, United States",MD,,False,False,False,MD,Pro,Modern (14+),2,2710.0,8.176100628930817
205,Mint Reconditioned Apple iPhone 12 PRO MAX Unlocked All Color Capacity- C Detail,iPhone 12 Pro Max,12,True,,Tidak Diketahui,,False,Open Box,Like New,650.0,$600-899,,,,False,0.0,False,0.0,False,Seller 519,"Columbus, Ohio, United States",OH,,False,False,False,OH,Pro,Mid-Gen (12-13),3,4867.01,4.6875
206,Apple iPhone 13 mini - 128GB - Pink (Unlocked),iPhone 13 Mini,13,False,128.0,128GB,128GB,False,Used,Second-hand,600.0,$600-899,4.6875,,,False,0.0,False,0.0,False,Seller 536,"Yonkers, New York, United States",NY,,False,False,False,NY,Standard,Mid-Gen (12-13),31,491.95,6.462585034013606
207,Apple iPhone 13 - 256 GB - Red (Unlocked),iPhone 13,13,False,256.0,256GB,256GB,False,Used,Second-hand,1300.0,$1300+,5.078125,,,False,0.0,False,0.0,False,Seller 252,"Detroit, Michigan, United States",MI,,False,False,False,MI,Standard,Mid-Gen (12-13),6,4935.0,20.909090909090907
208,Apple iPhone 13 - 256 GB - White (Unlocked),iPhone 13,13,False,256.0,256GB,256GB,False,Used,Second-hand,750.0,$600-899,2.9296875,,,False,0.0,False,0.0,False,Seller 392,"Selma, North Carolina, United States",NC,,False,False,False,NC,Standard,Mid-Gen (12-13),3,4935.0,20.909090909090907
209,iPhone 12 Pro With Tik tok App,iPhone 12 Pro,12,True,,Tidak Diketahui,,False,Used,Second-hand,2500.0,$1300+,,,,False,0.0,False,0.0,False,Seller 371,"Cordova, Tennessee, United States",TN,,False,False,False,TN,Pro,Mid-Gen (12-13),1,4685.89,10.0
210,iphone 13 with tik tok,iPhone 13,13,False,,Tidak Diketahui,,False,Open Box,Like New,2500.0,$1300+,,,,False,0.0,False,0.0,False,Seller 409,"McDonough, Georgia, United States",GA,,False,False,False,GA,Standard,Mid-Gen (12-13),4,4935.0,20.909090909090907
211,iPhone 16 Unlocked,iPhone 16,16,False,,Tidak Diketahui,,False,Open Box,Like New,577.5,$400-599,,,,False,0.0,False,0.0,False,Seller 404,"Visalia, California, United States",CA,,False,False,False,CA,Standard,Modern (14+),14,639.5,7.207207207207207
212,Apple iPhone 17 - 256 GB - Lavender Unlocked Open Box,iPhone 17,17,False,256.0,256GB,256GB,False,Open Box,Like New,859.0,$600-899,3.35546875,,,False,0.0,False,0.0,False,Seller 672,"New York, New York, United States",NY,,False,False,False,NY,Standard,Modern (14+),20,1000.99,7.857142857142857
213,"iPhone 12 Blue 128GB used Verizon Unlocked see pics and desc, 78% batt health",iPhone 12,12,False,128.0,128GB,128GB,False,Used,Second-hand,249.99,$200-399,1.953046875,,,False,0.0,False,0.0,False,Seller 235,"Greenacres, Washington, United States",WA,,False,False,False,WA,Standard,Mid-Gen (12-13),2,4428.01,45.073891625615765
214,Apple iPhone 12 - 64 GB - White (Unlocked),iPhone 12,12,False,64.0,64GB,64GB,False,Used,Second-hand,204.74,$200-399,3.1990625,,,False,0.0,False,0.0,False,Seller 235,"Greenacres, Washington, United States",WA,,False,False,False,WA,Standard,Mid-Gen (12-13),2,4428.01,45.073891625615765
215,"Apple iPhone 17 Pro Max 256GB, Cosmic Orange, Unlocked & Sealed",iPhone 17 Pro Max,17,True,256.0,256GB,256GB,False,New,Second-hand,1369.0,$1300+,5.34765625,,,False,0.0,False,0.0,False,Seller 573,"Bakersfield, California, United States",CA,,False,False,False,CA,Pro,Modern (14+),25,2710.0,8.176100628930817
216,Apple iPhone 17 Pro Max - 1 TB - Cosmic Orange (Unlocked),iPhone 17 Pro Max,17,True,1024.0,1024GB,1024GB,False,New,Second-hand,599.0,$400-599,0.5849609375,,,False,5.0,True,0.0,False,Seller 359,"Corpus Christi, Texas, United States",TX,,False,False,False,TX,Pro,Modern (14+),19,2710.0,8.176100628930817
217,Apple iPhone 17 Pro Max 1TB (Unlocked) Brand New Sealed in Box,iPhone 17 Pro Max,17,True,1024.0,1024GB,1024GB,False,New,Second-hand,560.0,$400-599,0.546875,,,False,0.0,False,0.0,False,Seller 680,"Harvest, Alabama, United States",AL,,False,False,False,AL,Pro,Modern (14+),2,2710.0,8.176100628930817
218,Apple iPhone 17 Pro Max - 256GB - Silver (Unlocked),iPhone 17 Pro Max,17,True,256.0,256GB,256GB,False,New,Second-hand,1530.0,$1300+,5.9765625,,,False,0.0,False,0.0,False,Seller 378,"New York City, United States",NY,,False,False,False,NY,Pro,Modern (14+),14,2710.0,8.176100628930817
219,Apple iPhone 13 128GB Blue - Unlocked ML9C3LL/A (FOR PARTS) READ,iPhone 13,13,False,128.0,128GB,128GB,False,For Parts Or Not Working,Damaged,75.0,<$200,0.5859375,,,False,0.0,False,0.0,False,Seller 005,"Utica, Michigan, United States",MI,,False,False,False,MI,Standard,Mid-Gen (12-13),6,4935.0,20.909090909090907
220,Apple iPhone 16 128GB Black Verizon New Sealed,iPhone 16,16,False,128.0,128GB,128GB,False,New,Second-hand,549.99,$400-599,4.296796875,,,False,2.0,True,0.0,False,Seller 094,"Port Chester, New York, United States",NY,,False,False,False,NY,Standard,Modern (14+),19,639.5,7.207207207207207
221,Apple iPhone 17 Pro Max 512GB Cosmic Orange,iPhone 17 Pro Max,17,True,512.0,512GB,512GB,False,New,Second-hand,1450.0,$1300+,2.83203125,,,False,0.0,False,0.0,False,Seller 586,"Jackson Heights, New York, United States",NY,,False,False,False,NY,Pro,Modern (14+),14,2710.0,8.176100628930817
222,Apple iPhone 17e 256GB AT&T,iPhone 17,17,False,256.0,256GB,256GB,False,New,Second-hand,580.0,$400-599,2.265625,,,False,4.0,True,0.0,False,Seller 677,"Allentown, Pennsylvania, United States",PA,,False,False,False,PA,Standard,Modern (14+),5,1000.99,7.857142857142857
223,Apple iPhone 17 - 512 GB - Lavender (Unlocked),iPhone 17,17,False,512.0,512GB,512GB,False,New,Second-hand,489.95,$400-599,0.95693359375,,,False,5.0,True,0.0,False,Seller 514,"San Antonio, Texas, United States",TX,,False,False,False,TX,Standard,Modern (14+),23,1000.99,7.857142857142857
224,Apple iPhone 17 Pro Max - 2 TB - Silver (Unlocked),iPhone 17 Pro Max,17,True,2048.0,2048GB,2048GB,False,New,Second-hand,479.99,$400-599,0.2343701171875,,,False,2.0,True,1.0,True,Seller 278,"Parker, Colorado, United States",CO,,False,False,False,CO,Pro,Modern (14+),2,2710.0,8.176100628930817
225,Apple iPhone 14 Unlocked,iPhone 14,14,False,,Tidak Diketahui,,False,Used,Second-hand,500.0,$400-599,,,,False,0.0,False,0.0,False,Seller 280,"Buffalo, New York, United States",NY,,False,False,False,NY,Standard,Modern (14+),29,1329.99,21.492537313432834
226,"Unlocked iPhone 17 Promax Cosmic Orange, 256GB, Factory Unlocked",iPhone 17 Pro Max,17,True,256.0,256GB,256GB,False,New,Second-hand,1200.0,$900-1299,4.6875,,,False,0.0,False,0.0,False,Seller 555,"Boston, Massachusetts, United States",MA,,False,False,False,MA,Pro,Modern (14+),2,2710.0,8.176100628930817
227,Factory Unlocked Apple iPhone 14 128GB BLUE MQ8U3LL/A,iPhone 14,14,False,128.0,128GB,128GB,False,Used,Second-hand,329.99,$200-399,2.578046875,,,False,0.0,False,0.0,False,Seller 085,"Moreno Valley, California, United States",CA,,False,False,False,CA,Standard,Modern (14+),40,1329.99,21.492537313432834
228,APPLE IPHONE 17 PRO MAX 256GB SILVER (UNLOCKED)✅PHYSICAL SIM CARD TRAY ✅❖SEALED❖,iPhone 17 Pro Max,17,True,256.0,256GB,256GB,False,New,Second-hand,1734.95,$1300+,6.7771484375,,,False,5.0,True,5.0,True,Seller 146,"Los Angeles, California, United States",CA,,False,False,False,CA,Pro,Modern (14+),25,2710.0,8.176100628930817
229,Apple iPhone 14 128GB | Sky Blue *FOR PARTS REPAIR*,iPhone 14,14,False,128.0,128GB,128GB,False,For Parts Or Not Working,Damaged,99.99,<$200,0.781171875,,,False,0.0,False,0.0,False,Seller 169,"Elm Grove, Wisconsin, United States",WI,,False,False,False,WI,Standard,Modern (14+),1,1329.99,21.492537313432834
230,Apple iPhone 12 Pro Max - 256 GB - Blue (Unlocked),iPhone 12 Pro Max,12,True,256.0,256GB,256GB,False,Used,Second-hand,650.0,$600-899,2.5390625,,,False,0.0,False,0.0,False,Seller 220,"Las Vegas, Nevada, United States",NV,,False,False,False,NV,Pro,Mid-Gen (12-13),1,4867.01,4.6875
231,Apple iPhone 12 Pro Max TIKTOK & CAPCUT INSTALLED,iPhone 12 Pro Max,12,True,,Tidak Diketahui,,False,Used,Second-hand,3500.0,$1300+,,,,False,0.0,False,0.0,False,Seller 516,"Orlando, Florida, United States",FL,,False,False,True,FL,Pro,Mid-Gen (12-13),21,4867.01,4.6875
232,Apple iPhone 13 - 256 GB - White (Unlocked),iPhone 13,13,False,256.0,256GB,256GB,False,Used,Second-hand,5000.0,$1300+,19.53125,,,False,0.0,False,0.0,False,Seller 328,"Lithonia, Georgia, United States",GA,,False,False,False,GA,Standard,Mid-Gen (12-13),4,4935.0,20.909090909090907
233,Apple iPhone 13 - 256 GB - White (Unlocked),iPhone 13,13,False,256.0,256GB,256GB,False,New,Second-hand,2300.0,$1300+,8.984375,,,False,0.0,False,0.0,False,Seller 236,"Hephzibah, Georgia, United States",GA,,False,False,False,GA,Standard,Mid-Gen (12-13),4,4935.0,20.909090909090907
234,iphone 14 plus factory unlocked,iPhone 14 Plus,14,False,,Tidak Diketahui,,False,Used,Second-hand,499.99,$400-599,,,,False,0.0,False,0.0,False,Seller 436,"Aurora, Indiana, United States",IN,,False,False,False,IN,Standard,Modern (14+),1,3410.0,31.343283582089555
235,Apple iPhone 12 - Black-(Unlocked),iPhone 12,12,False,,Tidak Diketahui,,False,New,Second-hand,359.99,$200-399,,,,False,2.0,True,0.0,False,Seller 422,"Houston, Texas, United States",TX,,False,False,False,TX,Standard,Mid-Gen (12-13),284,4428.01,45.073891625615765
236,Apple iPhone 16 256GB eSim Ultramarine Factory Unlocked New Sealed iOS 18,iPhone 16,16,False,256.0,256GB,256GB,False,New,Second-hand,799.74,$600-899,3.123984375,,,False,0.0,False,0.0,False,Seller 678,"Columbus, Ohio, United States",OH,,False,False,False,OH,Standard,Modern (14+),2,639.5,7.207207207207207
237,iPhone 16 Unlocked 100% - BRAND NEW NEVER USED,iPhone 16,16,False,,Tidak Diketahui,,False,Open Box,Like New,599.99,$400-599,,,,False,0.0,False,0.0,False,Seller 319,"West Haven, Connecticut, United States",CT,,False,False,False,CT,Standard,Modern (14+),2,639.5,7.207207207207207
238,BIG SALE Apple iPhone 17 Pro Max - 2 TB - Cosmic Orange (Unlocked),iPhone 17 Pro Max,17,True,2048.0,2048GB,2048GB,False,New,Second-hand,499.0,$400-599,0.24365234375,,,False,0.0,False,4.0,True,Seller 500,"Nashua, New Hampshire, United States",NH,,False,False,False,NH,Pro,Modern (14+),1,2710.0,8.176100628930817
239,New Apple iPhone 13 mini 5G 256GB/128GB Unlocked GSM+CDMA Smartphone US Stock,iPhone 13 Mini,13,False,128.0,128GB,128GB|256GB,False,New,Second-hand,352.55,$200-399,2.754296875,,,False,3.0,True,0.0,False,Seller 498,"Edison, New Jersey, United States",NJ,,False,False,False,NJ,Standard,Mid-Gen (12-13),151,491.95,6.462585034013606
240,Apple iPhone 17 Pro Max - 512 GB - Cosmic Orange (Unlocked),iPhone 17 Pro Max,17,True,512.0,512GB,512GB,False,New,Second-hand,618.99,$600-899,1.20896484375,,,False,3.0,True,1.0,True,Seller 290,"Okeechobee, Florida, United States",FL,,False,False,False,FL,Pro,Modern (14+),19,2710.0,8.176100628930817
241,Apple iPhone 17 Pro Max - 256 GB - Deep Blue (Unlocked),iPhone 17 Pro Max,17,True,256.0,256GB,256GB,False,New,Second-hand,599.0,$400-599,2.33984375,,,False,3.0,True,0.0,False,Seller 297,"San Antonio, Texas, United States",TX,,False,False,False,TX,Pro,Modern (14+),19,2710.0,8.176100628930817
242,Apple iPhone 17 - 256 GB eSim - White (Unlocked) Brand New Sealed MG474LL/A,iPhone 17,17,False,256.0,256GB,256GB,False,New,Second-hand,828.74,$600-899,3.237265625,,,False,0.0,False,0.0,False,Seller 678,"Columbus, Ohio, United States",OH,,False,False,False,OH,Standard,Modern (14+),7,1000.99,7.857142857142857
243,Apple iPhone 17 - 256 GB - Mist Blue (Unlocked),iPhone 17,17,False,256.0,256GB,256GB,False,New,Second-hand,799.99,$600-899,3.1249609375,,,False,0.0,False,0.0,False,Seller 030,"Tampa, Florida, United States",FL,,False,False,False,FL,Standard,Modern (14+),10,1000.99,7.857142857142857
244,iphone 17 pro max unlocked,iPhone 17 Pro Max,17,True,,Tidak Diketahui,,False,New,Second-hand,750.0,$600-899,,,,False,0.0,False,0.0,False,Seller 489,"ETOBICOKE, Canada",INTL,,False,False,False,INTL,Pro,Modern (14+),11,2710.0,8.176100628930817
245,Apple iPhone 12 - 128 GB - Green (Boost Mobile),iPhone 12,12,False,128.0,128GB,128GB,False,Used,Second-hand,4500.0,$1300+,35.15625,,,False,0.0,False,0.0,False,Seller 460,"Tampa, Florida, United States",FL,,False,False,False,FL,Standard,Mid-Gen (12-13),18,4428.01,45.073891625615765
246,Apple iPhone 13 - 256 GB - White (Unlocked),iPhone 13,13,False,256.0,256GB,256GB,False,Used,Second-hand,3000.0,$1300+,11.71875,,,False,0.0,False,0.0,False,Seller 273,"Foley, Alabama, United States",AL,,False,False,False,AL,Standard,Mid-Gen (12-13),2,4935.0,20.909090909090907
247,iPhone 14,iPhone 14,14,False,,Tidak Diketahui,,False,New,Second-hand,600.0,$600-899,,,,False,0.0,False,0.0,False,Seller 222,"Hughson, California, United States",CA,,False,False,False,CA,Standard,Modern (14+),40,1329.99,21.492537313432834
248,"Apple iPhone 12 64GB, Black, Used",iPhone 12,12,False,64.0,64GB,64GB,False,Used,Second-hand,219.99,$200-399,3.43734375,,,False,0.0,False,0.0,False,Seller 250,"Providence, Rhode Island, United States",RI,,False,False,False,RI,Standard,Mid-Gen (12-13),2,4428.01,45.073891625615765
249,"Apple iPhone 12 64GB, Unlocked, Blue",iPhone 12,12,False,64.0,64GB,64GB,False,Used,Second-hand,300.0,$200-399,4.6875,,,False,0.0,False,0.0,False,Seller 246,"Ferndale, Michigan, United States",MI,,False,False,False,MI,Standard,Mid-Gen (12-13),2,4428.01,45.073891625615765
250,Apple iPhone 13 mini - 128 GB - Starlight (Unlocked) - New Battery - 1 owner,iPhone 13 Mini,13,False,128.0,128GB,128GB,False,Used,Second-hand,500.0,$400-599,3.90625,,,False,0.0,False,0.0,False,Seller 522,"San Jose, California, United States",CA,,False,False,False,CA,Standard,Mid-Gen (12-13),54,491.95,6.462585034013606
251,Apple iPhone 13 - 128 GB Pink (Unlocked),iPhone 13,13,False,128.0,128GB,128GB,False,Used,Second-hand,380.0,$200-399,2.96875,,,False,0.0,False,0.0,False,Seller 502,"Honolulu, Hawaii, United States",HI,,False,False,False,HI,Standard,Mid-Gen (12-13),1,4935.0,20.909090909090907
252,Apple iPhone 14 eSIM 128GB Midnight Unlocked Clean IMEI BH=100% Charged 24 times,iPhone 14,14,False,128.0,128GB,128GB,False,Used,Second-hand,309.99,$200-399,2.421796875,,,False,0.0,False,0.0,False,Seller 188,"Shawnee, Kansas, United States",KS,,False,False,False,KS,Standard,Modern (14+),9,1329.99,21.492537313432834
253,Apple iPhone 12 - 64 GB - Black (Unlocked) - New Battery - Fast Shipping,iPhone 12,12,False,64.0,64GB,64GB,False,Used,Second-hand,179.99,<$200,2.81234375,,,False,0.0,False,0.0,False,Seller 263,"Vilnius, Lithuania",INTL,,False,False,False,INTL,Standard,Mid-Gen (12-13),21,4428.01,45.073891625615765
254,Apple iPhone 12 - 64 GB - Blue (Unlocked) - 88% Battery - Great Condition,iPhone 12,12,False,64.0,64GB,64GB,False,Used,Second-hand,196.0,<$200,3.0625,,,False,0.0,False,0.0,False,Seller 263,"Vilnius, Lithuania",INTL,,False,False,False,INTL,Standard,Mid-Gen (12-13),21,4428.01,45.073891625615765
255,"Apple iPhone 13, 128/256/512GB - Unlocked - Used Good - All colors",iPhone 13,13,False,512.0,512GB,512GB,False,Used,Second-hand,310.0,$200-399,0.60546875,,,False,0.0,False,0.0,False,Seller 341,"Alexandria, Louisiana, United States",LA,,False,False,False,LA,Standard,Mid-Gen (12-13),1,4935.0,20.909090909090907
256,Apple iPhone 13 256GB Unlocked Blue,iPhone 13,13,False,256.0,256GB,256GB,False,Used,Second-hand,300.0,$200-399,1.171875,,,False,0.0,False,0.0,False,Seller 652,"Rock Island, Illinois, United States",IL,,False,False,False,IL,Standard,Mid-Gen (12-13),5,4935.0,20.909090909090907
257,Apple iPhone 17 Pro Max - 1 TB - Cosmic Orange (Unlocked),iPhone 17 Pro Max,17,True,1024.0,1024GB,1024GB,False,New,Second-hand,589.0,$400-599,0.5751953125,,,False,4.0,True,1.0,True,Seller 640,"Opa-Locka, Florida, United States",FL,,False,False,False,FL,Pro,Modern (14+),19,2710.0,8.176100628930817
258,Apple iPhone 16 128GB Unlocked Black - Open Box Condition,iPhone 16,16,False,128.0,128GB,128GB,False,Open Box,Like New,609.95,$600-899,4.765234375,,,False,0.0,False,0.0,False,Seller 116,"Land O' Lakes, Florida, United States",FL,,False,False,False,FL,Standard,Modern (14+),25,639.5,7.207207207207207
259,Apple iPhone 17 Pro Max - 1 TB - Silver (Unlocked),iPhone 17 Pro Max,17,True,1024.0,1024GB,1024GB,False,New,Second-hand,610.0,$600-899,0.595703125,,,False,2.0,True,0.0,False,Seller 449,"Akron, Ohio, United States",OH,,False,False,False,OH,Pro,Modern (14+),1,2710.0,8.176100628930817
260,Apple iPhone 14 A2649 eSIM 128GB Midnight Unlocked Clean IMEI BH=100%,iPhone 14,14,False,128.0,128GB,128GB,False,Used,Second-hand,279.99,$200-399,2.187421875,,,False,0.0,False,0.0,False,Seller 188,"Shawnee, Kansas, United States",KS,,False,False,False,KS,Standard,Modern (14+),9,1329.99,21.492537313432834
261,Apple iPhone 16 A3081 eSIM 5G 128GB Unlocked Clean IMEI BH=100% Charged 0 Times,iPhone 16,16,False,128.0,128GB,128GB,False,Open Box,Like New,599.99,$400-599,4.687421875,,,False,0.0,False,0.0,False,Seller 188,"Shawnee, Kansas, United States",KS,,False,False,False,KS,Standard,Modern (14+),9,639.5,7.207207207207207
262,Apple iPhone 13 – 128GB – Midnight –LOCKED Smartphone Cell Phone – Good,iPhone 13,13,False,128.0,128GB,128GB,False,Used,Second-hand,65.0,<$200,0.5078125,,,False,0.0,False,0.0,False,Seller 515,"Glen Burnie, Maryland, United States",MD,,False,False,False,MD,Standard,Mid-Gen (12-13),2,4935.0,20.909090909090907
263,Apple iPhone 16 A3081 eSIM 5G 128GB Unlocked Clean IMEI BH=100% Charged 14 Times,iPhone 16,16,False,128.0,128GB,128GB,False,Open Box,Like New,515.55,$400-599,,,,False,0.0,False,0.0,False,Seller 188,"Shawnee, Kansas, United States",KS,,False,True,False,KS,Standard,Modern (14+),9,639.5,7.207207207207207
264,Apple iPhone 17 - 512 GB - Black (Unlocked),iPhone 17,17,False,512.0,512GB,512GB,False,New,Second-hand,399.99,$200-399,0.78123046875,,,False,4.0,True,0.0,False,Seller 461,"Myrtle Beach, South Carolina, United States",SC,,False,False,False,SC,Standard,Modern (14+),1,1000.99,7.857142857142857
265,Apple iPhone 17 - 512 GB - Black (Unlocked),iPhone 17,17,False,512.0,512GB,512GB,False,New,Second-hand,399.99,$200-399,0.78123046875,,,False,4.0,True,0.0,False,Seller 413,"Murrieta, California, United States",CA,,False,False,False,CA,Standard,Modern (14+),15,1000.99,7.857142857142857
266,Apple iPhone 14 eSIM 128GB Midnight Unlocked Clean IMEI BH=99% Charged 56 Times,iPhone 14,14,False,128.0,128GB,128GB,False,Used,Second-hand,289.99,$200-399,2.265546875,,,False,0.0,False,0.0,False,Seller 188,"Shawnee, Kansas, United States",KS,,False,False,False,KS,Standard,Modern (14+),9,1329.99,21.492537313432834
267,Brand New Sealed Apple iPhone 12 128GB Blue 5G Unlocked Any Carrier Worldwide,iPhone 12,12,False,128.0,128GB,128GB,False,New,Second-hand,679.0,$600-899,5.3046875,,,False,0.0,False,0.0,False,Seller 245,"Encinitas, California, United States",CA,,False,False,False,CA,Standard,Mid-Gen (12-13),23,4428.01,45.073891625615765
268,"Apple iPhone 16 White, 128GB, Unlocked,",iPhone 16,16,False,128.0,128GB,128GB,False,Open Box,Like New,450.0,$400-599,3.515625,,,False,0.0,False,0.0,False,Seller 623,"Brooklyn, New York, United States",NY,,False,False,False,NY,Standard,Modern (14+),19,639.5,7.207207207207207
269,Apple iPhone 12 Pro Max - 256 GB - Pacific Blue (Used & Unlocked),iPhone 12 Pro Max,12,True,256.0,256GB,256GB,False,Used,Second-hand,145.5,<$200,0.568359375,,,False,0.0,False,0.0,False,Seller 213,"Charlotte, North Carolina, United States",NC,,False,False,False,NC,Pro,Mid-Gen (12-13),2,4867.01,4.6875
270,Apple iPhone 12 Pro Max - 128GB - Silver (Unlocked) Smartphone,iPhone 12 Pro Max,12,True,128.0,128GB,128GB,False,Used,Second-hand,243.75,$200-399,1.904296875,,,False,0.0,False,0.0,False,Seller 337,"Aurora, Illinois, United States",IL,,False,False,False,IL,Pro,Mid-Gen (12-13),8,4867.01,4.6875
271,iPhone 16 128GB Black Unlocked Excellent Condition,iPhone 16,16,False,128.0,128GB,128GB,False,Open Box,Like New,320.0,$200-399,2.5,,,False,0.0,False,0.0,False,Seller 532,"Boca Raton, Florida, United States",FL,,False,False,False,FL,Standard,Modern (14+),25,639.5,7.207207207207207
272,Apple iPhone 17 Pro Max - 512 GB - Cosmic Orange (Unlocked),iPhone 17 Pro Max,17,True,512.0,512GB,512GB,False,New,Second-hand,600.0,$600-899,1.171875,,,False,0.0,False,0.0,False,Seller 368,"Washington, District Of Columbia, United States",WA,,False,False,False,WA,Pro,Modern (14+),7,2710.0,8.176100628930817
273,Apple iPhone 13 - 128GB - Pink (AT&T),iPhone 13,13,False,128.0,128GB,128GB,False,Open Box,Like New,650.0,$600-899,5.078125,,,False,0.0,False,0.0,False,Seller 453,"Nashville, Tennessee, United States",TN,,False,False,False,TN,Standard,Mid-Gen (12-13),6,4935.0,20.909090909090907
274,Apple iPhone 13 - 256 GB - White (Unlocked),iPhone 13,13,False,256.0,256GB,256GB,False,Used,Second-hand,5000.0,$1300+,19.53125,,,False,0.0,False,0.0,False,Seller 272,"Midlothian, Texas, United States",TX,,False,False,False,TX,Standard,Mid-Gen (12-13),141,4935.0,20.909090909090907
275,iphone 13 unlocked With Tik Tok installed,iPhone 13,13,False,,Tidak Diketahui,,False,Used,Second-hand,2000.0,$1300+,,,,False,0.0,False,0.0,False,Seller 483,"Dallas, Texas, United States",TX,,False,False,False,TX,Standard,Mid-Gen (12-13),141,4935.0,20.909090909090907
276,Open Box Apple iPhone 13 128GB A2482 Factory Unlocked White,iPhone 13,13,False,128.0,128GB,128GB,False,Open Box,Like New,309.99,$200-399,2.421796875,,,False,0.0,False,1.0,True,Seller 058,"Granada Hills, California, United States",CA,,False,False,False,CA,Standard,Mid-Gen (12-13),22,4935.0,20.909090909090907
277,Apple iPhone 12 Factory Unlocked 128GB A2172 GSM 1Y Ext Warranty,iPhone 12,12,False,128.0,128GB,128GB,False,Excellent - Refurbished,Refurbished,244.99,$200-399,1.913984375,,,False,1.0,True,0.0,False,Seller 058,"Granada Hills, California, United States",CA,,False,False,False,CA,Standard,Mid-Gen (12-13),23,4428.01,45.073891625615765
278,Apple iPhone 17 - 256GB White (Verizon) Smartphone BRAND NEW,iPhone 17,17,False,256.0,256GB,256GB,False,New,Second-hand,715.0,$600-899,2.79296875,,,False,2.0,True,0.0,False,Seller 386,"Clovis, California, United States",CA,,False,False,False,CA,Standard,Modern (14+),15,1000.99,7.857142857142857
279,NEW SEALED iPhone 13 mini (5G) A2481 128GB GSM+CDMA Factory Unlocked Smartphone,iPhone 13 Mini,13,False,128.0,128GB,128GB,False,New,Second-hand,353.88,$200-399,2.7646875,,,False,5.0,True,0.0,False,Seller 485,"Edison, New Jersey, United States",NJ,,False,False,False,NJ,Standard,Mid-Gen (12-13),151,491.95,6.462585034013606
280,Apple iPhone 16 (6.1-inch) Smartphone (A3081) Unlocked - 128GB / Black,iPhone 16,16,False,128.0,128GB,128GB,False,Open Box,Like New,650.0,$600-899,5.078125,,,False,0.0,False,0.0,False,Seller 374,"Bronx, New York, United States",NY,,False,False,False,NY,Standard,Modern (14+),19,639.5,7.207207207207207
281,Brand New Unopened Apple iPhone 17 Purple 256 GB,iPhone 17,17,False,256.0,256GB,256GB,False,New,Second-hand,850.0,$600-899,3.3203125,,,False,0.0,False,0.0,False,Seller 527,"Amherst, Massachusetts, United States",MA,,False,False,False,MA,Standard,Modern (14+),1,1000.99,7.857142857142857
282,Apple iPhone 14 - 128GB (Unlocked) Black Red Starlight Blue - Average Condition,iPhone 14,14,False,128.0,128GB,128GB,False,Used,Second-hand,229.95,$200-399,1.796484375,,,False,1.0,True,0.0,False,Seller 200,"Louisville, Kentucky, United States",KY,,False,False,False,KY,Standard,Modern (14+),3,1329.99,21.492537313432834
283,Apple iPhone 17 Pro Max 256GB Cosmic Orange Unlocked Smartphone,iPhone 17 Pro Max,17,True,256.0,256GB,256GB,False,New,Second-hand,810.0,$600-899,3.1640625,,,False,0.0,False,0.0,False,Seller 353,"Washington, District Of Columbia, United States",WA,,False,False,False,WA,Pro,Modern (14+),7,2710.0,8.176100628930817
284,Apple iPhone 17 Pro Max 1TB Cosmic Orange Unlocked Smartphone,iPhone 17 Pro Max,17,True,1024.0,1024GB,1024GB,False,Open Box,Like New,1427.0,$1300+,1.3935546875,,,False,0.0,False,0.0,False,Seller 353,"Washington, District Of Columbia, United States",WA,,False,False,False,WA,Pro,Modern (14+),7,2710.0,8.176100628930817
285,Apple iPhone 17 - 512 GB - White (Unlocked),iPhone 17,17,False,512.0,512GB,512GB,False,New,Second-hand,459.0,$400-599,0.896484375,,,False,4.0,True,0.0,False,Seller 257,"Amherst, Ohio, United States",OH,,False,False,False,OH,Standard,Modern (14+),7,1000.99,7.857142857142857
286,Apple iPhone 17 - 512 GB - White (Unlocked),iPhone 17,17,False,512.0,512GB,512GB,False,New,Second-hand,459.0,$400-599,0.896484375,,,False,4.0,True,0.0,False,Seller 607,"Tampa, Florida, United States",FL,,False,False,False,FL,Standard,Modern (14+),10,1000.99,7.857142857142857
287,Apple iPhone 17 Pro Max - 2 TB - Cosmic Orange (Unlocked),iPhone 17 Pro Max,17,True,2048.0,2048GB,2048GB,False,New,Second-hand,599.0,$400-599,0.29248046875,,,False,2.0,True,0.0,False,Seller 442,"Bronx, New York, United States",NY,,False,False,False,NY,Pro,Modern (14+),14,2710.0,8.176100628930817
288,New Apple iPhone 17e - 256GB - Black - Xfinity - NEEDS UNLOCKED,iPhone 17,17,False,256.0,256GB,256GB,False,New,Second-hand,599.0,$400-599,2.33984375,,,False,0.0,False,0.0,False,Seller 175,"Ellicott City, Maryland, United States",MD,,False,False,False,MD,Standard,Modern (14+),5,1000.99,7.857142857142857
289,Apple iPhone 17 Pro Max - 2 TB - Cosmic Orange (Unlocked),iPhone 17 Pro Max,17,True,2048.0,2048GB,2048GB,False,New,Second-hand,499.99,$400-599,0.2441357421875,,,False,5.0,True,0.0,False,Seller 397,"Edmond, Oklahoma, United States",OK,,False,False,False,OK,Pro,Modern (14+),2,2710.0,8.176100628930817
290,"Apple iPhone 15 Pro 128GB Blue Titanium, Unlocked, 6.1-inch (A2848)",iPhone 15 Pro,15,True,128.0,128GB,128GB,False,Open Box,Like New,519.99,$400-599,4.062421875,,,False,0.0,False,0.0,False,Seller 344,"Baltimore, Maryland, United States",MD,,False,False,False,MD,Pro,Modern (14+),1,120.64000000000004,33.33333333333333
291,Apple iPhone 13 - 256 GB - black (unlocked) HAS TIK TOK APP INSTALLED!!,iPhone 13,13,False,256.0,256GB,256GB,False,Used,Second-hand,3000.0,$1300+,11.71875,,,False,0.0,False,0.0,False,Seller 231,"Dothan, Alabama, United States",AL,,False,False,False,AL,Standard,Mid-Gen (12-13),2,4935.0,20.909090909090907
292,iPhone 13 With TikTok,iPhone 13,13,False,,Tidak Diketahui,,False,Used,Second-hand,2000.0,$1300+,,,,False,0.0,False,0.0,False,Seller 212,"Brooklyn, New York, United States",NY,,False,False,True,NY,Standard,Mid-Gen (12-13),27,4935.0,20.909090909090907
293,Apple iPhone 17 A3258 256GB Unlocked Very Good Condition,iPhone 17,17,False,256.0,256GB,256GB,False,Open Box,Like New,850.0,$600-899,3.3203125,,,False,0.0,False,0.0,False,Seller 477,"York, Pennsylvania, United States",PA,,False,False,False,PA,Standard,Modern (14+),5,1000.99,7.857142857142857
294,Apple iPhone 14 Pro Max Factory Unlocked Deep Purple 128GB #23936,iPhone 14 Pro Max,14,True,128.0,128GB,128GB,False,Used,Second-hand,439.99,$400-599,3.437421875,,,False,0.0,False,0.0,False,Seller 057,"Oviedo, Florida, United States",FL,,False,False,False,FL,Pro,Modern (14+),30,2750.0,8.085106382978724
295,Apple iPhone 14 Pro Max 256GB Factory Unlocked Space Black #24089,iPhone 14 Pro Max,14,True,256.0,256GB,256GB,False,Used,Second-hand,459.99,$400-599,1.7968359375,,,False,0.0,False,0.0,False,Seller 057,"Oviedo, Florida, United States",FL,,False,False,False,FL,Pro,Modern (14+),30,2750.0,8.085106382978724
296,Apple iPhone 12 Pro Max 256GB Factory Unlocked Pacific Blue #24044,iPhone 12 Pro Max,12,True,256.0,256GB,256GB,False,Used,Second-hand,319.99,$200-399,1.2499609375,,,False,0.0,False,0.0,False,Seller 057,"Oviedo, Florida, United States",FL,,False,False,False,FL,Pro,Mid-Gen (12-13),21,4867.01,4.6875
297,Apple iPhone 14 Plus Factory Unlocked White / Starlight 128GB #23995,iPhone 14 Plus,14,False,128.0,128GB,128GB,False,Used,Second-hand,299.99,$200-399,2.343671875,,,False,0.0,False,0.0,False,Seller 057,"Oviedo, Florida, United States",FL,,False,False,False,FL,Standard,Modern (14+),16,3410.0,31.343283582089555
298,Apple iPhone 14 Plus 256GB Factory Unlocked Midnight / Black #24058,iPhone 14 Plus,14,False,256.0,256GB,256GB,False,Used,Second-hand,329.99,$200-399,1.2890234375,,,False,0.0,False,0.0,False,Seller 057,"Oviedo, Florida, United States",FL,,False,False,False,FL,Standard,Modern (14+),16,3410.0,31.343283582089555
299,Apple iPhone 14 Pro Max 256GB Factory Unlocked Gold (Screen Lines) #23667,iPhone 14 Pro Max,14,True,256.0,256GB,256GB,False,Used,Second-hand,419.99,$400-599,1.6405859375,,,False,0.0,False,0.0,False,Seller 057,"Oviedo, Florida, United States",FL,,False,False,False,FL,Pro,Modern (14+),30,2750.0,8.085106382978724
300,Apple iPhone 13 - 128GB - white - Cracked Back,iPhone 13,13,False,128.0,128GB,128GB,False,For Parts Or Not Working,Damaged,199.99,<$200,1.562421875,,,False,0.0,False,0.0,False,Seller 564,"Terrell, Texas, United States",TX,,False,False,False,TX,Standard,Mid-Gen (12-13),141,4935.0,20.909090909090907
301,Apple iPhone 13 Factory Unlocked Green 128GB #23403,iPhone 13,13,False,128.0,128GB,128GB,False,Used,Second-hand,249.99,$200-399,1.953046875,,,False,0.0,False,0.0,False,Seller 057,"Oviedo, Florida, United States",FL,,False,False,False,FL,Standard,Mid-Gen (12-13),28,4935.0,20.909090909090907
302,Apple iPhone 14 Plus Factory Unlocked Midnight / Black 128GB #23334,iPhone 14 Plus,14,False,128.0,128GB,128GB,False,Used,Second-hand,309.99,$200-399,2.421796875,,,False,0.0,False,0.0,False,Seller 057,"Oviedo, Florida, United States",FL,,False,False,False,FL,Standard,Modern (14+),16,3410.0,31.343283582089555
303,Apple iPhone 14 Pro Max Factory Unlocked Gold 128GB (Back Cracked) #24178,iPhone 14 Pro Max,14,True,128.0,128GB,128GB,False,For Parts Or Not Working,Damaged,359.99,$200-399,2.812421875,,,False,0.0,False,0.0,False,Seller 057,"Oviedo, Florida, United States",FL,,False,False,False,FL,Pro,Modern (14+),30,2750.0,8.085106382978724
304,Apple iPhone 14 256GB Factory Unlocked Purple (Cracked) #24160,iPhone 14,14,False,256.0,256GB,256GB,False,For Parts Or Not Working,Damaged,269.99,$200-399,1.0546484375,,,False,0.0,False,0.0,False,Seller 057,"Oviedo, Florida, United States",FL,,False,False,False,FL,Standard,Modern (14+),27,1329.99,21.492537313432834
305,Apple iPhone 14 Plus 256GB Factory Unlocked White / Starlight #24166,iPhone 14 Plus,14,False,256.0,256GB,256GB,False,Used,Second-hand,339.99,$200-399,1.3280859375,,,False,0.0,False,0.0,False,Seller 057,"Oviedo, Florida, United States",FL,,False,False,False,FL,Standard,Modern (14+),16,3410.0,31.343283582089555
306,Apple iPhone 14 Factory Unlocked Black / Midnight 128GB (Back Cracked) #24159,iPhone 14,14,False,128.0,128GB,128GB,False,For Parts Or Not Working,Damaged,229.99,$200-399,1.796796875,,,False,0.0,False,0.0,False,Seller 057,"Oviedo, Florida, United States",FL,,False,False,False,FL,Standard,Modern (14+),27,1329.99,21.492537313432834
307,Apple iPhone 14 Plus Factory Unlocked Blue 128GB (Tiny Chip) #24203,iPhone 14 Plus,14,False,128.0,128GB,128GB,False,Used,Second-hand,299.99,$200-399,2.343671875,,,False,0.0,False,0.0,False,Seller 057,"Oviedo, Florida, United States",FL,,False,False,False,FL,Standard,Modern (14+),16,3410.0,31.343283582089555
308,Apple iPhone 14 Pro Max Factory Unlocked Space Black 128GB #24184,iPhone 14 Pro Max,14,True,128.0,128GB,128GB,False,Used,Second-hand,429.99,$400-599,3.359296875,,,False,0.0,False,0.0,False,Seller 057,"Oviedo, Florida, United States",FL,,False,False,False,FL,Pro,Modern (14+),30,2750.0,8.085106382978724
309,Apple iPhone 13 256GB Factory Unlocked White #24139,iPhone 13,13,False,256.0,256GB,256GB,False,Used,Second-hand,289.99,$200-399,1.1327734375,,,False,0.0,False,0.0,False,Seller 057,"Oviedo, Florida, United States",FL,,False,False,False,FL,Standard,Mid-Gen (12-13),28,4935.0,20.909090909090907
310,Apple iPhone 14 Plus Factory Unlocked Midnight / Black 128GB #24164,iPhone 14 Plus,14,False,128.0,128GB,128GB,False,Used,Second-hand,309.99,$200-399,2.421796875,,,False,0.0,False,0.0,False,Seller 057,"Oviedo, Florida, United States",FL,,False,False,False,FL,Standard,Modern (14+),16,3410.0,31.343283582089555
311,Apple iPhone 14 Pro Max A2651 UNLOCKED Any Carrier Space Black 256GB iOS 26.3,iPhone 14 Pro Max,14,True,256.0,256GB,256GB,False,Used,Second-hand,480.0,$400-599,1.875,,,False,0.0,False,0.0,False,Seller 069,"Elkhart, Indiana, United States",IN,,False,False,False,IN,Pro,Modern (14+),1,2750.0,8.085106382978724
312,Apple iPhone 14 Factory Unlocked Blue 128GB #24087,iPhone 14,14,False,128.0,128GB,128GB,False,Used,Second-hand,279.99,$200-399,2.187421875,,,False,0.0,False,0.0,False,Seller 057,"Oviedo, Florida, United States",FL,,False,False,False,FL,Standard,Modern (14+),27,1329.99,21.492537313432834
313,Apple iPhone 14 Plus A2632 128GB 91% Midnight Black Factory Unlocked MQ3R3LL/A,iPhone 14 Plus,14,False,128.0,128GB,128GB,False,Used,Second-hand,299.99,$200-399,2.343671875,,,False,0.0,False,0.0,False,Seller 105,"Saint Paul, Minnesota, United States",MN,,False,False,False,MN,Standard,Modern (14+),1,3410.0,31.343283582089555
314,Apple iPhone 14 Pro Max 512GB Factory Unlocked Gold (Glass Cracked) #23339*,iPhone 14 Pro Max,14,True,512.0,512GB,512GB,False,For Parts Or Not Working,Damaged,409.99,$400-599,0.80076171875,,,False,0.0,False,0.0,False,Seller 057,"Oviedo, Florida, United States",FL,,False,False,False,FL,Pro,Modern (14+),30,2750.0,8.085106382978724
315,Apple iPhone 12 Factory Unlocked (88% Batt - Scratches) Black 64GB #24285,iPhone 12,12,False,64.0,64GB,64GB,False,Used,Second-hand,159.99,<$200,2.49984375,,,False,0.0,False,0.0,False,Seller 057,"Oviedo, Florida, United States",FL,,False,False,False,FL,Standard,Mid-Gen (12-13),18,4428.01,45.073891625615765
316,Apple iPhone 14 Factory Unlocked Black / Midnight 128GB #24249,iPhone 14,14,False,128.0,128GB,128GB,False,Used,Second-hand,279.99,$200-399,2.187421875,,,False,0.0,False,0.0,False,Seller 057,"Oviedo, Florida, United States",FL,,False,False,False,FL,Standard,Modern (14+),27,1329.99,21.492537313432834
317,Apple iPhone 12 128GB Factory Unlocked Blue #24227,iPhone 12,12,False,128.0,128GB,128GB,False,Used,Second-hand,199.99,<$200,1.562421875,,,False,0.0,False,0.0,False,Seller 057,"Oviedo, Florida, United States",FL,,False,False,False,FL,Standard,Mid-Gen (12-13),18,4428.01,45.073891625615765
318,Apple iPhone 13 Factory Unlocked (87% Batt) Green 128GB #24235,iPhone 13,13,False,128.0,128GB,128GB,False,Used,Second-hand,259.99,$200-399,2.031171875,,,False,0.0,False,0.0,False,Seller 057,"Oviedo, Florida, United States",FL,,False,False,False,FL,Standard,Mid-Gen (12-13),28,4935.0,20.909090909090907
319,Apple iPhone 14 Pro Max 256GB Factory Unlocked Deep Purple (Back Cracked) #23431,iPhone 14 Pro Max,14,True,256.0,256GB,256GB,False,For Parts Or Not Working,Damaged,389.99,$200-399,1.5233984375,,,False,0.0,False,0.0,False,Seller 057,"Oviedo, Florida, United States",FL,,False,False,False,FL,Pro,Modern (14+),30,2750.0,8.085106382978724
320,Apple iPhone 12 Pro Max 256GB Factory Unlocked Pacific Blue (Back Crack) #23494,iPhone 12 Pro Max,12,True,256.0,256GB,256GB,False,For Parts Or Not Working,Damaged,279.99,$200-399,1.0937109375,,,False,0.0,False,0.0,False,Seller 057,"Oviedo, Florida, United States",FL,,False,False,False,FL,Pro,Mid-Gen (12-13),21,4867.01,4.6875
321,Apple iPhone 13 Factory Unlocked Product Red 128GB #24236,iPhone 13,13,False,128.0,128GB,128GB,False,Used,Second-hand,239.99,$200-399,1.874921875,,,False,0.0,False,0.0,False,Seller 057,"Oviedo, Florida, United States",FL,,False,False,False,FL,Standard,Mid-Gen (12-13),28,4935.0,20.909090909090907
322,Apple iPhone 12 Factory Unlocked Black 64GB #24231,iPhone 12,12,False,64.0,64GB,64GB,False,Used,Second-hand,169.99,<$200,2.65609375,,,False,0.0,False,0.0,False,Seller 057,"Oviedo, Florida, United States",FL,,False,False,False,FL,Standard,Mid-Gen (12-13),18,4428.01,45.073891625615765
323,Apple iPhone 14 Factory Unlocked White / Starlight 128GB #24248,iPhone 14,14,False,128.0,128GB,128GB,False,Used,Second-hand,269.99,$200-399,2.109296875,,,False,0.0,False,0.0,False,Seller 057,"Oviedo, Florida, United States",FL,,False,False,False,FL,Standard,Modern (14+),27,1329.99,21.492537313432834
324,Apple iPhone 14 Pro Max Factory Unlocked Space Black 128GB (Issues) #24254,iPhone 14 Pro Max,14,True,128.0,128GB,128GB,False,For Parts Or Not Working,Damaged,349.99,$200-399,2.734296875,,,False,0.0,False,0.0,False,Seller 057,"Oviedo, Florida, United States",FL,,False,False,False,FL,Pro,Modern (14+),30,2750.0,8.085106382978724
325,Apple iPhone 14 Factory Unlocked Yellow 128GB #24143,iPhone 14,14,False,128.0,128GB,128GB,False,Used,Second-hand,279.99,$200-399,2.187421875,,,False,0.0,False,0.0,False,Seller 057,"Oviedo, Florida, United States",FL,,False,False,False,FL,Standard,Modern (14+),27,1329.99,21.492537313432834
326,Apple iPhone 14 Pro Max 256GB Factory Unlocked Space Black (LCD Quality) #24188,iPhone 14 Pro Max,14,True,256.0,256GB,256GB,False,Used,Second-hand,429.99,$400-599,1.6796484375,,,False,0.0,False,0.0,False,Seller 057,"Oviedo, Florida, United States",FL,,False,False,False,FL,Pro,Modern (14+),30,2750.0,8.085106382978724
327,Apple iPhone 14 Pro Max Factory Unlocked Deep Purple 128GB #24255,iPhone 14 Pro Max,14,True,128.0,128GB,128GB,False,Used,Second-hand,439.99,$400-599,3.437421875,,,False,0.0,False,0.0,False,Seller 057,"Oviedo, Florida, United States",FL,,False,False,False,FL,Pro,Modern (14+),30,2750.0,8.085106382978724
328,Apple iPhone 14 Pro Max 256GB Factory Unlocked Deep Purple #23434,iPhone 14 Pro Max,14,True,256.0,256GB,256GB,False,Used,Second-hand,469.99,$400-599,1.8358984375,,,False,0.0,False,0.0,False,Seller 057,"Oviedo, Florida, United States",FL,,False,False,False,FL,Pro,Modern (14+),30,2750.0,8.085106382978724
329,Apple iPhone 13 Factory Unlocked White / Starlight 128GB (Cam Lens Chip) #23498,iPhone 13,13,False,128.0,128GB,128GB,False,Used,Second-hand,219.99,$200-399,1.718671875,,,False,0.0,False,0.0,False,Seller 057,"Oviedo, Florida, United States",FL,,False,False,False,FL,Standard,Mid-Gen (12-13),28,4935.0,20.909090909090907
330,Apple iPhone 14 Pro Max Factory Unlocked Space Black 128GB #23618,iPhone 14 Pro Max,14,True,128.0,128GB,128GB,False,Used,Second-hand,429.99,$400-599,3.359296875,,,False,0.0,False,0.0,False,Seller 057,"Oviedo, Florida, United States",FL,,False,False,False,FL,Pro,Modern (14+),30,2750.0,8.085106382978724
331,SALE Apple iPhone 17 Pro Max - 2 TB - Deep Blue (Unlocked),iPhone 17 Pro Max,17,True,2048.0,2048GB,2048GB,False,New,Second-hand,649.0,$600-899,0.31689453125,,,False,4.0,True,1.0,True,Seller 398,"New Orleans, Louisiana, United States",LA,,False,False,False,LA,Pro,Modern (14+),1,2710.0,8.176100628930817
332,Apple iPhone 12 Pro Max 256GB Factory Unlocked White / Silver (Back Crack) #3589,iPhone 12 Pro Max,12,True,256.0,256GB,256GB,False,For Parts Or Not Working,Damaged,279.99,$200-399,1.0937109375,,,False,0.0,False,0.0,False,Seller 057,"Oviedo, Florida, United States",FL,,False,False,False,FL,Pro,Mid-Gen (12-13),21,4867.01,4.6875
333,Apple iPhone 13 Factory Unlocked Pink 128GB (Lens Cracked) #23499,iPhone 13,13,False,128.0,128GB,128GB,False,For Parts Or Not Working,Damaged,199.99,<$200,1.562421875,,,False,0.0,False,0.0,False,Seller 057,"Oviedo, Florida, United States",FL,,False,False,False,FL,Standard,Mid-Gen (12-13),28,4935.0,20.909090909090907
334,Apple iPhone 12 128GB Factory Unlocked Purple (Loose Charge Port) #23690,iPhone 12,12,False,128.0,128GB,128GB,False,Used,Second-hand,169.99,<$200,1.328046875,,,False,0.0,False,0.0,False,Seller 057,"Oviedo, Florida, United States",FL,,False,False,False,FL,Standard,Mid-Gen (12-13),18,4428.01,45.073891625615765
335,Apple iPhone 14 256GB Factory Unlocked Black / Midnight (Scratches) #23567,iPhone 14,14,False,256.0,256GB,256GB,False,Used,Second-hand,249.99,$200-399,0.9765234375,,,False,0.0,False,0.0,False,Seller 057,"Oviedo, Florida, United States",FL,,False,False,False,FL,Standard,Modern (14+),27,1329.99,21.492537313432834
336,Apple iPhone 14 Pro Max Factory Unlocked Space Black 128GB #23528,iPhone 14 Pro Max,14,True,128.0,128GB,128GB,False,Used,Second-hand,419.99,$400-599,3.281171875,,,False,0.0,False,0.0,False,Seller 057,"Oviedo, Florida, United States",FL,,False,False,False,FL,Pro,Modern (14+),30,2750.0,8.085106382978724
337,Apple iPhone 14 Pro Max Factory Unlocked Space Black 128GB (Camera Issue) #23617,iPhone 14 Pro Max,14,True,128.0,128GB,128GB,False,Used,Second-hand,379.99,$200-399,2.968671875,,,False,0.0,False,0.0,False,Seller 057,"Oviedo, Florida, United States",FL,,False,False,False,FL,Pro,Modern (14+),30,2750.0,8.085106382978724
338,Apple iPhone 16 256GB Black - Unlocked AT&T T-Mobile Verizon 7631081,iPhone 16,16,False,256.0,256GB,256GB,False,Open Box,Like New,635.0,$600-899,2.48046875,849.99,25.29,True,0.0,False,0.0,False,Seller 184,"Orlando, Florida, United States",FL,,False,False,False,FL,Standard,Modern (14+),25,639.5,7.207207207207207
339,Apple iPhone 14 Pro Max 256GB Factory Unlocked Space Black #23238,iPhone 14 Pro Max,14,True,256.0,256GB,256GB,False,Used,Second-hand,429.99,$400-599,1.6796484375,,,False,0.0,False,0.0,False,Seller 057,"Oviedo, Florida, United States",FL,,False,False,False,FL,Pro,Modern (14+),30,2750.0,8.085106382978724
340,Apple iPhone 14 Factory Unlocked Black / Midnight 128GB #23608,iPhone 14,14,False,128.0,128GB,128GB,False,Used,Second-hand,259.99,$200-399,2.031171875,,,False,0.0,False,0.0,False,Seller 057,"Oviedo, Florida, United States",FL,,False,False,False,FL,Standard,Modern (14+),27,1329.99,21.492537313432834
341,Apple iPhone 14 Pro Max Factory Unlocked Space Black 128GB #23620,iPhone 14 Pro Max,14,True,128.0,128GB,128GB,False,Used,Second-hand,429.99,$400-599,3.359296875,,,False,0.0,False,0.0,False,Seller 057,"Oviedo, Florida, United States",FL,,False,False,False,FL,Pro,Modern (14+),30,2750.0,8.085106382978724
342,Apple iPhone 17 - 512 GB - White (Unlocked),iPhone 17,17,False,512.0,512GB,512GB,False,New,Second-hand,459.0,$400-599,0.896484375,,,False,4.0,True,0.0,False,Seller 324,"Houston, Texas, United States",TX,,False,False,False,TX,Standard,Modern (14+),23,1000.99,7.857142857142857
343,Apple iPhone 17 Pro Max - 2 TB - Cosmic Orange (Unlocked),iPhone 17 Pro Max,17,True,2048.0,2048GB,2048GB,False,New,Second-hand,499.0,$400-599,0.24365234375,,,False,0.0,False,1.0,True,Seller 674,"O'Fallon, Missouri, United States",MO,,False,False,False,MO,Pro,Modern (14+),1,2710.0,8.176100628930817
344,iPhone 17,iPhone 17,17,False,,Tidak Diketahui,,False,New,Second-hand,800.0,$600-899,,,,False,0.0,False,0.0,False,Seller 311,"Phoenix, Arizona, United States",AZ,,False,False,False,AZ,Standard,Modern (14+),8,1000.99,7.857142857142857
345,Apple iPhone 12 Pro Max 256GB Factory Unlocked Graphite (Bad Wide Camera) #23495,iPhone 12 Pro Max,12,True,256.0,256GB,256GB,False,Used,Second-hand,299.99,$200-399,1.1718359375,,,False,0.0,False,0.0,False,Seller 057,"Oviedo, Florida, United States",FL,,False,False,False,FL,Pro,Mid-Gen (12-13),21,4867.01,4.6875
346,Apple iPhone 17 Pro Max - 1 TB - Silver (Unlocked),iPhone 17 Pro Max,17,True,1024.0,1024GB,1024GB,False,New,Second-hand,498.0,$400-599,0.486328125,,,False,2.0,True,0.0,False,Seller 575,"Miami, Florida, United States",FL,,False,False,False,FL,Pro,Modern (14+),19,2710.0,8.176100628930817
347,Apple iPhone 16 128GB Unlocked,iPhone 16,16,False,128.0,128GB,128GB,False,Open Box,Like New,449.99,$400-599,3.515546875,,,False,3.0,True,5.0,True,Seller 394,"Ashland, Virginia, United States",VA,,False,False,False,VA,Standard,Modern (14+),3,639.5,7.207207207207207
348,Apple iPhone 16 512GB Pink - Unlocked AT&T T-Mobile Verizon 7630431,iPhone 16,16,False,512.0,512GB,512GB,False,Open Box,Like New,675.0,$600-899,1.318359375,899.99,25.0,True,0.0,False,0.0,False,Seller 184,"Orlando, Florida, United States",FL,,False,False,False,FL,Standard,Modern (14+),25,639.5,7.207207207207207
349,Apple iPhone 14 Factory Unlocked Purple 128GB (Scratches) #24297,iPhone 14,14,False,128.0,128GB,128GB,False,Used,Second-hand,259.99,$200-399,2.031171875,,,False,0.0,False,0.0,False,Seller 057,"Oviedo, Florida, United States",FL,,False,False,False,FL,Standard,Modern (14+),27,1329.99,21.492537313432834
350,Apple iPhone 13 Factory Unlocked Black / Midnight 128GB #24291,iPhone 13,13,False,128.0,128GB,128GB,False,Used,Second-hand,239.99,$200-399,1.874921875,,,False,0.0,False,0.0,False,Seller 057,"Oviedo, Florida, United States",FL,,False,False,False,FL,Standard,Mid-Gen (12-13),28,4935.0,20.909090909090907
351,Apple iPhone 17 Pro Max - 1 TB - Cosmic Orange (Unlocked),iPhone 17 Pro Max,17,True,1024.0,1024GB,1024GB,False,New,Second-hand,579.0,$400-599,0.5654296875,,,False,4.0,True,0.0,False,Seller 595,"Austin, Texas, United States",TX,,False,False,False,TX,Pro,Modern (14+),19,2710.0,8.176100628930817
352,Apple iPhone 17 Pro Max - 1 TB - Cosmic Orange (Unlocked),iPhone 17 Pro Max,17,True,1024.0,1024GB,1024GB,False,New,Second-hand,956.0,$900-1299,0.93359375,,,False,0.0,False,0.0,False,Seller 481,"Brownsville, Texas, United States",TX,,False,False,False,TX,Pro,Modern (14+),19,2710.0,8.176100628930817
353,Apple iPhone 12 Pro Max - 256GB - Pacific Blue (Unlocked) A2342 (CDMA + GSM),iPhone 12 Pro Max,12,True,256.0,256GB,256GB,False,Used,Second-hand,650.0,$600-899,2.5390625,,,False,0.0,False,0.0,False,Seller 675,"Brentwood, Maryland, United States",MD,,False,False,False,MD,Pro,Mid-Gen (12-13),1,4867.01,4.6875
354,iPhone 12 Unlocked,iPhone 12,12,False,,Tidak Diketahui,,False,Open Box,Like New,417.0,$400-599,,,,False,0.0,False,0.0,False,Seller 417,"Grandview, Missouri, United States",MO,,False,False,False,MO,Standard,Mid-Gen (12-13),1,4428.01,45.073891625615765
355,Lightly Used Purple Apple iPhone 12 50GB,iPhone 12,12,False,,Tidak Diketahui,50GB,True,Used,Second-hand,200.0,$200-399,,,,False,0.0,False,0.0,False,Seller 363,"Summer Shade, Kentucky, United States",KY,,False,False,False,KY,Standard,Mid-Gen (12-13),1,4428.01,45.073891625615765
356,Apple iPhone 13 - 256 GB - Blue (Unlocked) TikTok installed,iPhone 13,13,False,256.0,256GB,256GB,False,Used,Second-hand,800.0,$600-899,3.125,,,False,0.0,False,0.0,False,Seller 501,"Houston, Texas, United States",TX,,False,False,True,TX,Standard,Mid-Gen (12-13),141,4935.0,20.909090909090907
357,iPhone 13 With TikTok And CapCut,iPhone 13,13,False,,Tidak Diketahui,,False,Used,Second-hand,2750.0,$1300+,,,,False,0.0,False,0.0,False,Seller 471,"Arlington, Texas, United States",TX,,False,False,True,TX,Standard,Mid-Gen (12-13),141,4935.0,20.909090909090907
358,Apple iPhone 13 - 256 GB - White (Unlocked),iPhone 13,13,False,256.0,256GB,256GB,False,Used,Second-hand,5000.0,$1300+,19.53125,,,False,0.0,False,0.0,False,Seller 504,"Glen Burnie, Maryland, United States",MD,,False,False,False,MD,Standard,Mid-Gen (12-13),2,4935.0,20.909090909090907
359,iphone 13 With TikTok,iPhone 13,13,False,,Tidak Diketahui,,False,New,Second-hand,5000.0,$1300+,,,,False,0.0,False,0.0,False,Seller 617,"Indianapolis, Indiana, United States",IN,,False,False,True,IN,Standard,Mid-Gen (12-13),3,4935.0,20.909090909090907
360,TikTok iPhone 12 Pro Max,iPhone 12 Pro Max,12,True,,Tidak Diketahui,,False,Used,Second-hand,2000.0,$1300+,,,,False,0.0,False,0.0,False,Seller 568,"Carroll, Iowa, United States",IA,,False,False,True,IA,Pro,Mid-Gen (12-13),1,4867.01,4.6875
361,iPhone 13 With Tik Tok,iPhone 13,13,False,,Tidak Diketahui,,False,Open Box,Like New,2000.0,$1300+,,,,False,0.0,False,0.0,False,Seller 283,"Ludowici, Georgia, United States",GA,,False,False,False,GA,Standard,Mid-Gen (12-13),4,4935.0,20.909090909090907
362,Apple iPhone 12 Pro Max - 512 GB - Blue (Unlocked),iPhone 12 Pro Max,12,True,512.0,512GB,512GB,False,Used,Second-hand,365.0,$200-399,0.712890625,,,False,0.0,False,0.0,False,Seller 535,"Tempe, Arizona, United States",AZ,,False,False,False,AZ,Pro,Mid-Gen (12-13),2,4867.01,4.6875
363,Apple iPhone 13 128GB Unlocked - Fair Condition - 100% OEM - Several Colors,iPhone 13,13,False,128.0,128GB,128GB,False,Used,Second-hand,199.99,<$200,1.562421875,,,False,0.0,False,0.0,False,Seller 255,"Charleston, West Virginia, United States",VA,,False,False,False,VA,Standard,Mid-Gen (12-13),3,4935.0,20.909090909090907
364,"Apple iPhone 13 128GB, Black, Unlocked, iOS 26",iPhone 13,13,False,128.0,128GB,128GB,False,Used,Second-hand,240.0,$200-399,1.875,,,False,0.0,False,0.0,False,Seller 275,"Brooklyn, New York, United States",NY,,False,False,False,NY,Standard,Mid-Gen (12-13),27,4935.0,20.909090909090907
365,Apple iPhone 17 - 256 GB - White (Unlocked),iPhone 17,17,False,256.0,256GB,256GB,False,Open Box,Like New,789.0,$600-899,3.08203125,,,False,0.0,False,0.0,False,Seller 365,"Mooresville, North Carolina, United States",NC,,False,False,False,NC,Standard,Modern (14+),1,1000.99,7.857142857142857
366,Apple iPhone 14 Pro Max - 128 GB - Gold (Unlocked),iPhone 14 Pro Max,14,True,128.0,128GB,128GB,False,Open Box,Like New,584.23,$400-599,4.564296875,614.98,5.0,True,0.0,False,0.0,False,Seller 119,"Lexington, Kentucky, United States",KY,,False,False,False,KY,Pro,Modern (14+),1,2750.0,8.085106382978724
367,Apple iPhone 17 Pro Max - 1 TB - Cosmic Orange (Unlocked),iPhone 17 Pro Max,17,True,1024.0,1024GB,1024GB,False,New,Second-hand,599.99,$400-599,0.585927734375,,,False,4.0,True,0.0,False,Seller 402,"Dallas, Texas, United States",TX,,False,False,False,TX,Pro,Modern (14+),19,2710.0,8.176100628930817
368,Apple iPhone 17 Pro Max Cosmic Orange 256GB eSIM A3527 Smartphone (Sealed),iPhone 17 Pro Max,17,True,256.0,256GB,256GB,False,New,Second-hand,1007.0,$900-1299,3.93359375,,,False,0.0,False,0.0,False,Seller 308,"Austin, Texas, United States",TX,,False,False,False,TX,Pro,Modern (14+),19,2710.0,8.176100628930817
369,Have a new iPhone 17 ready to be activated with I Never Used ask for information,iPhone 17,17,False,,Tidak Diketahui,,False,New,Second-hand,1200.0,$900-1299,,,,False,0.0,False,0.0,False,Seller 588,"Irving, Texas, United States",TX,,False,False,False,TX,Standard,Modern (14+),23,1000.99,7.857142857142857
370,Apple iPhone 17 Pro Max - 256 GB - Cosmic Orange (Unlocked),iPhone 17 Pro Max,17,True,256.0,256GB,256GB,False,New,Second-hand,610.0,$600-899,2.3828125,,,False,0.0,False,0.0,False,Seller 499,"Los Gatos, California, United States",CA,,False,False,False,CA,Pro,Modern (14+),25,2710.0,8.176100628930817
371,Apple iPhone 17 Pro Max - 1 TB - Deep Blue (Unlocked),iPhone 17 Pro Max,17,True,1024.0,1024GB,1024GB,False,New,Second-hand,498.0,$400-599,0.486328125,,,False,2.0,True,0.0,False,Seller 606,"Hendersonville, North Carolina, United States",NC,,False,False,False,NC,Pro,Modern (14+),2,2710.0,8.176100628930817
372,Apple iPhone 12 Pro Max 128 GB Plateado Desbloqueado Funciona Muy bien-,iPhone 12 Pro Max,12,True,128.0,128GB,128GB,False,Used,Second-hand,229.0,$200-399,1.7890625,,,False,0.0,False,0.0,False,Seller 196,"Virginia Beach, Virginia, Estados Unidos",VA,,False,False,False,VA,Pro,Mid-Gen (12-13),3,4867.01,4.6875
373,Apple iPhone 13 128G Unlocked Good Condition,iPhone 13,13,False,,Tidak Diketahui,,False,Used,Second-hand,650.0,$600-899,,,,False,0.0,False,0.0,False,Seller 261,"Elkview, West Virginia, United States",VA,,False,False,False,VA,Standard,Mid-Gen (12-13),3,4935.0,20.909090909090907
374,Apple iPhone 12 Max - 1 TB - Black (Unlocked),iPhone 12,12,False,1024.0,1024GB,1024GB,False,Used,Second-hand,2500.0,$1300+,2.44140625,,,False,0.0,False,0.0,False,Seller 496,"Colorado Springs, Colorado, United States",CO,,False,False,False,CO,Standard,Mid-Gen (12-13),1,4428.01,45.073891625615765
375,iPhone 12 Pro Max (WITH TIKTOK) - 512GB,iPhone 12 Pro Max,12,True,512.0,512GB,512GB,False,Used,Second-hand,1000.0,$900-1299,1.953125,,,False,0.0,False,0.0,False,Seller 546,"San Diego, California, United States",CA,,False,False,True,CA,Pro,Mid-Gen (12-13),10,4867.01,4.6875
376,IPHONE 13S W/ TIKTOK APP INSTALLED,iPhone 13,13,False,,Tidak Diketahui,,False,Used,Second-hand,3000.0,$1300+,,,,False,0.0,False,0.0,False,Seller 262,"Bronx, New York, United States",NY,,False,False,True,NY,Standard,Mid-Gen (12-13),27,4935.0,20.909090909090907
377,Apple iPhone 14 - 128 GB - Red - SALVAGE - READ - R18,iPhone 14,14,False,128.0,128GB,128GB,False,For Parts Or Not Working,Damaged,100.0,<$200,0.78125,,,False,0.0,False,0.0,False,Seller 134,"Perry Hall, Maryland, United States",MD,,False,False,False,MD,Standard,Modern (14+),3,1329.99,21.492537313432834
378,iPhone 14 Pro Max - 128GB - Natural Titanium - Physical SIM,iPhone 14 Pro Max,14,True,128.0,128GB,128GB,False,Used,Second-hand,704.5,$600-899,5.50390625,,,False,0.0,False,0.0,False,Seller 206,"Laval, Quebec, Canada",INTL,,False,False,False,INTL,Pro,Modern (14+),17,2750.0,8.085106382978724
379,Apple iPhone 14 Plus - 128 GB - Blue (Unlocked),iPhone 14 Plus,14,False,128.0,128GB,128GB,False,Used,Second-hand,300.0,$200-399,2.34375,,,False,0.0,False,0.0,False,Seller 473,"Oceanside, California, United States",CA,,False,False,False,CA,Standard,Modern (14+),19,3410.0,31.343283582089555
380,Apple iPhone 13 Pro-Factory Unlocked—GOOD CONDITION!—FREE SHIPPING,iPhone 13 Pro,13,True,,Tidak Diketahui,,False,Used,Second-hand,313.13,$200-399,,,,False,0.0,False,0.0,False,Seller 003,"Trenton, New Jersey, United States",NJ,,False,False,False,NJ,Pro,Mid-Gen (12-13),2,3726.87,66.66666666666666
381,Apple iPhone 17 - 256 GB - White (Unlocked),iPhone 17,17,False,256.0,256GB,256GB,False,New,Second-hand,875.0,$600-899,3.41796875,,,False,0.0,False,0.0,False,Seller 229,"Paterson, New Jersey, United States",NJ,,False,False,False,NJ,Standard,Modern (14+),2,1000.99,7.857142857142857
382,Apple iPhone 17 - 256GB - Purple (T-Mobile),iPhone 17,17,False,256.0,256GB,256GB,False,Open Box,Like New,749.0,$600-899,2.92578125,,,False,0.0,False,0.0,False,Seller 425,"Campbell, California, United States",CA,,False,False,False,CA,Standard,Modern (14+),15,1000.99,7.857142857142857
383,Apple iPhone 17 Pro Max - 1 TB - Cosmic Orange (Unlocked),iPhone 17 Pro Max,17,True,1024.0,1024GB,1024GB,False,New,Second-hand,599.0,$400-599,0.5849609375,,,False,5.0,True,0.0,False,Seller 464,"Frankfort, Kentucky, United States",KY,,False,False,False,KY,Pro,Modern (14+),2,2710.0,8.176100628930817
384,"New Apple iPhone 13 mini 5G 128GB GSM+CDMA IOS Fully Unlocked Smartphone 5.4"" US",iPhone 13 Mini,13,False,128.0,128GB,128GB,False,New,Second-hand,352.55,$200-399,2.754296875,,,False,3.0,True,0.0,False,Seller 054,"Edison, New Jersey, United States",NJ,,False,False,False,NJ,Standard,Mid-Gen (12-13),151,491.95,6.462585034013606
385,iPhone 17 256GB White AT&T Locked-Open Box,iPhone 17,17,False,256.0,256GB,256GB,False,Open Box,Like New,699.0,$600-899,2.73046875,,,False,0.0,False,0.0,False,Seller 062,"West Chester, Ohio, United States",OH,,False,False,False,OH,Standard,Modern (14+),7,1000.99,7.857142857142857
386,Apple iPhone 17 Pro Max - 2 TB - Cosmic Orange (Unlocked),iPhone 17 Pro Max,17,True,2048.0,2048GB,2048GB,False,New,Second-hand,479.99,$400-599,0.2343701171875,,,False,2.0,True,0.0,False,Seller 296,"Tacoma, Washington, United States",WA,,False,False,False,WA,Pro,Modern (14+),7,2710.0,8.176100628930817
387,Apple iPhone 12 (64GB) | White | Fully Unlocked | Very Good,iPhone 12,12,False,64.0,64GB,64GB,False,Used,Second-hand,199.18,<$200,3.1121875,,,False,0.0,False,0.0,False,Seller 137,"Roseville, California, United States",CA,,False,False,False,CA,Standard,Mid-Gen (12-13),23,4428.01,45.073891625615765
388,BIG SALE Apple iPhone 17 Pro Max - 2 TB - Cosmic Orange (Unlocked),iPhone 17 Pro Max,17,True,2048.0,2048GB,2048GB,False,New,Second-hand,489.0,$400-599,0.23876953125,,,False,5.0,True,0.0,False,Seller 662,"Yemassee, South Carolina, United States",SC,,False,False,False,SC,Pro,Modern (14+),1,2710.0,8.176100628930817
389,Apple iPhone 17 Pro Max - 1 TB - Cosmic Orange (Unlocked),iPhone 17 Pro Max,17,True,1024.0,1024GB,1024GB,False,New,Second-hand,579.98,$400-599,0.56638671875,,,False,4.0,True,0.0,False,Seller 463,"Chino Hills, California, United States",CA,,False,False,False,CA,Pro,Modern (14+),25,2710.0,8.176100628930817
390,iPhone 12 Pro Max with TikTok,iPhone 12 Pro Max,12,True,,Tidak Diketahui,,False,Used,Second-hand,2000.0,$1300+,,,,False,0.0,False,0.0,False,Seller 232,"Denver, Colorado, United States",CO,,False,False,True,CO,Pro,Mid-Gen (12-13),1,4867.01,4.6875
391,iphone 12 pro max unlocked (WITH TIKTOK ALREADY INSTALLED ),iPhone 12 Pro Max,12,True,,Tidak Diketahui,,False,Used,Second-hand,4000.0,$1300+,,,,False,0.0,False,0.0,False,Seller 287,"Clementon, New Jersey, United States",NJ,,False,False,True,NJ,Pro,Mid-Gen (12-13),8,4867.01,4.6875
392,Iphone 16 - EXCELLENT CONDITION - Unlocked -ultramarine - 128gig - $700 OBO,iPhone 16,16,False,,Tidak Diketahui,,False,Open Box,Like New,700.0,$600-899,,,,False,0.0,False,0.0,False,Seller 537,"Enfield, Connecticut, United States",CT,,False,False,False,CT,Standard,Modern (14+),2,639.5,7.207207207207207
393,"iphone 13, 256 gb, no carrier",iPhone 13,13,False,256.0,256GB,256GB,False,Used,Second-hand,699.0,$600-899,2.73046875,,,False,0.0,False,0.0,False,Seller 681,"Los Angeles, California, United States",CA,,False,False,False,CA,Standard,Mid-Gen (12-13),22,4935.0,20.909090909090907
394,Apple iPhone 12 64GB- Fully Unlocked - Excellent Condition with any crashes,iPhone 12,12,False,64.0,64GB,64GB,False,Used,Second-hand,419.99,$400-599,6.56234375,,,False,0.0,False,0.0,False,Seller 362,"Hollywood, Florida, United States",FL,,False,False,False,FL,Standard,Mid-Gen (12-13),18,4428.01,45.073891625615765
395,Iphone 14 Pro Max 1 TB Gold Color in Excellent Condition,iPhone 14 Pro Max,14,True,1024.0,1024GB,1024GB,False,Used,Second-hand,780.0,$600-899,0.76171875,,,False,0.0,False,0.0,False,Seller 475,"Rochester, New York, United States",NY,,False,False,False,NY,Pro,Modern (14+),31,2750.0,8.085106382978724
396,UNLOCKED Apple iPhone 16 128GB Black 5G iOS Wi-Fi Bluetooth Touchscreen Camera,iPhone 16,16,False,128.0,128GB,128GB,False,Open Box,Like New,595.0,$400-599,4.6484375,,,False,4.0,True,1.0,True,Seller 244,"Chicago, Illinois, United States",IL,,False,False,False,IL,Standard,Modern (14+),1,639.5,7.207207207207207
397,Apple iPhone 14 Pro Max - 128 GB - (Unlocked) Very Good Condition,iPhone 14 Pro Max,14,True,128.0,128GB,128GB,False,Used,Second-hand,460.99,$400-599,3.601484375,,,False,1.0,True,0.0,False,Seller 424,"Hollywood, Florida, United States",FL,,False,False,False,FL,Pro,Modern (14+),30,2750.0,8.085106382978724
398,Apple iPhone 14 Pro Max 128GB- Good Condition- 87% 🔋- New Screen,iPhone 14 Pro Max,14,True,128.0,128GB,128GB,False,Used,Second-hand,579.95,$400-599,4.530859375,,,False,0.0,False,0.0,False,Seller 659,"Greenfield Park, Canada",INTL,,False,False,False,INTL,Pro,Modern (14+),17,2750.0,8.085106382978724
399,Apple iPhone 13 – 128GB – Midnight -carrier locked Cell Phone– Read description,iPhone 13,13,False,128.0,128GB,128GB,False,Used,Second-hand,150.0,<$200,1.171875,,,False,0.0,False,0.0,False,Seller 289,"Greeneville, Tennessee, United States",TN,,False,False,False,TN,Standard,Mid-Gen (12-13),6,4935.0,20.909090909090907
400,Apple iPhone 17 Pro Max - 1 TB - Cosmic Orange (Unlocked),iPhone 17 Pro Max,17,True,1024.0,1024GB,1024GB,False,New,Second-hand,610.0,$600-899,0.595703125,,,False,2.0,True,0.0,False,Seller 318,"Scottsdale, Arizona, United States",AZ,,False,False,False,AZ,Pro,Modern (14+),3,2710.0,8.176100628930817
401,Apple iPhone 17 Pro Max - 512 GB - Deep Blue (Unlocked),iPhone 17 Pro Max,17,True,512.0,512GB,512GB,False,New,Second-hand,659.99,$600-899,1.28904296875,,,False,3.0,True,1.0,True,Seller 601,"Kansas City, Missouri, United States",KS,,False,False,False,KS,Pro,Modern (14+),2,2710.0,8.176100628930817
402,Apple iPhone 17 Pro Max - 256 GB - Silver (Unlocked),iPhone 17 Pro Max,17,True,256.0,256GB,256GB,False,New,Second-hand,599.0,$400-599,2.33984375,,,False,3.0,True,0.0,False,Seller 400,"Athens, Georgia, United States",GA,,False,False,False,GA,Pro,Modern (14+),4,2710.0,8.176100628930817
403,"Apple iPhone 14 128GB Blue ""iCloud""",iPhone 14,14,False,128.0,128GB,128GB,False,For Parts Or Not Working,Damaged,249.99,$200-399,1.953046875,,,False,0.0,False,0.0,False,Seller 042,"Apopka, Florida, United States",FL,,False,False,False,FL,Standard,Modern (14+),27,1329.99,21.492537313432834
404,Apple iPhone 17 Pro Max - 2 TB - Silver (Unlocked),iPhone 17 Pro Max,17,True,2048.0,2048GB,2048GB,False,New,Second-hand,499.0,$400-599,0.24365234375,,,False,0.0,False,1.0,True,Seller 351,"Elmwood Park, Illinois, United States",IL,,False,False,False,IL,Pro,Modern (14+),1,2710.0,8.176100628930817
405,"Apple iPhone 17 Pro Max Unlocked, 256GB",iPhone 17 Pro Max,17,True,256.0,256GB,256GB,False,New,Second-hand,1500.0,$1300+,5.859375,,,False,0.0,False,0.0,False,Seller 553,"Brooklyn, New York, United States",NY,,False,False,False,NY,Pro,Modern (14+),14,2710.0,8.176100628930817
406,Apple iPhone 17 Pro Max - 256 GB - Silver (Unlocked),iPhone 17 Pro Max,17,True,256.0,256GB,256GB,False,New,Second-hand,683.89,$600-899,2.6714453125,,,False,0.0,False,0.0,False,Seller 567,"Eastpointe, Michigan, United States",MI,,False,False,False,MI,Pro,Modern (14+),4,2710.0,8.176100628930817
407,Apple iPhone 16 256GB Black Unlocked AT&T T-Mobile Verizon w/ 100% batt! 7629792,iPhone 16,16,False,256.0,256GB,256GB,False,Open Box,Like New,660.0,$600-899,2.578125,849.99,22.35,True,0.0,False,0.0,False,Seller 184,"Orlando, Florida, United States",FL,,False,False,False,FL,Standard,Modern (14+),25,639.5,7.207207207207207
408,Apple iPhone 16 256GB Blue Unlocked AT&T T-Mobile Verizon w/ 100% batt! 7631836,iPhone 16,16,False,256.0,256GB,256GB,False,Open Box,Like New,660.0,$600-899,2.578125,849.99,22.35,True,0.0,False,0.0,False,Seller 184,"Orlando, Florida, United States",FL,,False,False,False,FL,Standard,Modern (14+),25,639.5,7.207207207207207
409,BIG SALE Apple iPhone 17 Pro Max - 2 TB - Cosmic Orange (Unlocked),iPhone 17 Pro Max,17,True,2048.0,2048GB,2048GB,False,New,Second-hand,489.0,$400-599,0.23876953125,,,False,5.0,True,0.0,False,Seller 457,"Amarillo, Texas, United States",TX,,False,False,False,TX,Pro,Modern (14+),19,2710.0,8.176100628930817
410,Apple iPhone 17 Pro Max - 1 TB - Cosmic Orange (Unlocked),iPhone 17 Pro Max,17,True,1024.0,1024GB,1024GB,False,New,Second-hand,579.0,$400-599,0.5654296875,,,False,3.0,True,2.0,True,Seller 671,"Alpharetta, Georgia, United States",GA,,False,False,False,GA,Pro,Modern (14+),4,2710.0,8.176100628930817
411,Apple iPhone 17 Pro Max - 1 TB - Cosmic Orange (Unlocked),iPhone 17 Pro Max,17,True,1024.0,1024GB,1024GB,False,New,Second-hand,579.99,$400-599,0.566396484375,,,False,4.0,True,0.0,False,Seller 455,"Alpharetta, Georgia, United States",GA,,False,False,False,GA,Pro,Modern (14+),4,2710.0,8.176100628930817
412,Apple iPhone 12 (PRODUCT)RED - 64GB (Unlocked),iPhone 12,12,False,64.0,64GB,64GB,False,Open Box,Like New,890.0,$600-899,13.90625,,,False,0.0,False,0.0,False,Seller 598,"Coolalinga, Australia",INTL,2022-12-02,True,False,False,INTL,Standard,Mid-Gen (12-13),21,4428.01,45.073891625615765
413,Brand new factory sealed Apple iPhone 14 Pro Max - 256GB - Gold (Unlocked),iPhone 14 Pro Max,14,True,256.0,256GB,256GB,False,New,Second-hand,1406.5,$1300+,5.494140625,,,False,0.0,False,2.0,True,Seller 638,"Atlanta, Georgia, United States",GA,2023-04-19,True,False,False,GA,Pro,Modern (14+),3,2750.0,8.085106382978724
414,Apple iPhone 12 Pro Max - 256GB - Gold (Factory Unlocked),iPhone 12 Pro Max,12,True,256.0,256GB,256GB,False,Open Box,Like New,650.0,$600-899,2.5390625,,,False,0.0,False,0.0,False,Seller 530,"Pompano Beach, Florida, United States",FL,2023-11-14,True,False,False,FL,Pro,Mid-Gen (12-13),21,4867.01,4.6875
415,Apple iPhone 13 - 128GB - Blue (Verizon) (N) No Box,iPhone 13,13,False,128.0,128GB,128GB,False,Used,Second-hand,499.99,$400-599,3.906171875,,,False,0.0,False,0.0,False,Seller 217,"Niles, Illinois, United States",IL,2023-12-07,True,False,False,IL,Standard,Mid-Gen (12-13),5,4935.0,20.909090909090907
416,Apple iPhone 12 - 64 GB - Blue (Unlocked) (Single SIM),iPhone 12,12,False,64.0,64GB,64GB,False,Used,Second-hand,500.0,$400-599,7.8125,,,False,0.0,False,0.0,False,Seller 383,"Simi Valley, California, United States",CA,2024-02-08,True,False,False,CA,Standard,Mid-Gen (12-13),23,4428.01,45.073891625615765
417,Apple iPhone 14 Pro Max - 128 GB - Deep Purple (Unlocked),iPhone 14 Pro Max,14,True,128.0,128GB,128GB,False,Used,Second-hand,978.54,$900-1299,7.64484375,,,False,0.0,False,0.0,False,Seller 596,"Ridley Park, Pennsylvania, United States",PA,2024-04-04,True,False,False,PA,Pro,Modern (14+),1,2750.0,8.085106382978724
418,Apple iPhone 13 - 128GB - Factory Unlocked - Excellent Condition,iPhone 13,13,False,128.0,128GB,128GB,False,Used,Second-hand,499.0,$400-599,3.8984375,,,False,0.0,False,0.0,False,Seller 421,"San Mateo, California, United States",CA,2024-05-31,True,False,False,CA,Standard,Mid-Gen (12-13),22,4935.0,20.909090909090907
419,Apple iPhone 12 64 GB Factory Unlocked | Excellent Condition,iPhone 12,12,False,64.0,64GB,64GB,False,Used,Second-hand,299.0,$200-399,4.671875,,,False,3.0,True,0.0,False,Seller 631,"Euless, Texas, United States",TX,2024-07-17,True,False,False,TX,Standard,Mid-Gen (12-13),284,4428.01,45.073891625615765
420,"Apple iPhone 12 Pro Max 256 GB Pacific Blue Unlocked Good Condition, Very Good.",iPhone 12 Pro Max,12,True,256.0,256GB,256GB,False,Used,Second-hand,600.0,$600-899,2.34375,,,False,0.0,False,0.0,False,Seller 682,"DeLand, Florida, United States",FL,2024-09-08,True,False,False,FL,Pro,Mid-Gen (12-13),21,4867.01,4.6875
421,Apple iPhone 14 Plus - 256GB - Black (Unlocked),iPhone 14 Plus,14,False,256.0,256GB,256GB,False,Used,Second-hand,700.0,$600-899,2.734375,,,False,0.0,False,0.0,False,Seller 435,"Grand Rapids, Michigan, United States",MI,2024-10-18,True,False,False,MI,Standard,Modern (14+),1,3410.0,31.343283582089555
422,Apple iPhone 14 Pro Max 512GB Unlocked with Apple Box - Excellent Condition,iPhone 14 Pro Max,14,True,512.0,512GB,512GB,False,Used,Second-hand,1186.25,$900-1299,2.31689453125,,,False,2.0,True,1.0,True,Seller 034,"Fort Worth, Texas, United States",TX,2024-12-03,True,False,False,TX,Pro,Modern (14+),3,2750.0,8.085106382978724
423,Apple iPhone 12 Pro Max 256GB Unlocked | Comes with Original Box & Accessories,iPhone 12 Pro Max,12,True,256.0,256GB,256GB,False,Used,Second-hand,686.0,$600-899,2.6796875,,,False,4.0,True,0.0,False,Seller 034,"Fort Worth, Texas, United States",TX,2024-12-04,True,False,False,TX,Pro,Mid-Gen (12-13),10,4867.01,4.6875
424,Apple iPhone 13 - 256 GB - White (Unlocked),iPhone 13,13,False,256.0,256GB,256GB,False,Used,Second-hand,1000.0,$900-1299,3.90625,,,False,0.0,False,0.0,False,Seller 590,"Buffalo, New York, United States",NY,2025-01-23,True,False,False,NY,Standard,Mid-Gen (12-13),27,4935.0,20.909090909090907
425,IPHONE 14 PRO WITH TIK TOK AND CAPCUT,iPhone 14 Pro,14,True,,Tidak Diketahui,,False,Used,Second-hand,3000.0,$1300+,,,,False,0.0,False,0.0,False,Seller 379,"Jacksonville, Florida, United States",FL,2025-01-23,True,False,True,FL,Pro,Modern (14+),1,2650.0,25.0
426,Apple iPhone 13 - 256 GB - White (Unlocked) TIKTOK Installed 50k+likes,iPhone 13,13,False,256.0,256GB,256GB,False,New,Second-hand,500.0,$400-599,1.953125,,,False,0.0,False,0.0,False,Seller 550,"Coffeeville, Mississippi, United States",MS,2025-01-24,True,False,True,MS,Standard,Mid-Gen (12-13),1,4935.0,20.909090909090907
427,Apple iPhone 13 - 256 GB - White (Unlocked) with TikTok,iPhone 13,13,False,256.0,256GB,256GB,False,Used,Second-hand,750.88,$600-899,2.933125,,,False,0.0,False,0.0,False,Seller 637,"Norfolk, Virginia, United States",VA,2025-01-24,True,False,True,VA,Standard,Mid-Gen (12-13),3,4935.0,20.909090909090907
428,Apple iPhone 12 Pro Max - 512 GB - Blue (Unlocked) it’s has tik tok still instal,iPhone 12 Pro Max,12,True,512.0,512GB,512GB,False,Used,Second-hand,385.5,$200-399,0.7529296875,,,False,0.0,False,0.0,False,Seller 529,"Philadelphia, Pennsylvania, United States",PA,2025-01-24,True,False,False,PA,Pro,Mid-Gen (12-13),2,4867.01,4.6875
429,iphone 12 pro max unlocked TicTok Ready,iPhone 12 Pro Max,12,True,,Tidak Diketahui,,False,Used,Second-hand,1000.0,$900-1299,,,,False,0.0,False,0.0,False,Seller 482,"Houston, Texas, United States",TX,2025-01-24,True,False,False,TX,Pro,Mid-Gen (12-13),10,4867.01,4.6875
430,Apple iPhone 12 Pro Max - 128 GB - Silver (Unlocked),iPhone 12 Pro Max,12,True,128.0,128GB,128GB,False,Used,Second-hand,2500.0,$1300+,19.53125,,,False,0.0,False,0.0,False,Seller 224,"Carlsbad, New Mexico, United States",NM,2025-01-25,True,False,False,NM,Pro,Mid-Gen (12-13),1,4867.01,4.6875
431,TIKTOK iPhone 12 Pro Max - 512 GB - Blue Paid Off,iPhone 12 Pro Max,12,True,512.0,512GB,512GB,False,Used,Second-hand,2999.0,$1300+,5.857421875,,,False,0.0,False,0.0,False,Seller 242,"Goodyear, Arizona, United States",AZ,2025-01-25,True,False,True,AZ,Pro,Mid-Gen (12-13),2,4867.01,4.6875
432,TikTok App Included - Apple iPhone 13 - 256 GB - White (Unlocked),iPhone 13,13,False,256.0,256GB,256GB,False,Used,Second-hand,5000.0,$1300+,19.53125,,,False,0.0,False,0.0,False,Seller 684,"Raleigh, North Carolina, United States",NC,2025-01-25,True,False,True,NC,Standard,Mid-Gen (12-13),3,4935.0,20.909090909090907
433,Apple iPhone 12 Pro Max - 512 GB - Blue (Unlocked) With Tiktok & Capcut.,iPhone 12 Pro Max,12,True,512.0,512GB,512GB,False,Used,Second-hand,1900.0,$1300+,3.7109375,,,False,0.0,False,0.0,False,Seller 210,"Emeryville, California, United States",CA,2025-01-25,True,False,True,CA,Pro,Mid-Gen (12-13),10,4867.01,4.6875
434,Apple iPhone 12 Pro Max with TIKTOC!!!- 128 GB - Silver (AT&T),iPhone 12 Pro Max,12,True,128.0,128GB,128GB,False,New,Second-hand,3500.0,$1300+,27.34375,,,False,0.0,False,0.0,False,Seller 279,"El Paso, Texas, United States",TX,2025-01-26,True,False,False,TX,Pro,Mid-Gen (12-13),10,4867.01,4.6875
435,Apple iPhone 13 - 128 GB - Black (Unlocked),iPhone 13,13,False,128.0,128GB,128GB,False,Used,Second-hand,5000.0,$1300+,39.0625,,,False,0.0,False,0.0,False,Seller 679,"Beaufort, South Carolina, United States",SC,2025-01-26,True,False,False,SC,Standard,Mid-Gen (12-13),4,4935.0,20.909090909090907
436,IPhone 13 With TikTok,iPhone 13,13,False,,Tidak Diketahui,,False,Used,Second-hand,1500.0,$1300+,,,,False,0.0,False,0.0,False,Seller 327,"Columbia, Tennessee, United States",TN,2025-01-26,True,False,True,TN,Standard,Mid-Gen (12-13),6,4935.0,20.909090909090907
437,Iphone 13 ( Tiktok Installed),iPhone 13,13,False,,Tidak Diketahui,,False,Used,Second-hand,5000.0,$1300+,,,,False,0.0,False,0.0,False,Seller 667,"Desert Hot Springs, California, United States",CA,2025-01-26,True,False,True,CA,Standard,Mid-Gen (12-13),22,4935.0,20.909090909090907
438,iPhone 12 Pro Max With TikTok -256 GB-(Unlocked from apple) excellent condition,iPhone 12 Pro Max,12,True,256.0,256GB,256GB,False,Used,Second-hand,5000.0,$1300+,19.53125,,,False,0.0,False,0.0,False,Seller 549,"Harrison, New Jersey, United States",NJ,2025-01-26,True,False,True,NJ,Pro,Mid-Gen (12-13),8,4867.01,4.6875
439,Apple iPhone 13 - 256 GB - White (Unlocked),iPhone 13,13,False,256.0,256GB,256GB,False,Used,Second-hand,400.0,$400-599,1.5625,,,False,0.0,False,0.0,False,Seller 542,"Wichita, Kansas, United States",KS,2025-01-28,True,False,False,KS,Standard,Mid-Gen (12-13),5,4935.0,20.909090909090907
440,iPhone 14 Pro With TIK TOK Installed!!!,iPhone 14 Pro,14,True,,Tidak Diketahui,,False,Used,Second-hand,2500.0,$1300+,,,,False,0.0,False,0.0,False,Seller 286,"Asheville, North Carolina, United States",NC,2025-02-06,True,False,False,NC,Pro,Modern (14+),1,2650.0,25.0
441,iPhone 12 Pro Max Unlocked TikTok Installed,iPhone 12 Pro Max,12,True,,Tidak Diketahui,,False,Open Box,Like New,1999.0,$1300+,,,,False,0.0,False,0.0,False,Seller 264,"Bellmawr, New Jersey, United States",NJ,2025-02-08,True,False,True,NJ,Pro,Mid-Gen (12-13),8,4867.01,4.6875
442,Apple iPhone 13 W/TikTok installed!,iPhone 13,13,False,,Tidak Diketahui,,False,Used,Second-hand,5000.0,$1300+,,,,False,0.0,False,0.0,False,Seller 605,"Drexel Hill, Pennsylvania, United States",PA,2025-02-12,True,False,True,PA,Standard,Mid-Gen (12-13),3,4935.0,20.909090909090907
443,iPhone 13,iPhone 13,13,False,,Tidak Diketahui,,False,Open Box,Like New,340.0,$200-399,,,,False,0.0,False,0.0,False,Seller 591,"Brooklyn, New York, United States",NY,2025-04-27,True,False,False,NY,Standard,Mid-Gen (12-13),27,4935.0,20.909090909090907
444,Apple Iphone 12 Pro Max in perfect condition With Tiktok Installed.,iPhone 12 Pro Max,12,True,,Tidak Diketahui,,False,Used,Second-hand,1500.0,$1300+,,,,False,0.0,False,0.0,False,Seller 377,"Seattle, Washington, United States",WA,2025-05-09,True,False,True,WA,Pro,Mid-Gen (12-13),1,4867.01,4.6875
445,"iPhone 12 64 GB, Green, Unlocked, Used, Very Good Condition. Make an offer.",iPhone 12,12,False,64.0,64GB,64GB,False,Used,Second-hand,240.0,$200-399,3.75,,,False,0.0,False,0.0,False,Seller 539,"Astoria, New York, United States",NY,2025-05-17,True,False,False,NY,Standard,Mid-Gen (12-13),24,4428.01,45.073891625615765
446,iPhone 12 Green 128GB A2172 MGFE3LL/A UNLOCKED fair condition fast shipping!,iPhone 12,12,False,128.0,128GB,128GB,False,Used,Second-hand,269.0,$200-399,2.1015625,,,False,0.0,False,0.0,False,Seller 613,"Miami, Florida, United States",FL,2025-05-25,True,False,False,FL,Standard,Mid-Gen (12-13),18,4428.01,45.073891625615765
447,Apple iPhone 14 Plus 128GB l 256GB l 512GB Unlocked Dual eSIM) -Refurbished-GOOD,iPhone 14 Plus,14,False,128.0,128GB,128GB|256GB|512GB,False,Good - Refurbished,Refurbished,399.99,$200-399,3.124921875,,,False,1.0,True,0.0,False,Seller 031,"Hauppauge, New York, United States",NY,2025-07-03,True,False,False,NY,Standard,Modern (14+),21,3410.0,31.343283582089555
448,"Apple iPhone 13, 128GB Unlocked - Used Very Good",iPhone 13,13,False,128.0,128GB,128GB,False,Used,Second-hand,475.0,$400-599,3.7109375,,,False,0.0,False,0.0,False,Seller 656,"Fort Lauderdale, Florida, United States",FL,2025-07-14,True,False,False,FL,Standard,Mid-Gen (12-13),28,4935.0,20.909090909090907
449,Apple iPhone 14 Pro Max 5G Space Black,iPhone 14 Pro Max,14,True,,Tidak Diketahui,,False,Used,Second-hand,750.0,$600-899,,,,False,0.0,False,0.0,False,Seller 223,"Westerville, Ohio, United States",OH,2025-09-28,True,False,False,OH,Pro,Modern (14+),1,2750.0,8.085106382978724
450,Apple iPhone 14 Pro 5G Smartphone,iPhone 14 Pro,14,True,,Tidak Diketahui,,False,Used,Second-hand,750.0,$600-899,,,,False,0.0,False,0.0,False,Seller 223,"Westerville, Ohio, United States",OH,2025-09-28,True,False,False,OH,Pro,Modern (14+),1,2650.0,25.0
451,Apple iPhone 12 Pro Max- 256GB - Pacific Blue Unlocked (CDMA + GSM) (A2342) Read,iPhone 12 Pro Max,12,True,256.0,256GB,256GB,False,Used,Second-hand,420.0,$400-599,1.640625,,,False,0.0,False,0.0,False,Seller 415,"New York, New York, United States",NY,2025-10-03,True,False,False,NY,Pro,Mid-Gen (12-13),22,4867.01,4.6875
452,Apple iPhone 14 Pro Max 256GB Deep Purple Unlocked A2651 eSIM,iPhone 14 Pro Max,14,True,256.0,256GB,256GB,False,Used,Second-hand,650.0,$600-899,2.5390625,,,False,0.0,False,0.0,False,Seller 415,"New York, New York, United States",NY,2025-10-03,True,False,False,NY,Pro,Modern (14+),31,2750.0,8.085106382978724
453,Apple iPhone 14 Pro Max 512GB Unlocked AT&T T-Mobile Verizon EXCELLENT CONDITION,iPhone 14 Pro Max,14,True,512.0,512GB,512GB,False,Used,Second-hand,760.0,$600-899,1.484375,,,False,0.0,False,0.0,False,Seller 540,"Lutz, Florida, United States",FL,2025-10-14,True,False,False,FL,Pro,Modern (14+),30,2750.0,8.085106382978724
454,Lot Of 5 Apple iPhone 14 Plus 128GB (Unlocked),iPhone 14 Plus,14,False,128.0,128GB,128GB,False,Used,Second-hand,2049.95,$1300+,,,,False,2.0,True,2.0,True,Seller 017,"North Miami Beach, Florida, United States",FL,2025-10-25,True,True,False,FL,Standard,Modern (14+),16,3410.0,31.343283582089555
455,Apple iPhone 14 Plus (A2632) 256GB - Red (Unlocked) - *DAMAGED* - Clean IMEI,iPhone 14 Plus,14,False,256.0,256GB,256GB,False,For Parts Or Not Working,Damaged,235.99,$200-399,0.9218359375,,,False,0.0,False,0.0,False,Seller 013,"Akron, Ohio, United States",OH,2025-11-06,True,False,False,OH,Standard,Modern (14+),42,3410.0,31.343283582089555
456,Apple iPhone 14 Plus (A2632) 128GB - Black (Unlocked) - *DAMAGED* - Clean IMEI,iPhone 14 Plus,14,False,128.0,128GB,128GB,False,For Parts Or Not Working,Damaged,224.99,$200-399,1.757734375,,,False,0.0,False,0.0,False,Seller 013,"Akron, Ohio, United States",OH,2025-11-06,True,False,False,OH,Standard,Modern (14+),42,3410.0,31.343283582089555
457,iPhone 14 Pro Max 256GB Unlocked Deep Purple MQ8W3LL/A EXCELLENT CONDITION!,iPhone 14 Pro Max,14,True,256.0,256GB,256GB,False,Used,Second-hand,600.0,$600-899,2.34375,,,False,2.0,True,0.0,False,Seller 604,"Chesterfield, Missouri, United States",MO,2025-11-09,True,False,False,MO,Pro,Modern (14+),1,2750.0,8.085106382978724
458,Apple iPhone 14 Pro Max 128GB Unlocked Smartphone No Face ID Silver Used,iPhone 14 Pro Max,14,True,128.0,128GB,128GB,False,Used,Second-hand,399.99,$200-399,3.124921875,,,False,0.0,False,0.0,False,Seller 294,"Snohomish, Washington, United States",WA,2025-11-11,True,False,False,WA,Pro,Modern (14+),2,2750.0,8.085106382978724
459,Apple iPhone 13 MINI 256GB FACTORY UNLOCKED GSM CDMA,iPhone 13 Mini,13,False,256.0,256GB,256GB,False,Used,Second-hand,365.0,$200-399,1.42578125,,,False,0.0,False,0.0,False,Seller 673,"Sacramento, California, United States",CA,2025-11-15,True,False,False,CA,Standard,Mid-Gen (12-13),54,491.95,6.462585034013606
460,APPLE IPHONE 14 PRO MAX 128GB 256GB 512GB 1TB (FACTORY UNLOCKED) ❖EXCELLENT❖,iPhone 14 Pro Max,14,True,128.0,128GB,128GB|256GB|512GB|1024GB,False,Excellent - Refurbished,Refurbished,734.95,$600-899,5.741796875,,,False,0.0,False,19.0,True,Seller 146,"Los Angeles, California, United States",CA,2025-11-18,True,False,False,CA,Pro,Modern (14+),58,2750.0,8.085106382978724
461,APPLE IPHONE 14 PRO MAX 128GB 256GB 512GB 1TB (FACTORY UNLOCKED) ALL COLOR ✤USED,iPhone 14 Pro Max,14,True,128.0,128GB,128GB|256GB|512GB|1024GB,False,Used,Second-hand,849.95,$600-899,6.640234375,,,False,0.0,False,13.0,True,Seller 146,"Los Angeles, California, United States",CA,2025-11-18,True,False,False,CA,Pro,Modern (14+),58,2750.0,8.085106382978724
462,Apple iPhone 14 Plus (A2632) 128GB - Red (Unlocked) - *DAMAGED* - Clean IMEI,iPhone 14 Plus,14,False,128.0,128GB,128GB,False,For Parts Or Not Working,Damaged,210.99,$200-399,1.648359375,,,False,0.0,False,0.0,False,Seller 013,"Akron, Ohio, United States",OH,2025-11-25,True,False,False,OH,Standard,Modern (14+),42,3410.0,31.343283582089555
463,Apple iPhone 14 A2649 iOS Smartphone 128GB/ 256GB-UNLOCKED/AT&T/T-Mobile/Verizon,iPhone 14,14,False,128.0,128GB,128GB|256GB,False,Excellent - Refurbished,Refurbished,349.99,$200-399,2.734296875,,,False,0.0,False,7.0,True,Seller 186,"Chicago, Illinois, United States",IL,2025-11-28,True,False,False,IL,Standard,Modern (14+),1,1329.99,21.492537313432834
464,Apple iPhone 12 Pro Max Unlocked | 128GB | Pacific Blue | A2342 - USED,iPhone 12 Pro Max,12,True,128.0,128GB,128GB,False,Used,Second-hand,349.0,$200-399,2.7265625,,,False,2.0,True,0.0,False,Seller 154,"Brooklyn, New York, United States",NY,2025-11-30,True,False,False,NY,Pro,Mid-Gen (12-13),22,4867.01,4.6875
465,Read* Apple iPhone 13 - 128 GB - Pink (Unlocked) ~60736,iPhone 13,13,False,128.0,128GB,128GB,False,For Parts Or Not Working,Damaged,179.0,<$200,1.3984375,,,False,0.0,False,0.0,False,Seller 410,"Monroeville, Pennsylvania, United States",PA,2025-11-30,True,False,False,PA,Standard,Mid-Gen (12-13),3,4935.0,20.909090909090907
466,"Apple iPhone 13 128GB, Red, Unlocked",iPhone 13,13,False,128.0,128GB,128GB,False,Used,Second-hand,249.0,$200-399,1.9453125,,,False,0.0,False,0.0,False,Seller 468,"O'Fallon, Missouri, United States",MO,2025-12-03,True,False,False,MO,Standard,Mid-Gen (12-13),1,4935.0,20.909090909090907
467,"Apple iPhone 14 Plus 6.7"" 5G Factory 🔓 Unlocked 128/256/512GB 1 Year Warranty",iPhone 14 Plus,14,False,512.0,512GB,512GB,False,Very Good - Refurbished,Refurbished,479.0,$400-599,0.935546875,,,False,0.0,False,7.0,True,Seller 023,"New York, New York, United States",NY,2025-12-04,True,False,False,NY,Standard,Modern (14+),21,3410.0,31.343283582089555
468,Apple iPhone 17 Air 256GB Space Black USA eSIM Unlocked MG184LL/A New 2025,iPhone 17,17,False,256.0,256GB,256GB,False,New,Second-hand,1149.74,$900-1299,4.491171875,,,False,2.0,True,2.0,True,Seller 678,"Columbus, Ohio, United States",OH,2025-12-07,True,False,False,OH,Standard,Modern (14+),7,1000.99,7.857142857142857
469,Apple iPhone 14 Pro Max - 1 TB - (Unlocked) - A2651 - Black - Excellent,iPhone 14 Pro Max,14,True,1024.0,1024GB,1024GB,False,Used,Second-hand,649.99,$600-899,0.634755859375,,,False,10.0,True,1.0,True,Seller 450,"New Hyde Park, New York, United States",NY,2025-12-08,True,False,False,NY,Pro,Modern (14+),31,2750.0,8.085106382978724
470,Apple iPhone 12 (PRODUCT)PURPLE - 64GB (Unlocked),iPhone 12,12,False,64.0,64GB,64GB,False,Open Box,Like New,890.0,$600-899,13.90625,,,False,0.0,False,0.0,False,Seller 598,"Coolalinga, Australia",INTL,2025-12-09,True,False,False,INTL,Standard,Mid-Gen (12-13),21,4428.01,45.073891625615765
471,Apple iPhone 17 Air Esim Model (CA Spec) All COLORS/STORAGE -Fast Shipping✈️,iPhone 17,17,False,,Tidak Diketahui,,False,New,Second-hand,1399.99,$1300+,,,,False,10.0,True,4.0,True,Seller 139,"Mississauga, Ontario, Canada",INTL,2025-12-09,True,False,False,INTL,Standard,Modern (14+),12,1000.99,7.857142857142857
472,Apple iPhone 17 All COLORS/STORAGE Esim Model (CA Spec) -Fast Shipping✈️,iPhone 17,17,False,,Tidak Diketahui,,False,New,Second-hand,1099.99,$900-1299,,,,False,10.0,True,4.0,True,Seller 139,"Mississauga, Ontario, Canada",INTL,2025-12-09,True,False,False,INTL,Standard,Modern (14+),12,1000.99,7.857142857142857
473,Apple iPhone 14 Pro MAX 128gb GOLD (Factory Unlocked),iPhone 14 Pro Max,14,True,128.0,128GB,128GB,False,Used,Second-hand,726.99,$600-899,5.679609375,,,False,2.0,True,0.0,False,Seller 019,"Granada Hills, California, United States",CA,2025-12-12,True,False,False,CA,Pro,Modern (14+),58,2750.0,8.085106382978724
474,open box Apple iPhone 14 Pro MAX 128gb Gold color Factory Unlocked,iPhone 14 Pro Max,14,True,128.0,128GB,128GB,False,Open Box,Like New,748.99,$600-899,5.851484375,,,False,0.0,False,0.0,False,Seller 019,"Granada Hills, California, United States",CA,2025-12-12,True,False,False,CA,Pro,Modern (14+),58,2750.0,8.085106382978724
475,Apple iPhone 14 Pro MAX 256gb Deep purple (Factory Unlocked),iPhone 14 Pro Max,14,True,256.0,256GB,256GB,False,Used,Second-hand,669.99,$600-899,2.6171484375,,,False,0.0,False,0.0,False,Seller 019,"Granada Hills, California, United States",CA,2025-12-12,True,False,False,CA,Pro,Modern (14+),58,2750.0,8.085106382978724
476,Apple iPhone 14 Pro MAX 256gb Space black (Factory Unlocked),iPhone 14 Pro Max,14,True,256.0,256GB,256GB,False,Used,Second-hand,669.99,$600-899,2.6171484375,,,False,0.0,False,0.0,False,Seller 019,"Granada Hills, California, United States",CA,2025-12-12,True,False,False,CA,Pro,Modern (14+),58,2750.0,8.085106382978724
477,open box Apple iPhone 14 Pro MAX 256GB FULLY Unlocked,iPhone 14 Pro Max,14,True,256.0,256GB,256GB,False,Open Box,Like New,729.99,$600-899,2.8515234375,,,False,0.0,False,2.0,True,Seller 019,"Granada Hills, California, United States",CA,2025-12-12,True,False,False,CA,Pro,Modern (14+),58,2750.0,8.085106382978724
478,Apple iPhone 14 Pro MAX 128GB FULLY Unlocked,iPhone 14 Pro Max,14,True,128.0,128GB,128GB,False,Used,Second-hand,726.99,$600-899,5.679609375,,,False,3.0,True,0.0,False,Seller 019,"Granada Hills, California, United States",CA,2025-12-12,True,False,False,CA,Pro,Modern (14+),58,2750.0,8.085106382978724
479,open box Apple iPhone 14 Pro MAX 128gb Deep purple Factory Unlocked,iPhone 14 Pro Max,14,True,128.0,128GB,128GB,False,Open Box,Like New,734.99,$600-899,5.742109375,,,False,2.0,True,0.0,False,Seller 019,"Granada Hills, California, United States",CA,2025-12-12,True,False,False,CA,Pro,Modern (14+),58,2750.0,8.085106382978724
480,Apple iPhone 14 Pro MAX 256GB FULLY Unlocked,iPhone 14 Pro Max,14,True,256.0,256GB,256GB,False,Used,Second-hand,669.99,$600-899,2.6171484375,,,False,0.0,False,3.0,True,Seller 019,"Granada Hills, California, United States",CA,2025-12-12,True,False,False,CA,Pro,Modern (14+),58,2750.0,8.085106382978724
481,Apple iPhone 12 Pro MAX 128gb Factory Unlocked 1 year ex warranty Graphite color,iPhone 12 Pro Max,12,True,128.0,128GB,128GB,False,Used,Second-hand,436.99,$400-599,3.413984375,,,False,2.0,True,0.0,False,Seller 019,"Granada Hills, California, United States",CA,2025-12-12,True,False,False,CA,Pro,Mid-Gen (12-13),10,4867.01,4.6875
482,Apple iPhone 12 - 128GB - white (Unlocked),iPhone 12,12,False,128.0,128GB,128GB,False,Open Box,Like New,800.0,$600-899,6.25,,,False,0.0,False,0.0,False,Seller 571,"Bedford, Texas, United States",TX,2025-12-14,True,False,False,TX,Standard,Mid-Gen (12-13),284,4428.01,45.073891625615765
483,Teléfono Iphone 14 Pro Max Tito Incluido $3000 Desbloqueado,iPhone 14 Pro Max,14,True,,Tidak Diketahui,,False,New,Second-hand,3000.0,$1300+,,,,False,0.0,False,0.0,False,Seller 692,"Hialeah, Florida, United States",FL,2025-12-15,True,False,False,FL,Pro,Modern (14+),30,2750.0,8.085106382978724
484,Apple iphone 14 PRO MAX Factory Unlocked 256GB GSM CDMA,iPhone 14 Pro Max,14,True,256.0,256GB,256GB,False,Excellent - Refurbished,Refurbished,759.99,$600-899,2.9687109375,,,False,0.0,False,1.0,True,Seller 058,"Granada Hills, California, United States",CA,2025-12-16,True,False,False,CA,Pro,Modern (14+),58,2750.0,8.085106382978724
485,Apple iPhone 14+ plus 128gb Red color Factory Unlocked 1 year ex warranty,iPhone 14,14,False,128.0,128GB,128GB,False,Used,Second-hand,378.99,$200-399,2.960859375,,,False,0.0,False,0.0,False,Seller 019,"Granada Hills, California, United States",CA,2025-12-16,True,False,False,CA,Standard,Modern (14+),40,1329.99,21.492537313432834
486,Apple iPhone 14 PRO MAX A2651 Factory Unlocked 128GB purple Black colors,iPhone 14 Pro Max,14,True,128.0,128GB,128GB,False,Very Good - Refurbished,Refurbished,719.99,$600-899,5.624921875,,,False,2.0,True,0.0,False,Seller 058,"Granada Hills, California, United States",CA,2025-12-16,True,False,False,CA,Pro,Modern (14+),58,2750.0,8.085106382978724
487,Apple iPhone 14 PRO MAX A2651 Factory Unlocked 256GB GSM CDMA Black Excellent Re,iPhone 14 Pro Max,14,True,256.0,256GB,256GB,False,Excellent - Refurbished,Refurbished,755.99,$600-899,2.9530859375,,,False,1.0,True,0.0,False,Seller 058,"Granada Hills, California, United States",CA,2025-12-16,True,False,False,CA,Pro,Modern (14+),58,2750.0,8.085106382978724
488,Apple iPhone 14 PRO MAX Factory Unlocked 128GB GSM CDMA A Condition New OPN Box,iPhone 14 Pro Max,14,True,128.0,128GB,128GB,False,Open Box,Like New,748.99,$600-899,5.851484375,,,False,1.0,True,0.0,False,Seller 058,"Granada Hills, California, United States",CA,2025-12-16,True,False,False,CA,Pro,Modern (14+),58,2750.0,8.085106382978724
489,Apple iPhone 14 PRO MAX A2651 Factory Unlocked 128GB GSM CDMA Phone Open Box,iPhone 14 Pro Max,14,True,128.0,128GB,128GB,False,Open Box,Like New,748.99,$600-899,5.851484375,,,False,0.0,False,1.0,True,Seller 058,"Granada Hills, California, United States",CA,2025-12-16,True,False,False,CA,Pro,Modern (14+),58,2750.0,8.085106382978724
490,Apple iPhone 14 PRO MAX Factory Unlocked 256GB GSM CDMA All colors OPEN Box,iPhone 14 Pro Max,14,True,256.0,256GB,256GB,False,Open Box,Like New,779.99,$600-899,3.0468359375,,,False,1.0,True,0.0,False,Seller 058,"Granada Hills, California, United States",CA,2025-12-16,True,False,False,CA,Pro,Modern (14+),58,2750.0,8.085106382978724
491,Apple iPhone 12 Pro Max - 128GB - Graphite - Unlocked - Good Condition,iPhone 12 Pro Max,12,True,128.0,128GB,128GB,False,Used,Second-hand,299.99,$200-399,2.343671875,,,False,0.0,False,0.0,False,Seller 633,"Waukesha, Wisconsin, United States",WI,2025-12-17,True,False,False,WI,Pro,Mid-Gen (12-13),1,4867.01,4.6875
492,New 2025 Apple - iPhone 17 6.3-inch A3258 USA eSIM Unlocked,iPhone 17,17,False,,Tidak Diketahui,,False,New,Second-hand,994.99,$900-1299,,,,False,0.0,False,27.0,True,Seller 618,"Richardson, Texas, United States",TX,2025-12-17,True,False,False,TX,Standard,Modern (14+),23,1000.99,7.857142857142857
493,Apple iPhone 14 Pro MAX 128gb black color (Factory Unlocked) 90% battery,iPhone 14 Pro Max,14,True,128.0,128GB,128GB,False,Used,Second-hand,698.99,$600-899,5.460859375,,,False,0.0,False,0.0,False,Seller 019,"Granada Hills, California, United States",CA,2025-12-17,True,False,False,CA,Pro,Modern (14+),58,2750.0,8.085106382978724
494,APPLE IPHONE 13 128GB 256GB 512GB (UNLOCKED) ✅ 1 YEAR ALLSTATE WARRANTY ✅❖GOOD❖,iPhone 13,13,False,128.0,128GB,128GB|256GB|512GB,False,Excellent - Refurbished,Refurbished,298.95,$200-399,2.335546875,,,False,0.0,False,3.0,True,Seller 146,"Los Angeles, California, United States",CA,2025-12-17,True,False,False,CA,Standard,Mid-Gen (12-13),22,4935.0,20.909090909090907
495,Apple iPhone 12 navy blue- 64GB - NEEDS WORK - *NO FACE ID* AT&T,iPhone 12,12,False,64.0,64GB,64GB,False,Used,Second-hand,99.99,<$200,1.56234375,,,False,0.0,False,0.0,False,Seller 663,"Stillwater, Oklahoma, United States",OK,2025-12-18,True,False,False,OK,Standard,Mid-Gen (12-13),1,4428.01,45.073891625615765
496,Apple iphone 14 PRO MAX A2651 Factory Unlocked 128GB gold color,iPhone 14 Pro Max,14,True,128.0,128GB,128GB,False,Excellent - Refurbished,Refurbished,719.99,$600-899,5.624921875,,,False,1.0,True,0.0,False,Seller 058,"Granada Hills, California, United States",CA,2025-12-20,True,False,False,CA,Pro,Modern (14+),58,2750.0,8.085106382978724
497,APL IPhone 14 128G BLK KIT,iPhone 14,14,False,,Tidak Diketahui,,False,Open Box,Like New,675.0,$600-899,,,,False,0.0,False,0.0,False,Seller 376,"Greenbelt, Maryland, United States",MD,2025-12-20,True,False,False,MD,Standard,Modern (14+),3,1329.99,21.492537313432834
498,Apple iPhone 13 mini 256GB Factory Unlocked AT&T T-Mobile Verizon Good Condition,iPhone 13 Mini,13,False,256.0,256GB,256GB,False,Used,Second-hand,259.0,$200-399,1.01171875,,,False,0.0,False,0.0,False,Seller 676,"Port Orchard, Washington, United States",WA,2025-12-22,True,False,False,WA,Standard,Mid-Gen (12-13),2,491.95,6.462585034013606
499,Apple iPhone 14 PRO MAX A2651 Factory Unlocked 256GB GSM CDMA Phone Used Great,iPhone 14 Pro Max,14,True,256.0,256GB,256GB,False,Very Good - Refurbished,Refurbished,735.99,$600-899,2.8749609375,,,False,2.0,True,0.0,False,Seller 058,"Granada Hills, California, United States",CA,2025-12-23,True,False,False,CA,Pro,Modern (14+),58,2750.0,8.085106382978724
500,Apple iPhone 14 PRO MAX Factory Unlocked 128GB GSM CDMA A Condition Excellent,iPhone 14 Pro Max,14,True,128.0,128GB,128GB,False,Excellent - Refurbished,Refurbished,748.99,$600-899,5.851484375,,,False,1.0,True,0.0,False,Seller 058,"Granada Hills, California, United States",CA,2025-12-23,True,False,False,CA,Pro,Modern (14+),58,2750.0,8.085106382978724
501,iPhone 12 Pro Max 256Gb Tik Tok & CapCut Installed Used In Good Condition,iPhone 12 Pro Max,12,True,256.0,256GB,256GB,False,Used,Second-hand,4000.0,$1300+,15.625,,,False,0.0,False,0.0,False,Seller 694,"Garland, Texas, United States",TX,2025-12-24,True,False,True,TX,Pro,Mid-Gen (12-13),10,4867.01,4.6875
502,Apple iPhone 14 Plus 128GB Very Good Condition UNLOCKED 85%+ Battery,iPhone 14 Plus,14,False,128.0,128GB,128GB,False,Used,Second-hand,599.95,$400-599,4.687109375,,,False,0.0,False,0.0,False,Seller 080,"Yucca Valley, California, United States",CA,2025-12-24,True,False,False,CA,Standard,Modern (14+),19,3410.0,31.343283582089555
503,iPhone 12 Pro Max With Tik Tok,iPhone 12 Pro Max,12,True,,Tidak Diketahui,,False,Open Box,Like New,4000.0,$1300+,,,,False,0.0,False,0.0,False,Seller 357,"Richmond, Virginia, United States",VA,2025-12-26,True,False,False,VA,Pro,Mid-Gen (12-13),3,4867.01,4.6875
504,Apple iPhone 16 128GB A3081 Teal Black Ultramarine Factory Unlocked New Open Box,iPhone 16,16,False,128.0,128GB,128GB,False,Open Box,Like New,749.99,$600-899,5.859296875,,,False,0.0,False,1.0,True,Seller 058,"Granada Hills, California, United States",CA,2025-12-27,True,False,False,CA,Standard,Modern (14+),14,639.5,7.207207207207207
505,Apple iPhone 14 Pro Max - 128 GB - ALL COLORS (Unlocked)- Very Good Refurb,iPhone 14 Pro Max,14,True,128.0,128GB,128GB,False,Very Good - Refurbished,Refurbished,469.99,$400-599,3.671796875,,,False,5.0,True,2.0,True,Seller 063,"Stafford, Texas, United States",TX,2025-12-28,True,False,False,TX,Pro,Modern (14+),3,2750.0,8.085106382978724
506,Apple iPhone 12 UNLOCKED 64GB Product (RED) Good Condition FAST SHIPPING,iPhone 12,12,False,64.0,64GB,64GB,False,Used,Second-hand,399.99,$200-399,6.24984375,,,False,0.0,False,0.0,False,Seller 035,"River Grove, Illinois, United States",IL,2025-12-28,True,False,False,IL,Standard,Mid-Gen (12-13),6,4428.01,45.073891625615765
507,iPhone 12 Pro Max 256 GB,iPhone 12 Pro Max,12,True,256.0,256GB,256GB,False,Used,Second-hand,479.0,$400-599,1.87109375,,,False,0.0,False,0.0,False,Seller 266,"Brockton, Massachusetts, United States",MA,2025-12-28,True,False,False,MA,Pro,Mid-Gen (12-13),1,4867.01,4.6875
508,open box Apple iPhone 14+ plus 128gb RED color Factory Unlocked,iPhone 14,14,False,128.0,128GB,128GB,False,Open Box,Like New,399.99,$200-399,3.124921875,,,False,2.0,True,0.0,False,Seller 019,"Granada Hills, California, United States",CA,2025-12-28,True,False,False,CA,Standard,Modern (14+),40,1329.99,21.492537313432834
509,open box Apple iPhone 14+ plus 128gb white color Factory Unlocked,iPhone 14,14,False,128.0,128GB,128GB,False,Open Box,Like New,399.99,$200-399,3.124921875,,,False,0.0,False,0.0,False,Seller 019,"Granada Hills, California, United States",CA,2025-12-28,True,False,False,CA,Standard,Modern (14+),40,1329.99,21.492537313432834
510,Apple iPhone 12 64GB - Black - Fully Unlocked- Excellent Condition,iPhone 12,12,False,64.0,64GB,64GB,False,Used,Second-hand,375.99,$200-399,5.87484375,,,False,2.0,True,0.0,False,Seller 451,"Pompano Beach, Florida, United States",FL,2025-12-29,True,False,False,FL,Standard,Mid-Gen (12-13),18,4428.01,45.073891625615765
511,Apple iPhone 14 PRO MAX A2651 Purple Factory Unlocked 1TB GSM CDMA Phone Refurb,iPhone 14 Pro Max,14,True,1024.0,1024GB,1024GB,False,Excellent - Refurbished,Refurbished,675.99,$600-899,0.660146484375,,,False,1.0,True,0.0,False,Seller 058,"Granada Hills, California, United States",CA,2025-12-29,True,False,False,CA,Pro,Modern (14+),58,2750.0,8.085106382978724
512,"Apple iPhone 13, 256 GB - Unlocked - Excellent",iPhone 13,13,False,256.0,256GB,256GB,False,Used,Second-hand,305.0,$200-399,1.19140625,,,False,2.0,True,0.0,False,Seller 599,"Farmingdale, New York, United States",NY,2025-12-29,True,False,False,NY,Standard,Mid-Gen (12-13),27,4935.0,20.909090909090907
513,Apple iPhone 14 PRO MAX A2651 Factory Unlocked 1TB GSM CDMA Phone Used Condition,iPhone 14 Pro Max,14,True,1024.0,1024GB,1024GB,False,Used,Second-hand,661.99,$600-899,0.646474609375,,,False,1.0,True,0.0,False,Seller 058,"Granada Hills, California, United States",CA,2025-12-29,True,False,False,CA,Pro,Modern (14+),58,2750.0,8.085106382978724
514,Apple iPhone 14 PRO MAX A2651 Factory Unlocked 1TB GSM CDMA Phone Great B+,iPhone 14 Pro Max,14,True,1024.0,1024GB,1024GB,False,Very Good - Refurbished,Refurbished,661.99,$600-899,0.646474609375,,,False,2.0,True,0.0,False,Seller 058,"Granada Hills, California, United States",CA,2025-12-29,True,False,False,CA,Pro,Modern (14+),58,2750.0,8.085106382978724
515,Apple iPhone 14 PRO MAX A2651 Factory Unlocked 1TB GSM CDMA Phone Used Great B+,iPhone 14 Pro Max,14,True,1024.0,1024GB,1024GB,False,Used,Second-hand,661.99,$600-899,0.646474609375,,,False,2.0,True,1.0,True,Seller 058,"Granada Hills, California, United States",CA,2025-12-29,True,False,False,CA,Pro,Modern (14+),58,2750.0,8.085106382978724
516,APPLE IPHONE 12 FACTORY UNLOCKED 64GB PRODUCT (RED) Good Condition,iPhone 12,12,False,64.0,64GB,64GB,False,Used,Second-hand,399.99,$200-399,6.24984375,,,False,0.0,False,0.0,False,Seller 035,"River Grove, Illinois, United States",IL,2025-12-29,True,False,False,IL,Standard,Mid-Gen (12-13),6,4428.01,45.073891625615765
517,Apple iPhone 12 128GB Factory Unlocked AT&T T-Mobile Verizon Excellent Condition,iPhone 12,12,False,128.0,128GB,128GB,False,Used,Second-hand,206.0,$200-399,1.609375,,,False,0.0,False,0.0,False,Seller 563,"Ellenton, Florida, United States",FL,2025-12-31,True,False,False,FL,Standard,Mid-Gen (12-13),18,4428.01,45.073891625615765
518,Apple iPhone 13 Mini A2481 Unlocked 128 GB Midnight Blue,iPhone 13 Mini,13,False,128.0,128GB,128GB,False,Used,Second-hand,250.99,$200-399,1.960859375,,,False,0.0,False,0.0,False,Seller 260,"Philadelphia, Pennsylvania, United States",PA,2026-01-01,True,False,False,PA,Standard,Mid-Gen (12-13),2,491.95,6.462585034013606
519,"Apple iPhone 13 128GB Sierra Blue, Unlocked",iPhone 13,13,False,128.0,128GB,128GB,False,Used,Second-hand,260.0,$200-399,2.03125,,,False,0.0,False,0.0,False,Seller 533,"West Babylon, New York, United States",NY,2026-01-01,True,False,False,NY,Standard,Mid-Gen (12-13),27,4935.0,20.909090909090907
520,Apple iPhone 14 Pro Max 512GB Deep Purple Unlocked,iPhone 14 Pro Max,14,True,512.0,512GB,512GB,False,Used,Second-hand,650.0,$600-899,1.26953125,,,False,0.0,False,0.0,False,Seller 389,"Cumming, Georgia, United States",GA,2026-01-02,True,False,False,GA,Pro,Modern (14+),3,2750.0,8.085106382978724
521,Apple iPhone 12 /12 Mini/12 Pro/12 Pro Max 64GB 128GB 256GB 512GB - 90% N ew,iPhone 12,12,False,64.0,64GB,64GB|128GB|256GB|512GB,False,Used,Second-hand,160.0,<$200,2.5,,,False,2.0,True,0.0,False,Seller 639,"ShenZhen, China",INTL,2026-01-02,True,False,False,INTL,Standard,Mid-Gen (12-13),21,4428.01,45.073891625615765
522,Apple iPhone 13- 128GB/256GB-Unlocked Excellent Condition - Random Color,iPhone 13,13,False,128.0,128GB,128GB|256GB,False,Used,Second-hand,281.0,$200-399,2.1953125,,,False,3.0,True,0.0,False,Seller 412,"ShenZhenS, China",INTL,2026-01-02,True,False,False,INTL,Standard,Mid-Gen (12-13),17,4935.0,20.909090909090907
523,Apple iPhone 14 128gb RED color (Factory Unlocked) 97% battery health,iPhone 14,14,False,128.0,128GB,128GB,False,Used,Second-hand,329.99,$200-399,2.578046875,,,False,0.0,False,0.0,False,Seller 019,"Granada Hills, California, United States",CA,2026-01-02,True,False,False,CA,Standard,Modern (14+),40,1329.99,21.492537313432834
524,Apple iPhone 14 128gb white color Factory Unlocked,iPhone 14,14,False,128.0,128GB,128GB,False,Used,Second-hand,329.99,$200-399,2.578046875,,,False,2.0,True,1.0,True,Seller 019,"Granada Hills, California, United States",CA,2026-01-02,True,False,False,CA,Standard,Modern (14+),40,1329.99,21.492537313432834
525,iPhone 12 Blue 64GB,iPhone 12,12,False,64.0,64GB,64GB,False,Used,Second-hand,650.0,$600-899,10.15625,,,False,0.0,False,0.0,False,Seller 323,"Wethersfield, Connecticut, United States",CT,2026-01-03,True,False,False,CT,Standard,Mid-Gen (12-13),1,4428.01,45.073891625615765
526,Apple iPhone 14 Plus Physical SIM Tray 128GB 256GB 512GB - Fast Shipping✈️,iPhone 14 Plus,14,False,128.0,128GB,128GB|256GB|512GB,False,New,Second-hand,1594.99,$1300+,12.460859375,,,False,1.0,True,0.0,False,Seller 079,"Sanborn, NY, United States",NY,2026-01-03,True,False,False,NY,Standard,Modern (14+),21,3410.0,31.343283582089555
527,Apple iPhone 14 Physical SIM Tray 128GB 256GB 512GB Fast Shipping✈️,iPhone 14,14,False,128.0,128GB,128GB|256GB|512GB,False,New,Second-hand,1394.99,$1300+,10.898359375,,,False,1.0,True,0.0,False,Seller 079,"Calgary, Alberta, Canada",INTL,2026-01-03,True,False,False,INTL,Standard,Modern (14+),16,1329.99,21.492537313432834
528,open box Apple iPhone 14 Pro MAX 256GB space black Factory Unlocked,iPhone 14 Pro Max,14,True,256.0,256GB,256GB,False,Open Box,Like New,729.99,$600-899,2.8515234375,,,False,0.0,False,0.0,False,Seller 019,"Granada Hills, California, United States",CA,2026-01-03,True,False,False,CA,Pro,Modern (14+),58,2750.0,8.085106382978724
529,Apple iPhone 14 - Red 128GB - Fully Unlocked - Good Condition,iPhone 14,14,False,128.0,128GB,128GB,False,Used,Second-hand,299.93,$200-399,2.343203125,,,False,2.0,True,21.0,True,Seller 167,"Pompano Beach, Florida, United States",FL,2026-01-04,True,False,False,FL,Standard,Modern (14+),27,1329.99,21.492537313432834
530,Apple iPhone 14 Plus 14+ Factory Unlocked 128GB A2632 1Y Extended W Great Used,iPhone 14 Plus,14,False,128.0,128GB,128GB,False,Excellent - Refurbished,Refurbished,369.99,$200-399,2.890546875,,,False,0.0,False,1.0,True,Seller 058,"Granada Hills, California, United States",CA,2026-01-05,True,False,False,CA,Standard,Modern (14+),19,3410.0,31.343283582089555
531,Apple iPhone 14 128gb black color Factory Unlocked,iPhone 14,14,False,128.0,128GB,128GB,False,Used,Second-hand,329.99,$200-399,2.578046875,,,False,0.0,False,0.0,False,Seller 019,"Granada Hills, California, United States",CA,2026-01-06,True,False,False,CA,Standard,Modern (14+),40,1329.99,21.492537313432834
532,Apple iPhone 12 Series- 64 GB - Black (Unlocked) Exccellent Condition,iPhone 12,12,False,64.0,64GB,64GB,False,New,Second-hand,444.0,$400-599,6.9375,,,False,0.0,False,0.0,False,Seller 478,"Johannesburg 2191, South Africa",INTL,2026-01-06,True,False,False,INTL,Standard,Mid-Gen (12-13),21,4428.01,45.073891625615765
533,Apple iPhone 12-5G -64GB Factory Unlocked-Green-EXCELLENT CONDITION,iPhone 12,12,False,64.0,64GB,64GB,False,Used,Second-hand,425.0,$400-599,6.640625,,,False,0.0,False,0.0,False,Seller 619,"Rockford, Illinois, United States",IL,2026-01-06,True,False,False,IL,Standard,Mid-Gen (12-13),6,4428.01,45.073891625615765
534,NewApple iPhone 17 Pro Max UNLOCKED 256GB Deep Blue 📱 Sealed ✅ FREE SHIPPING,iPhone 17 Pro Max,17,True,256.0,256GB,256GB,False,New,Second-hand,1498.0,$1300+,5.8515625,,,False,2.0,True,1.0,True,Seller 002,"Kent, Washington, United States",WA,2026-01-06,True,False,False,WA,Pro,Modern (14+),7,2710.0,8.176100628930817
535,used very good Apple iPhone 13 Mini 128GB Red color unlocked,iPhone 13 Mini,13,False,128.0,128GB,128GB,False,Used,Second-hand,329.99,$200-399,2.578046875,,,False,0.0,False,0.0,False,Seller 019,"Granada Hills, California, United States",CA,2026-01-08,True,False,False,CA,Standard,Mid-Gen (12-13),54,491.95,6.462585034013606
536,Apple iPhone 12 Pro Max Unlocked 256GB Pacific Blue,iPhone 12 Pro Max,12,True,256.0,256GB,256GB,False,Used,Second-hand,368.96,$200-399,1.44125,,,False,0.0,False,0.0,False,Seller 173,"Mineola, New York, United States",NY,2026-01-08,True,False,False,NY,Pro,Mid-Gen (12-13),22,4867.01,4.6875
537,iPhone 12 Pro Max 128GB AT&T,iPhone 12 Pro Max,12,True,128.0,128GB,128GB,False,Used,Second-hand,295.0,$200-399,2.3046875,,,False,0.0,False,0.0,False,Seller 406,"Atlantic City, New Jersey, United States",NJ,2026-01-09,True,False,False,NJ,Pro,Mid-Gen (12-13),8,4867.01,4.6875
538,Apple iPhone 14 Midnight 128GB Unlocked - Very Good Condition,iPhone 14,14,False,128.0,128GB,128GB,False,Very Good - Refurbished,Refurbished,367.99,$200-399,2.874921875,,,False,0.0,False,1.0,True,Seller 084,"Sanford, Florida, United States",FL,2026-01-14,True,False,False,FL,Standard,Modern (14+),27,1329.99,21.492537313432834
539,Apple iPhone 14 Midnight 128GB Unlocked - Very Good Cond. w/ Bad Front Camera,iPhone 14,14,False,128.0,128GB,128GB,False,For Parts Or Not Working,Damaged,430.99,$400-599,3.367109375,,,False,0.0,False,0.0,False,Seller 084,"Sanford, Florida, United States",FL,2026-01-15,True,False,False,FL,Standard,Modern (14+),27,1329.99,21.492537313432834
540,"Apple iPhone 17 Pro Max 256GB, Orange, Blue, Silver UNLOCKED ✅ SHIPS TODAY ✅NEW",iPhone 17 Pro Max,17,True,256.0,256GB,256GB,False,New,Second-hand,1530.0,$1300+,5.9765625,,,False,2.0,True,1.0,True,Seller 358,"Miami, Florida, United States",FL,2026-01-15,True,False,False,FL,Pro,Modern (14+),19,2710.0,8.176100628930817
541,open box Apple iPhone 14+ plus 128gb RED color Unlocked battery,iPhone 14,14,False,128.0,128GB,128GB,False,Open Box,Like New,389.99,$200-399,3.046796875,,,False,0.0,False,0.0,False,Seller 019,"Granada Hills, California, United States",CA,2026-01-16,True,False,False,CA,Standard,Modern (14+),40,1329.99,21.492537313432834
542,Read Apple iPhone 14 128GB - Cell Phone - Midnight - Read Desc. - Parts Only,iPhone 14,14,False,128.0,128GB,128GB,False,For Parts Or Not Working,Damaged,134.0,<$200,1.046875,,,False,0.0,False,0.0,False,Seller 634,"Henderson, Nevada, United States",NV,2026-01-16,True,False,False,NV,Standard,Modern (14+),2,1329.99,21.492537313432834
543,open box Apple iPhone 13 128GB Black color Unlocked battery,iPhone 13,13,False,128.0,128GB,128GB,False,Open Box,Like New,321.99,$200-399,2.515546875,,,False,2.0,True,0.0,False,Seller 019,"Granada Hills, California, United States",CA,2026-01-16,True,False,False,CA,Standard,Mid-Gen (12-13),22,4935.0,20.909090909090907
544,Apple iPhone 14+ plus 128gb white color Factory Unlocked 1 year ex warranty,iPhone 14,14,False,128.0,128GB,128GB,False,Used,Second-hand,358.99,$200-399,2.804609375,,,False,0.0,False,0.0,False,Seller 019,"Granada Hills, California, United States",CA,2026-01-17,True,False,False,CA,Standard,Modern (14+),40,1329.99,21.492537313432834
545,Apple iPhone 14 Pro Max 128GB Unlocked - Excellent,iPhone 14 Pro Max,14,True,128.0,128GB,128GB,False,Used,Second-hand,420.0,$400-599,3.28125,,,False,0.0,False,0.0,False,Seller 420,"Mandeville, Louisiana, United States",LA,2026-01-18,True,False,False,LA,Pro,Modern (14+),2,2750.0,8.085106382978724
546,"Apple iPhone 12 128GB Unlocked, GSM/CDMA, Purple, Factory",iPhone 12,12,False,128.0,128GB,128GB,False,Used,Second-hand,185.0,<$200,1.4453125,,,False,0.0,False,0.0,False,Seller 616,"Miami, Florida, United States",FL,2026-01-18,True,False,False,FL,Standard,Mid-Gen (12-13),18,4428.01,45.073891625615765
547,Apple iPhone 14 Pro Max 256GB/512GB/1TB -Deep Purple UNLOCKED,iPhone 14 Pro Max,14,True,256.0,256GB,256GB|512GB|1024GB,False,Open Box,Like New,1119.2,$900-1299,4.371875,1399.0,20.0,True,0.0,False,85.0,True,Seller 082,"Washington, District Of Columbia, United States",WA,2026-01-20,True,False,False,WA,Pro,Modern (14+),2,2750.0,8.085106382978724
548,open box Apple iPhone 14 128gb RED color Factory Unlocked,iPhone 14,14,False,128.0,128GB,128GB,False,Open Box,Like New,339.99,$200-399,2.656171875,,,False,5.0,True,0.0,False,Seller 019,"Granada Hills, California, United States",CA,2026-01-20,True,False,False,CA,Standard,Modern (14+),40,1329.99,21.492537313432834
549,open box Apple iPhone 14 128gb RED color Factory Unlocked battery health,iPhone 14,14,False,128.0,128GB,128GB,False,Open Box,Like New,339.99,$200-399,2.656171875,,,False,0.0,False,0.0,False,Seller 019,"Granada Hills, California, United States",CA,2026-01-20,True,False,False,CA,Standard,Modern (14+),40,1329.99,21.492537313432834
550,Apple iPhone 12 Pro Max,iPhone 12 Pro Max,12,True,,Tidak Diketahui,,False,Used,Second-hand,395.0,$200-399,,,,False,3.0,True,0.0,False,Seller 046,"Dubai, United Arab Emirates",INTL,2026-01-21,True,False,False,INTL,Pro,Mid-Gen (12-13),22,4867.01,4.6875
551,Apple iPhone 13 Mini 128GB No Face ID Factory Unlocked Very Good Condition,iPhone 13 Mini,13,False,128.0,128GB,128GB,False,Used,Second-hand,214.95,$200-399,1.679296875,699.0,69.25,True,0.0,False,49.0,True,Seller 165,"Lawrence, Kansas, United States",KS,2026-01-21,True,False,False,KS,Standard,Mid-Gen (12-13),2,491.95,6.462585034013606
552,Apple iPhone 16 (For US Cellular Only) 100% Battery *Not Unlocked*,iPhone 16,16,False,,Tidak Diketahui,,False,Open Box,Like New,450.0,$400-599,,,,False,0.0,False,0.0,False,Seller 088,"Waterville, Maine, United States",ME,2026-01-21,True,False,False,ME,Standard,Modern (14+),1,639.5,7.207207207207207
553,Open Box Apple iPhone 13 128GB A2631 Factory Unlocked black White colors,iPhone 13,13,False,128.0,128GB,128GB,False,Open Box,Like New,314.99,$200-399,2.460859375,,,False,8.0,True,1.0,True,Seller 058,"Granada Hills, California, United States",CA,2026-01-22,True,False,False,CA,Standard,Mid-Gen (12-13),22,4935.0,20.909090909090907
554,Apple iPhone 13 128GB A2631 Factory Unlocked black certified refurb,iPhone 13,13,False,128.0,128GB,128GB,False,Excellent - Refurbished,Refurbished,319.99,$200-399,2.499921875,,,False,9.0,True,1.0,True,Seller 058,"Granada Hills, California, United States",CA,2026-01-22,True,False,False,CA,Standard,Mid-Gen (12-13),22,4935.0,20.909090909090907
555,Apple iPhone 14 Pro Max - 128 GB - Deep Purple (Unlocked) 84% Battery health,iPhone 14 Pro Max,14,True,128.0,128GB,128GB,False,Used,Second-hand,390.0,$200-399,3.046875,,,False,0.0,False,0.0,False,Seller 239,"Phoenix, Arizona, United States",AZ,2026-01-22,True,False,False,AZ,Pro,Modern (14+),4,2750.0,8.085106382978724
556,"Apple iPhone 14 Pro Max, 128/256GB - Grade B+ All Colors ✅ Ships Today!",iPhone 14 Pro Max,14,True,256.0,256GB,256GB,False,Used,Second-hand,589.99,$400-599,2.3046484375,,,False,1.0,True,0.0,False,Seller 099,"Scottsdale, Arizona, United States",AZ,2026-01-23,True,False,False,AZ,Pro,Modern (14+),4,2750.0,8.085106382978724
557,"Apple iPhone 14 Pro Max, 128/256GB - Grade B - All Colors",iPhone 14 Pro Max,14,True,256.0,256GB,256GB,False,Used,Second-hand,379.87,$200-399,1.4838671875,,,False,1.0,True,0.0,False,Seller 099,"Scottsdale, Arizona, United States",AZ,2026-01-23,True,False,False,AZ,Pro,Modern (14+),4,2750.0,8.085106382978724
558,Apple iPhone 14 Pro Max 128GB Deep Purple Factory Unlocked Excellent,iPhone 14 Pro Max,14,True,128.0,128GB,128GB,False,Used,Second-hand,599.0,$400-599,4.6796875,,,False,0.0,False,0.0,False,Seller 026,"Los Angeles, California, United States",CA,2026-01-23,True,False,False,CA,Pro,Modern (14+),58,2750.0,8.085106382978724
559,"Apple iPhone 14, iPhone 14 Plus, 128GB/256GB, Grade A, All Colors, Ships Today!",iPhone 14 Plus,14,False,128.0,128GB,128GB|256GB,False,Used,Second-hand,409.87,$400-599,3.202109375,,,False,1.0,True,0.0,False,Seller 099,"Scottsdale, Arizona, United States",AZ,2026-01-23,True,False,False,AZ,Standard,Modern (14+),2,3410.0,31.343283582089555
560,Apple iPhone 17 Pro Max 256GB (US Cellular Only) 100% Battery *Not Unlocked*,iPhone 17 Pro Max,17,True,256.0,256GB,256GB,False,Open Box,Like New,1035.0,$900-1299,4.04296875,,,False,0.0,False,0.0,False,Seller 088,"Waterville, Maine, United States",ME,2026-01-23,True,False,False,ME,Pro,Modern (14+),3,2710.0,8.176100628930817
561,Apple iPhone 14 - 128 GB - Midnight (Unlocked),iPhone 14,14,False,128.0,128GB,128GB,False,Good - Refurbished,Refurbished,299.0,$200-399,2.3359375,,,False,4.0,True,1.0,True,Seller 685,"Coppell, Texas, United States",TX,2026-01-23,True,False,False,TX,Standard,Modern (14+),150,1329.99,21.492537313432834
562,"Apple iPhone 14 Pro Max, 128/256GB - Grade A- All Colors ✅ Ships Today!",iPhone 14 Pro Max,14,True,256.0,256GB,256GB,False,Used,Second-hand,649.99,$600-899,2.5390234375,,,False,1.0,True,0.0,False,Seller 099,"Scottsdale, Arizona, United States",AZ,2026-01-23,True,False,False,AZ,Pro,Modern (14+),4,2750.0,8.085106382978724
563,Apple iPhone 14 Plus Fully Unlocked (Any Carrier) SmartPhone Dents/Scratches,iPhone 14 Plus,14,False,,Tidak Diketahui,,False,Used,Second-hand,239.99,$200-399,,,,False,0.0,False,18.0,True,Seller 036,"Brooklyn, New York, United States",NY,2026-01-25,True,False,False,NY,Standard,Modern (14+),21,3410.0,31.343283582089555
564,open box Apple iPhone 13 128GB pink color Unlocked,iPhone 13,13,False,128.0,128GB,128GB,False,Open Box,Like New,326.99,$200-399,2.554609375,,,False,0.0,False,1.0,True,Seller 019,"Granada Hills, California, United States",CA,2026-01-26,True,False,False,CA,Standard,Mid-Gen (12-13),22,4935.0,20.909090909090907
565,Apple iPhone 12 Pro Max - 128GB - Factory Unlocked Green - READ: No Touch,iPhone 12 Pro Max,12,True,128.0,128GB,128GB,False,For Parts Or Not Working,Damaged,269.0,$200-399,2.1015625,,,False,0.0,False,0.0,False,Seller 154,"Brooklyn, New York, United States",NY,2026-01-26,True,False,False,NY,Pro,Mid-Gen (12-13),22,4867.01,4.6875
566,Apple iPhone 14 Plus (A2632) 128GB - Purple (Unlocked) - *DAMAGED* - Clean IMEI,iPhone 14 Plus,14,False,128.0,128GB,128GB,False,For Parts Or Not Working,Damaged,199.99,<$200,1.562421875,,,False,0.0,False,0.0,False,Seller 013,"Akron, Ohio, United States",OH,2026-01-26,True,False,False,OH,Standard,Modern (14+),42,3410.0,31.343283582089555
567,"Apple iPhone 14 , 128GB, Silver - Unlocked",iPhone 14,14,False,128.0,128GB,128GB,False,Used,Second-hand,333.6,$200-399,2.60625,,,False,0.0,False,0.0,False,Seller 106,"Springfield, Missouri, United States",MO,2026-01-27,True,False,False,MO,Standard,Modern (14+),1,1329.99,21.492537313432834
568,Apple iPhone 14 Plus - Red - 128GB Unlocked - Good Condition,iPhone 14 Plus,14,False,128.0,128GB,128GB,False,Used,Second-hand,309.94,$200-399,2.42140625,,,False,2.0,True,35.0,True,Seller 167,"Pompano Beach, Florida, United States",FL,2026-01-28,True,False,False,FL,Standard,Modern (14+),16,3410.0,31.343283582089555
569,iPhone 17 Air 256GB Unlocked White Open Box New - 100% Battery,iPhone 17,17,False,256.0,256GB,256GB,False,Open Box,Like New,925.0,$900-1299,3.61328125,,,False,0.0,False,0.0,False,Seller 088,"Waterville, Maine, United States",ME,2026-01-28,True,False,False,ME,Standard,Modern (14+),4,1000.99,7.857142857142857
570,Apple iPhone 14 Plus - 128GB - Blue (Fully Unlocked) - Very Good Condition,iPhone 14 Plus,14,False,128.0,128GB,128GB,False,Used,Second-hand,309.94,$200-399,2.42140625,,,False,2.0,True,14.0,True,Seller 167,"Pompano Beach, Florida, United States",FL,2026-01-28,True,False,False,FL,Standard,Modern (14+),16,3410.0,31.343283582089555
571,Apple iPhone 13 Unlocked | AT&T | T-Mobile Verizon 256 GB/ 512 GB Good Condition,iPhone 13,13,False,256.0,256GB,256GB|512GB,False,Used,Second-hand,315.97,$200-399,1.2342578125,,,False,0.0,False,3.0,True,Seller 033,"Pompano Beach, Florida, United States",FL,2026-01-29,True,False,False,FL,Standard,Mid-Gen (12-13),28,4935.0,20.909090909090907
572,Apple iPhone 14 Plus 14+ Factory Unlocked 128GB A2632 1Y Warranty Open Box,iPhone 14 Plus,14,False,128.0,128GB,128GB,False,Excellent - Refurbished,Refurbished,399.99,$200-399,3.124921875,,,False,1.0,True,0.0,False,Seller 058,"Granada Hills, California, United States",CA,2026-01-29,True,False,False,CA,Standard,Modern (14+),19,3410.0,31.343283582089555
573,Apple iPhone 14 Plus Factory Unlocked 128GB A2632 1Y Extended Warranty OPEN Box,iPhone 14 Plus,14,False,128.0,128GB,128GB,False,Open Box,Like New,399.99,$200-399,3.124921875,,,False,1.0,True,0.0,False,Seller 058,"Granada Hills, California, United States",CA,2026-01-29,True,False,False,CA,Standard,Modern (14+),19,3410.0,31.343283582089555
574,Apple iPhone 13 - 128GB 256GB 512GB (UNLOCKED) ✅1 YEAR WARRANTY ✅ ⚫⚪🔴🔵 ✤O/B✤,iPhone 13,13,False,128.0,128GB,128GB|256GB|512GB,False,Open Box,Like New,429.95,$400-599,3.358984375,,,False,0.0,False,287.0,True,Seller 146,"Los Angeles, CA, United States",CA,2026-01-31,True,False,False,CA,Standard,Mid-Gen (12-13),22,4935.0,20.909090909090907
575,Apple iPhone 16 Restored Unlocked Carrier 128GB Black,iPhone 16,16,False,128.0,128GB,128GB,False,New,Second-hand,584.0,$400-599,4.5625,,,False,0.0,False,0.0,False,Seller 583,"Charlotte, North Carolina, United States",NC,2026-01-31,True,False,False,NC,Standard,Modern (14+),2,639.5,7.207207207207207
576,Apple iPhone 14 - (Unlocked) - 256GB - A2649 - All Colors - Good,iPhone 14,14,False,256.0,256GB,256GB,False,Good - Refurbished,Refurbished,299.0,$200-399,1.16796875,,,False,5.0,True,2.0,True,Seller 093,"Brooklyn, New York, United States",NY,2026-02-01,True,False,False,NY,Standard,Modern (14+),29,1329.99,21.492537313432834
577,"Apple iPhone 14 6.1"" Factory 🔓 Unlocked with 100% 🔋 Battery (1 Year Warranty)",iPhone 14,14,False,,Tidak Diketahui,,False,Very Good - Refurbished,Refurbished,349.0,$200-399,,,,False,4.0,True,32.0,True,Seller 023,"New York, New York, United States",NY,2026-02-02,True,False,False,NY,Standard,Modern (14+),29,1329.99,21.492537313432834
578,"✅ Apple iPhone 14 PLUS 6.7"" 5G Factory 🔓 Unlocked with 1 Year Warranty 128/256",iPhone 14 Plus,14,False,,Tidak Diketahui,,False,Very Good - Refurbished,Refurbished,398.0,$200-399,,,,False,0.0,False,24.0,True,Seller 023,"New York, New York, United States",NY,2026-02-02,True,False,False,NY,Standard,Modern (14+),21,3410.0,31.343283582089555
579,Apple iPhone 12 128GB Factory Unlocked Blue #23693,iPhone 12,12,False,128.0,128GB,128GB,False,Used,Second-hand,199.99,<$200,1.562421875,,,False,0.0,False,0.0,False,Seller 057,"Oviedo, Florida, United States",FL,2026-02-03,True,False,False,FL,Standard,Mid-Gen (12-13),18,4428.01,45.073891625615765
580,Apple iPhone 12 Pro Max Factory Unlocked Graphite 128GB (Back Crack) #23994,iPhone 12 Pro Max,12,True,128.0,128GB,128GB,False,For Parts Or Not Working,Damaged,219.99,$200-399,1.718671875,,,False,0.0,False,0.0,False,Seller 057,"Oviedo, Florida, United States",FL,2026-02-03,True,False,False,FL,Pro,Mid-Gen (12-13),21,4867.01,4.6875
581,Apple iPhone 12 Pro Max Factory Unlocked Gold 128GB #23703,iPhone 12 Pro Max,12,True,128.0,128GB,128GB,False,Used,Second-hand,299.99,$200-399,2.343671875,,,False,0.0,False,0.0,False,Seller 057,"Oviedo, Florida, United States",FL,2026-02-03,True,False,False,FL,Pro,Mid-Gen (12-13),21,4867.01,4.6875
582,Apple iPhone 14 Pro Max Factory Unlocked Space Black 128GB (Scratches) #24000,iPhone 14 Pro Max,14,True,128.0,128GB,128GB,False,Used,Second-hand,419.99,$400-599,3.281171875,,,False,0.0,False,0.0,False,Seller 057,"Oviedo, Florida, United States",FL,2026-02-03,True,False,False,FL,Pro,Modern (14+),30,2750.0,8.085106382978724
583,IPhone 16 128gb Unlocked Excellent Condition,iPhone 16,16,False,128.0,128GB,128GB,False,Open Box,Like New,669.99,$600-899,5.234296875,,,False,0.0,False,0.0,False,Seller 458,"West New York, New Jersey, United States",NJ,2026-02-03,True,False,False,NJ,Standard,Modern (14+),4,639.5,7.207207207207207
584,Apple iPhone 14 Pro Max 256GB Factory Unlocked Deep Purple #23805,iPhone 14 Pro Max,14,True,256.0,256GB,256GB,False,Used,Second-hand,469.99,$400-599,1.8358984375,,,False,0.0,False,0.0,False,Seller 057,"Oviedo, Florida, United States",FL,2026-02-03,True,False,False,FL,Pro,Modern (14+),30,2750.0,8.085106382978724
585,Apple iPhone 14 Pro Max Factory Unlocked Space Black 128GB (Scratches) #23804,iPhone 14 Pro Max,14,True,128.0,128GB,128GB,False,Used,Second-hand,419.99,$400-599,3.281171875,,,False,0.0,False,0.0,False,Seller 057,"Oviedo, Florida, United States",FL,2026-02-03,True,False,False,FL,Pro,Modern (14+),30,2750.0,8.085106382978724
586,Apple iPhone 14 Plus 256GB Factory Unlocked Product Red #23778,iPhone 14 Plus,14,False,256.0,256GB,256GB,False,Used,Second-hand,339.99,$200-399,1.3280859375,,,False,0.0,False,0.0,False,Seller 057,"Oviedo, Florida, United States",FL,2026-02-03,True,False,False,FL,Standard,Modern (14+),16,3410.0,31.343283582089555
587,Apple iPhone 13 Mini Factory Unlocked White 128GB (Back Cracked) #23706,iPhone 13 Mini,13,False,128.0,128GB,128GB,False,For Parts Or Not Working,Damaged,189.99,<$200,1.484296875,,,False,0.0,False,0.0,False,Seller 057,"Oviedo, Florida, United States",FL,2026-02-03,True,False,False,FL,Standard,Mid-Gen (12-13),9,491.95,6.462585034013606
588,Apple iPhone 14 Plus (A2632) 256GB - Black (Unlocked) - **BENT FRAME** - H4190,iPhone 14 Plus,14,False,256.0,256GB,256GB,False,Used,Second-hand,268.99,$200-399,1.0507421875,,,False,0.0,False,0.0,False,Seller 013,"Akron, Ohio, United States",OH,2026-02-04,True,False,False,OH,Standard,Modern (14+),42,3410.0,31.343283582089555
589,Apple iPhone 14 Plus (A2632) 256GB (Unlocked) Smartphone - BLEMISHED - H4691,iPhone 14 Plus,14,False,256.0,256GB,256GB,False,Used,Second-hand,298.99,$200-399,1.1679296875,,,False,0.0,False,0.0,False,Seller 013,"Akron, Ohio, United States",OH,2026-02-04,True,False,False,OH,Standard,Modern (14+),42,3410.0,31.343283582089555
590,Apple iPhone 14 Plus (A2632) 128GB - Purple (Unlocked) - *DAMAGED* - Clean IMEI,iPhone 14 Plus,14,False,128.0,128GB,128GB,False,For Parts Or Not Working,Damaged,198.99,<$200,1.554609375,,,False,0.0,False,0.0,False,Seller 013,"Akron, Ohio, United States",OH,2026-02-05,True,False,False,OH,Standard,Modern (14+),42,3410.0,31.343283582089555
591,Apple iPhone 14 Factory Unlocked 128GB A2649 Blue Yellow Red OEM Box Very Good,iPhone 14,14,False,128.0,128GB,128GB,False,Very Good - Refurbished,Refurbished,349.99,$200-399,2.734296875,,,False,3.0,True,0.0,False,Seller 058,"Granada Hills, California, United States",CA,2026-02-05,True,False,False,CA,Standard,Modern (14+),40,1329.99,21.492537313432834
592,Apple iPhone 12 64GB Unlocked all colors MODEL A2172 used good,iPhone 12,12,False,64.0,64GB,64GB,False,Used,Second-hand,199.99,<$200,3.12484375,,,False,5.0,True,0.0,False,Seller 019,"Granada Hills, California, United States",CA,2026-02-06,True,False,False,CA,Standard,Mid-Gen (12-13),23,4428.01,45.073891625615765
593,Iphone 13 128GB,iPhone 13,13,False,128.0,128GB,128GB,False,New,Second-hand,347.0,$200-399,2.7109375,,,False,0.0,False,0.0,False,Seller 295,"Saint Clair Shores, Michigan, United States",MI,2026-02-06,True,False,False,MI,Standard,Mid-Gen (12-13),6,4935.0,20.909090909090907
594,"Apple iPhone 13, 256GB - Unlocked - Used Good - Red",iPhone 13,13,False,256.0,256GB,256GB,False,Used,Second-hand,260.0,$200-399,1.015625,,,False,0.0,False,0.0,False,Seller 305,"Pekin, Illinois, United States",IL,2026-02-06,True,False,False,IL,Standard,Mid-Gen (12-13),5,4935.0,20.909090909090907
595,Apple iPhone 14 Plus (A2632) 128GB - Black (Unlocked) - *DAMAGED* - Clean IMEI,iPhone 14 Plus,14,False,128.0,128GB,128GB,False,For Parts Or Not Working,Damaged,199.99,<$200,1.562421875,,,False,0.0,False,0.0,False,Seller 013,"Akron, Ohio, United States",OH,2026-02-06,True,False,False,OH,Standard,Modern (14+),42,3410.0,31.343283582089555
596,Apple iPhone 12 Factory Unlocked 64GB A2172 GSM 1 Year Ext Warranty,iPhone 12,12,False,64.0,64GB,64GB,False,Excellent - Refurbished,Refurbished,198.99,<$200,3.10921875,,,False,2.0,True,1.0,True,Seller 058,"Granada Hills, California, United States",CA,2026-02-07,True,False,False,CA,Standard,Mid-Gen (12-13),23,4428.01,45.073891625615765
597,Apple iPhone 12 Blue 64GB Fully Unlocked - Good Condition,iPhone 12,12,False,64.0,64GB,64GB,False,Used,Second-hand,189.94,<$200,2.9678125,,,False,4.0,True,7.0,True,Seller 167,"Pompano Beach, Florida, United States",FL,2026-02-07,True,False,False,FL,Standard,Mid-Gen (12-13),18,4428.01,45.073891625615765
598,Apple iPhone 13 128GB Unlocked MLMT3LL/A Broken for Parts,iPhone 13,13,False,128.0,128GB,128GB,False,For Parts Or Not Working,Damaged,160.0,<$200,1.25,,,False,0.0,False,0.0,False,Seller 600,"Oklahoma City, Oklahoma, United States",OK,2026-02-08,True,False,False,OK,Standard,Mid-Gen (12-13),3,4935.0,20.909090909090907
599,APPLE IPHONE 14 128GB 256GB 512GB (FACTORY UNLOCKED) ✅1 YR WARRANTY✅⚫⚪🔴�� ✤O/B✤,iPhone 14,14,False,128.0,128GB,128GB|256GB|512GB,False,Open Box,Like New,348.95,$200-399,2.726171875,,,False,10.0,True,316.0,True,Seller 146,"Los Angeles, California, United States",CA,2026-02-09,True,False,False,CA,Standard,Modern (14+),40,1329.99,21.492537313432834
600,Apple iPhone 13 - 128GB | 256GB - Unlocked AT&T Verizon T-Mobile Cricket - Good,iPhone 13,13,False,128.0,128GB,128GB|256GB,False,Good - Refurbished,Refurbished,256.45,$200-399,2.003515625,269.95,5.0,True,7.0,True,66.0,True,Seller 190,"Spartanburg, South Carolina, United States",SC,2026-02-10,True,False,False,SC,Standard,Mid-Gen (12-13),4,4935.0,20.909090909090907
601,Apple iPhone 14 Plus (A2632) 128GB - Blue (Unlocked) - *DAMAGED* - Clean IMEI,iPhone 14 Plus,14,False,128.0,128GB,128GB,False,For Parts Or Not Working,Damaged,199.99,<$200,1.562421875,,,False,0.0,False,0.0,False,Seller 013,"Akron, Ohio, United States",OH,2026-02-10,True,False,False,OH,Standard,Modern (14+),42,3410.0,31.343283582089555
602,Apple iPhone 12 64GB / 128GB / 256GB –Unlocked - VERY GOOD CONDITION #3,iPhone 12,12,False,64.0,64GB,64GB|128GB|256GB,False,Used,Second-hand,195.99,<$200,3.06234375,,,False,0.0,False,3.0,True,Seller 465,"Kissimmee, Florida, United States",FL,2026-02-11,True,False,False,FL,Standard,Mid-Gen (12-13),18,4428.01,45.073891625615765
603,New Sealed Unlocked Apple iPhone 17 Pro Max 6.9-inch A3257 Deep Blue 2TB,iPhone 17 Pro Max,17,True,2048.0,2048GB,2048GB,False,New,Second-hand,2559.96,$1300+,1.24998046875,3199.95,20.0,True,0.0,False,1.0,True,Seller 082,"Fairfax, Virginia, United States",VA,2026-02-11,True,False,False,VA,Pro,Modern (14+),3,2710.0,8.176100628930817
604,Apple iPhone 13 256GB Factory Unlocked Blue #23911,iPhone 13,13,False,256.0,256GB,256GB,False,Used,Second-hand,289.99,$200-399,1.1327734375,,,False,0.0,False,0.0,False,Seller 057,"Oviedo, Florida, United States",FL,2026-02-12,True,False,False,FL,Standard,Mid-Gen (12-13),28,4935.0,20.909090909090907
605,Apple iPhone 13 Factory Unlocked Blue 128GB (Cracked) #23987,iPhone 13,13,False,128.0,128GB,128GB,False,For Parts Or Not Working,Damaged,199.99,<$200,1.562421875,,,False,0.0,False,0.0,False,Seller 057,"Oviedo, Florida, United States",FL,2026-02-12,True,False,False,FL,Standard,Mid-Gen (12-13),28,4935.0,20.909090909090907
606,Apple iPhone 14 Pro MAX 1 TB Deep purple (Factory Unlocked),iPhone 14 Pro Max,14,True,1024.0,1024GB,1024GB,False,Used,Second-hand,628.99,$600-899,0.614248046875,,,False,0.0,False,1.0,True,Seller 019,"Granada Hills, California, United States",CA,2026-02-12,True,False,False,CA,Pro,Modern (14+),58,2750.0,8.085106382978724
607,Apple iPhone 13 Factory Unlocked Product Red 128GB (Back Cracked) #23714,iPhone 13,13,False,128.0,128GB,128GB,False,For Parts Or Not Working,Damaged,199.99,<$200,1.562421875,,,False,0.0,False,0.0,False,Seller 057,"Oviedo, Florida, United States",FL,2026-02-12,True,False,False,FL,Standard,Mid-Gen (12-13),28,4935.0,20.909090909090907
608,Apple iPhone 13 Factory Unlocked Pink 128GB (Cracked) #23713,iPhone 13,13,False,128.0,128GB,128GB,False,For Parts Or Not Working,Damaged,189.99,<$200,1.484296875,,,False,0.0,False,0.0,False,Seller 057,"Oviedo, Florida, United States",FL,2026-02-12,True,False,False,FL,Standard,Mid-Gen (12-13),28,4935.0,20.909090909090907
609,Apple iPhone 14+ plus 512gb Black color Factory Unlocked,iPhone 14,14,False,512.0,512GB,512GB,False,Used,Second-hand,399.99,$200-399,0.78123046875,,,False,0.0,False,0.0,False,Seller 019,"Granada Hills, California, United States",CA,2026-02-12,True,False,False,CA,Standard,Modern (14+),40,1329.99,21.492537313432834
610,Apple iPhone 13 Factory Unlocked Product Red 128GB (Lens Missing) #23722,iPhone 13,13,False,128.0,128GB,128GB,False,Used,Second-hand,229.99,$200-399,1.796796875,,,False,0.0,False,0.0,False,Seller 057,"Oviedo, Florida, United States",FL,2026-02-12,True,False,False,FL,Standard,Mid-Gen (12-13),28,4935.0,20.909090909090907
611,Apple iPhone 13 Factory Unlocked Blue 128GB #23990,iPhone 13,13,False,128.0,128GB,128GB,False,Used,Second-hand,239.99,$200-399,1.874921875,,,False,0.0,False,0.0,False,Seller 057,"Oviedo, Florida, United States",FL,2026-02-12,True,False,False,FL,Standard,Mid-Gen (12-13),28,4935.0,20.909090909090907
612,iPhone 12 Pro Max Factory Unlocked 128 -RARE IOS 14.4.2- 100% Battery Health 🔥,iPhone 12 Pro Max,12,True,,Tidak Diketahui,,False,Used,Second-hand,996.35,$900-1299,,,,False,0.0,False,0.0,False,Seller 022,"Fort Worth, Texas, United States",TX,2026-02-12,True,False,False,TX,Pro,Mid-Gen (12-13),10,4867.01,4.6875
613,Apple iPhone 13 Factory Unlocked Black / Midnight 128GB #23905,iPhone 13,13,False,128.0,128GB,128GB,False,Used,Second-hand,239.99,$200-399,1.874921875,,,False,0.0,False,0.0,False,Seller 057,"Oviedo, Florida, United States",FL,2026-02-12,True,False,False,FL,Standard,Mid-Gen (12-13),28,4935.0,20.909090909090907
614,Apple iPhone 13 Factory Unlocked Product Red 128GB #23718,iPhone 13,13,False,128.0,128GB,128GB,False,Used,Second-hand,249.99,$200-399,1.953046875,,,False,0.0,False,0.0,False,Seller 057,"Oviedo, Florida, United States",FL,2026-02-12,True,False,False,FL,Standard,Mid-Gen (12-13),28,4935.0,20.909090909090907
615,Apple iPhone 13 Factory Unlocked White / Starlight 128GB (Scratches) #23709,iPhone 13,13,False,128.0,128GB,128GB,False,Used,Second-hand,239.99,$200-399,1.874921875,,,False,0.0,False,0.0,False,Seller 057,"Oviedo, Florida, United States",FL,2026-02-12,True,False,False,FL,Standard,Mid-Gen (12-13),28,4935.0,20.909090909090907
616,Apple iPhone 12 Pro Max - 256 GB - Pacific Blue (Unlocked) - BH75% - NO FACE ID,iPhone 12 Pro Max,12,True,256.0,256GB,256GB,False,Used,Second-hand,229.0,$200-399,0.89453125,,,False,0.0,False,0.0,False,Seller 658,"Miami, Florida, United States",FL,2026-02-12,True,False,False,FL,Pro,Mid-Gen (12-13),21,4867.01,4.6875
617,Apple iPhone 12 Pro Max - 256 GB - Pacific Blue (Unlocked) - BH76% - NO FACE ID,iPhone 12 Pro Max,12,True,256.0,256GB,256GB,False,Used,Second-hand,229.0,$200-399,0.89453125,,,False,0.0,False,0.0,False,Seller 658,"Miami, Florida, United States",FL,2026-02-12,True,False,False,FL,Pro,Mid-Gen (12-13),21,4867.01,4.6875
618,Apple iPhone 14 Pro MAX 1Tb color negro (Desbloqueado de fábrica)-,iPhone 14 Pro Max,14,True,1024.0,1024GB,1024GB,False,Used,Second-hand,628.99,$600-899,0.614248046875,,,False,0.0,False,0.0,False,Seller 019,"Granada Hills, California, Estados Unidos",CA,2026-02-12,True,False,False,CA,Pro,Modern (14+),58,2750.0,8.085106382978724
619,APPLE IPHONE 14 128GB 256GB 512GB (FACTORY UNLOCKED) ✅PHYSICAL SIM TRAY✅ ✤GOOD✤,iPhone 14,14,False,128.0,128GB,128GB|256GB|512GB,False,Good - Refurbished,Refurbished,349.95,$200-399,2.733984375,,,False,0.0,False,15.0,True,Seller 146,"Los Angeles, California, United States",CA,2026-02-13,True,False,False,CA,Standard,Modern (14+),40,1329.99,21.492537313432834
620,Apple iPhone 14+ plus 128GB A2632 Unlocked open box,iPhone 14,14,False,128.0,128GB,128GB,False,Open Box,Like New,394.99,$200-399,3.085859375,,,False,1.0,True,0.0,False,Seller 019,"Granada Hills, California, United States",CA,2026-02-14,True,False,False,CA,Standard,Modern (14+),40,1329.99,21.492537313432834
621,Apple iPhone 14 Factory Unlocked 128GB A2649 New OPN Box AT&T T-Mobile Verizon,iPhone 14,14,False,128.0,128GB,128GB,False,Open Box,Like New,354.99,$200-399,2.773359375,,,False,7.0,True,3.0,True,Seller 058,"Granada Hills, California, United States",CA,2026-02-14,True,False,False,CA,Standard,Modern (14+),40,1329.99,21.492537313432834
622,Apple iPhone 14 Plus 14+ Factory Unlocked 128GB A2632 1Y Extended Warranty Used,iPhone 14 Plus,14,False,128.0,128GB,128GB,False,Used,Second-hand,369.99,$200-399,2.890546875,,,False,2.0,True,0.0,False,Seller 058,"Granada Hills, California, United States",CA,2026-02-14,True,False,False,CA,Standard,Modern (14+),19,3410.0,31.343283582089555
623,Apple iPhone 14 128gb BLUE Factory Unlocked open box battery health,iPhone 14,14,False,128.0,128GB,128GB,False,Open Box,Like New,314.99,$200-399,2.460859375,,,False,0.0,False,2.0,True,Seller 019,"Granada Hills, California, United States",CA,2026-02-14,True,False,False,CA,Standard,Modern (14+),40,1329.99,21.492537313432834
624,Apple iPhone 14 Factory Unlocked 128GB A2649 New OPN Box 1Y Extended Warranty,iPhone 14,14,False,128.0,128GB,128GB,False,Open Box,Like New,349.99,$200-399,2.734296875,,,False,2.0,True,0.0,False,Seller 058,"Granada Hills, California, United States",CA,2026-02-14,True,False,False,CA,Standard,Modern (14+),40,1329.99,21.492537313432834
625,Apple iPhone 14 - 128GB fully Unlocked open box,iPhone 14,14,False,128.0,128GB,128GB,False,Open Box,Like New,338.99,$200-399,2.648359375,,,False,4.0,True,0.0,False,Seller 019,"Granada Hills, California, United States",CA,2026-02-14,True,False,False,CA,Standard,Modern (14+),40,1329.99,21.492537313432834
626,Apple iPhone 14+ plus 128gb BLACK color Factory Unlocked 1year ex warranty,iPhone 14,14,False,128.0,128GB,128GB,False,Used,Second-hand,365.99,$200-399,2.859296875,,,False,2.0,True,0.0,False,Seller 019,"Granada Hills, California, United States",CA,2026-02-14,True,False,False,CA,Standard,Modern (14+),40,1329.99,21.492537313432834
627,Apple iPhone 14+ Plus Factory Unlocked 128GB A2632 Open Box GSM CDMA,iPhone 14,14,False,128.0,128GB,128GB,False,Open Box,Like New,389.99,$200-399,3.046796875,,,False,0.0,False,1.0,True,Seller 058,"Granada Hills, California, United States",CA,2026-02-14,True,False,False,CA,Standard,Modern (14+),40,1329.99,21.492537313432834
628,Apple iPhone 14 128GB Midnight AT&T IC-L0cked – Parts Only As-Is NoReturns,iPhone 14,14,False,128.0,128GB,128GB,False,For Parts Or Not Working,Damaged,160.0,<$200,1.25,,,False,0.0,False,0.0,False,Seller 345,"Denver, Colorado, United States",CO,2026-02-15,True,False,False,CO,Standard,Modern (14+),1,1329.99,21.492537313432834
629,Apple iPhone 14 256GB Factory Unlocked White / Starlight #23760,iPhone 14,14,False,256.0,256GB,256GB,False,Used,Second-hand,309.99,$200-399,1.2108984375,,,False,0.0,False,0.0,False,Seller 057,"Oviedo, Florida, United States",FL,2026-02-15,True,False,False,FL,Standard,Modern (14+),27,1329.99,21.492537313432834
630,Apple iPhone 14 Factory Unlocked Blue 128GB (Back Blemish) #24056,iPhone 14,14,False,128.0,128GB,128GB,False,Used,Second-hand,269.99,$200-399,2.109296875,,,False,0.0,False,0.0,False,Seller 057,"Oviedo, Florida, United States",FL,2026-02-15,True,False,False,FL,Standard,Modern (14+),27,1329.99,21.492537313432834
631,Apple iPhone 14 Factory Unlocked Purple 128GB #23759,iPhone 14,14,False,128.0,128GB,128GB,False,Used,Second-hand,279.99,$200-399,2.187421875,,,False,0.0,False,0.0,False,Seller 057,"Oviedo, Florida, United States",FL,2026-02-15,True,False,False,FL,Standard,Modern (14+),27,1329.99,21.492537313432834
632,Apple iPhone 13 - 128 GB - Midnight (Unlocked) No service and screen lines,iPhone 13,13,False,128.0,128GB,128GB,False,For Parts Or Not Working,Damaged,154.98,<$200,1.21078125,,,False,0.0,False,0.0,False,Seller 649,"Brooklyn, New York, United States",NY,2026-02-15,True,False,False,NY,Standard,Mid-Gen (12-13),27,4935.0,20.909090909090907
633,Apple iPhone 14 Factory Unlocked Black / Midnight 128GB #23770,iPhone 14,14,False,128.0,128GB,128GB,False,Used,Second-hand,279.99,$200-399,2.187421875,,,False,0.0,False,0.0,False,Seller 057,"Oviedo, Florida, United States",FL,2026-02-15,True,False,False,FL,Standard,Modern (14+),27,1329.99,21.492537313432834
634,Apple iPhone 14 Factory Unlocked Black / Midnight 128GB (Back Cracked) #23769,iPhone 14,14,False,128.0,128GB,128GB,False,For Parts Or Not Working,Damaged,239.99,$200-399,1.874921875,,,False,0.0,False,0.0,False,Seller 057,"Oviedo, Florida, United States",FL,2026-02-15,True,False,False,FL,Standard,Modern (14+),27,1329.99,21.492537313432834
635,Apple iPhone 14 512GB Factory Unlocked Black / Midnight #23756,iPhone 14,14,False,512.0,512GB,512GB,False,Used,Second-hand,329.99,$200-399,0.64451171875,,,False,0.0,False,0.0,False,Seller 057,"Oviedo, Florida, United States",FL,2026-02-15,True,False,False,FL,Standard,Modern (14+),27,1329.99,21.492537313432834
636,Apple iPhone 14 Factory Unlocked Purple 128GB (Scratches) #23761,iPhone 14,14,False,128.0,128GB,128GB,False,Used,Second-hand,269.99,$200-399,2.109296875,,,False,0.0,False,0.0,False,Seller 057,"Oviedo, Florida, United States",FL,2026-02-15,True,False,False,FL,Standard,Modern (14+),27,1329.99,21.492537313432834
637,Apple iPhone 14 Factory Unlocked Blue 128GB #23765,iPhone 14,14,False,128.0,128GB,128GB,False,Used,Second-hand,269.99,$200-399,2.109296875,,,False,0.0,False,0.0,False,Seller 057,"Oviedo, Florida, United States",FL,2026-02-15,True,False,False,FL,Standard,Modern (14+),27,1329.99,21.492537313432834
638,Apple iPhone 14 256GB Factory Unlocked Blue (Back Cracked) #23880,iPhone 14,14,False,256.0,256GB,256GB,False,For Parts Or Not Working,Damaged,269.99,$200-399,1.0546484375,,,False,0.0,False,0.0,False,Seller 057,"Oviedo, Florida, United States",FL,2026-02-15,True,False,False,FL,Standard,Modern (14+),27,1329.99,21.492537313432834
639,"Apple iPhone 14 Pro Max 6.7"" Super Retina XDR - 128 GB - Silver",iPhone 14 Pro Max,14,True,128.0,128GB,128GB,False,Used,Second-hand,600.0,$600-899,4.6875,,,False,0.0,False,0.0,False,Seller 570,"Toronto, Canada",INTL,2026-02-16,True,False,False,INTL,Pro,Modern (14+),17,2750.0,8.085106382978724
640,Apple iPhone 14 Plus 14+ Factory Unlocked 128GB A2632 1Y Warranty Open Box 76%,iPhone 14 Plus,14,False,128.0,128GB,128GB,False,Open Box,Like New,384.99,$200-399,3.007734375,,,False,2.0,True,0.0,False,Seller 058,"Granada Hills, California, United States",CA,2026-02-16,True,False,False,CA,Standard,Modern (14+),19,3410.0,31.343283582089555
641,Apple iPhone 12 Pro Max 128GB Graphite Unlocked - Very Good Condition,iPhone 12 Pro Max,12,True,128.0,128GB,128GB,False,Used,Second-hand,309.94,$200-399,2.42140625,,,False,10.0,True,15.0,True,Seller 167,"Pompano Beach, Florida, United States",FL,2026-02-16,True,False,False,FL,Pro,Mid-Gen (12-13),21,4867.01,4.6875
642,Apple iPhone 13 A2482 128GB - Fully Unlocked- MIDNIGHT,iPhone 13,13,False,128.0,128GB,128GB,False,Used,Second-hand,259.99,$200-399,2.031171875,,,False,0.0,False,0.0,False,Seller 520,"Saint Augustine, Florida, United States",FL,2026-02-16,True,False,False,FL,Standard,Mid-Gen (12-13),28,4935.0,20.909090909090907
643,Apple iPhone 14 Pro Max 1TB No Face ID Factory Unlocked Very Good Condition,iPhone 14 Pro Max,14,True,1024.0,1024GB,1024GB,False,Used,Second-hand,449.95,$400-599,0.439404296875,1599.0,71.86,True,0.0,False,5.0,True,Seller 165,"Lawrence, Kansas, United States",KS,2026-02-17,True,False,False,KS,Pro,Modern (14+),3,2750.0,8.085106382978724
644,Apple iPhone 14 Pro Max 512GB No Face ID Factory Unlocked Very Good Condition,iPhone 14 Pro Max,14,True,512.0,512GB,512GB,False,Used,Second-hand,399.95,$200-399,0.78115234375,1399.0,71.41,True,4.0,True,8.0,True,Seller 165,"Lawrence, Kansas, United States",KS,2026-02-17,True,False,False,KS,Pro,Modern (14+),3,2750.0,8.085106382978724
645,Blue Apple iPhone 12 256GB Unlocked - GOOD Condition Check photos 83%battery,iPhone 12,12,False,256.0,256GB,256GB,False,Used,Second-hand,229.99,$200-399,0.8983984375,,,False,0.0,False,0.0,False,Seller 090,"Stryker, Ohio, United States",OH,2026-02-17,True,False,False,OH,Standard,Mid-Gen (12-13),4,4428.01,45.073891625615765
646,Apple iPhone 16 128GB GSM Unlocked AT&T T-Mobile Very Good Condition,iPhone 16,16,False,128.0,128GB,128GB,False,Very Good - Refurbished,Refurbished,569.95,$400-599,4.452734375,799.0,28.67,True,1.0,True,0.0,False,Seller 165,"Lawrence, Kansas, United States",KS,2026-02-17,True,False,False,KS,Standard,Modern (14+),9,639.5,7.207207207207207
647,Apple iPhone 14 Plus 128GB No Face ID Factory Unlocked Good Condition,iPhone 14 Plus,14,False,128.0,128GB,128GB,False,Used,Second-hand,299.95,$200-399,2.343359375,899.0,66.64,True,0.0,False,3.0,True,Seller 165,"Lawrence, Kansas, United States",KS,2026-02-17,True,False,False,KS,Standard,Modern (14+),2,3410.0,31.343283582089555
648,"Apple iPhone 14 Pro Max 128GB Unlocked, White/Silver without Box Authentic",iPhone 14 Pro Max,14,True,128.0,128GB,128GB,False,Used,Second-hand,589.99,$400-599,4.609296875,,,False,0.0,False,0.0,False,Seller 620,"Orlando, Florida, United States",FL,2026-02-17,True,False,False,FL,Pro,Modern (14+),30,2750.0,8.085106382978724
649,Apple iPhone 12 64GB - Fully Unlocked - GOOD Condition,iPhone 12,12,False,64.0,64GB,64GB,False,Good - Refurbished,Refurbished,187.99,<$200,2.93734375,,,False,5.0,True,6.0,True,Seller 170,"Brooklyn, New York, United States",NY,2026-02-18,True,False,False,NY,Standard,Mid-Gen (12-13),24,4428.01,45.073891625615765
650,Apple iPhone 12 Pro Max 128GB - Fully Unlocked - VERY GOOD Condition,iPhone 12 Pro Max,12,True,128.0,128GB,128GB,False,Very Good - Refurbished,Refurbished,324.99,$200-399,2.538984375,,,False,0.0,False,8.0,True,Seller 170,"Brooklyn, New York, United States",NY,2026-02-18,True,False,False,NY,Pro,Mid-Gen (12-13),22,4867.01,4.6875
651,Apple iPhone 12 PRO MAX 128GB │256GB│512GB (UNLOCKED) 🔋100% BATTERY🔋 ✤SEALED✤,iPhone 12 Pro Max,12,True,128.0,128GB,128GB|256GB|512GB,False,New,Second-hand,429.99,$400-599,3.359296875,,,False,8.0,True,789.0,True,Seller 146,"Los Angeles, California, United States",CA,2026-02-19,True,False,False,CA,Pro,Mid-Gen (12-13),10,4867.01,4.6875
652,open box Apple iPhone 13 128GB Unlocked 1 year ex warranty RED color,iPhone 13,13,False,128.0,128GB,128GB,False,Open Box,Like New,321.99,$200-399,2.515546875,,,False,2.0,True,0.0,False,Seller 019,"Granada Hills, California, United States",CA,2026-02-19,True,False,False,CA,Standard,Mid-Gen (12-13),22,4935.0,20.909090909090907
653,Apple iPhone 13 mini 128GB A2628 Fully Unlocked All colors C stock Cosmetic Wear,iPhone 13 Mini,13,False,128.0,128GB,128GB,False,Used,Second-hand,179.85,<$200,1.405078125,,,False,1.0,True,0.0,False,Seller 649,"Brooklyn, New York, United States",NY,2026-02-19,True,False,False,NY,Standard,Mid-Gen (12-13),31,491.95,6.462585034013606
654,Apple iPhone 13 mini 512 GB All colors Unlocked AT&T T-Mobile Verizon Good,iPhone 13 Mini,13,False,512.0,512GB,512GB,False,Good - Refurbished,Refurbished,357.77,$200-399,0.69876953125,,,False,0.0,False,1.0,True,Seller 649,"Brooklyn, New York, United States",NY,2026-02-19,True,False,False,NY,Standard,Mid-Gen (12-13),31,491.95,6.462585034013606
655,open box Apple iPhone 12 256GB Unlocked MODEL A2172 RED color,iPhone 12,12,False,256.0,256GB,256GB,False,Open Box,Like New,241.99,$200-399,0.9452734375,,,False,1.0,True,0.0,False,Seller 019,"Granada Hills, California, United States",CA,2026-02-19,True,False,False,CA,Standard,Mid-Gen (12-13),23,4428.01,45.073891625615765
656,Apple iPhone 13 Mini A2481 128GB Factory Unlocked In-Box Blue (Read Desc),iPhone 13 Mini,13,False,128.0,128GB,128GB,False,Used,Second-hand,259.95,$200-399,2.030859375,,,False,0.0,False,0.0,False,Seller 306,"Allen, Texas, United States",TX,2026-02-21,True,False,False,TX,Standard,Mid-Gen (12-13),12,491.95,6.462585034013606
657,Apple iPhone 13 Mini A2481 256GB Factory Unlocked In-Box Blue (Read Desc),iPhone 13 Mini,13,False,256.0,256GB,256GB,False,Used,Second-hand,319.95,$200-399,1.2498046875,,,False,3.0,True,1.0,True,Seller 306,"Allen, Texas, United States",TX,2026-02-21,True,False,False,TX,Standard,Mid-Gen (12-13),12,491.95,6.462585034013606
658,Apple iPhone 14 Plus 512GB Unlocked phone.,iPhone 14 Plus,14,False,512.0,512GB,512GB,False,Open Box,Like New,500.0,$400-599,0.9765625,,,False,0.0,False,0.0,False,Seller 503,"Buda, Texas, United States",TX,2026-02-21,True,False,False,TX,Standard,Modern (14+),14,3410.0,31.343283582089555
659,Apple iPhone 13 128GB Factory Unlocked GSM+CDMA Excellent (Read Desc) Blue,iPhone 13,13,False,128.0,128GB,128GB,False,Used,Second-hand,299.95,$200-399,2.343359375,,,False,1.0,True,0.0,False,Seller 306,"Allen, Texas, United States",TX,2026-02-21,True,False,False,TX,Standard,Mid-Gen (12-13),141,4935.0,20.909090909090907
660,"Apple iPhone 14 PLUS 6.7"" Factory 🔓 Unlocked",iPhone 14 Plus,14,False,,Tidak Diketahui,,False,Used,Second-hand,345.0,$200-399,,,,False,0.0,False,0.0,False,Seller 380,"San Pablo, California, United States",CA,2026-02-21,True,False,False,CA,Standard,Modern (14+),19,3410.0,31.343283582089555
661,New 2025 Apple - iPhone 17 Air 6.5-inch A3260 USA eSIM Unlocked,iPhone 17,17,False,,Tidak Diketahui,,False,New,Second-hand,1199.99,$900-1299,,,,False,0.0,False,27.0,True,Seller 618,"Richardson, Texas, United States",TX,2026-02-21,True,False,False,TX,Standard,Modern (14+),23,1000.99,7.857142857142857
662,Apple iPhone 14 6.1 inch 128GB A2649 Unlocked Puple - Open Box,iPhone 14,14,False,128.0,128GB,128GB,False,Open Box,Like New,419.95,$400-599,3.280859375,,,False,0.0,False,1.0,True,Seller 116,"Land O' Lakes, Florida, United States",FL,2026-02-22,True,False,False,FL,Standard,Modern (14+),27,1329.99,21.492537313432834
663,iPhone 17 Lavender — Unlocked — 256 GB (FREE Delivery),iPhone 17,17,False,256.0,256GB,256GB,False,New,Second-hand,1091.0,$900-1299,4.26171875,,,False,6.0,True,0.0,False,Seller 292,"Bronx, New York, United States",NY,2026-02-22,True,False,False,NY,Standard,Modern (14+),20,1000.99,7.857142857142857
664,Apple iPhone 14 Plus - 128GB - Midnight - New,iPhone 14 Plus,14,False,128.0,128GB,128GB,False,Open Box,Like New,400.0,$400-599,3.125,,,False,0.0,False,1.0,True,Seller 052,"Reisterstown, Maryland, United States",MD,2026-02-22,True,False,False,MD,Standard,Modern (14+),2,3410.0,31.343283582089555
665,iPhone 17 Mist Blue — Unlocked — 256 GB (FREE Delivery),iPhone 17,17,False,256.0,256GB,256GB,False,New,Second-hand,1091.0,$900-1299,4.26171875,,,False,8.0,True,0.0,False,Seller 292,"Bronx, New York, United States",NY,2026-02-22,True,False,False,NY,Standard,Modern (14+),20,1000.99,7.857142857142857
666,Apple iPhone 14 eSIM 128GB Midnight Unlocked Clean IMEI BH=100% Charged 11 Times,iPhone 14,14,False,128.0,128GB,128GB,False,Used,Second-hand,333.33,$200-399,2.604140625,,,False,0.0,False,0.0,False,Seller 188,"Shawnee, Kansas, United States",KS,2026-02-23,True,False,False,KS,Standard,Modern (14+),9,1329.99,21.492537313432834
667,"Apple iPhone 14 Unlocked, White/Starlight, 128GB",iPhone 14,14,False,128.0,128GB,128GB,False,New,Second-hand,400.0,$400-599,3.125,,,False,0.0,False,0.0,False,Seller 490,"Hampton, Virginia, United States",VA,2026-02-23,True,False,False,VA,Standard,Modern (14+),1,1329.99,21.492537313432834
668,New Sealed Apple iPhone 17 512GB A3520 Unlocked include Physical SIM and ESIM,iPhone 17,17,False,512.0,512GB,512GB,False,New,Second-hand,1398.72,$1300+,2.731875,1488.0,6.0,True,2.0,True,3.0,True,Seller 016,"Rowland Heights, California, United States",CA,2026-02-23,True,False,False,CA,Standard,Modern (14+),15,1000.99,7.857142857142857
669,New Apple iPhone 12 Unlocked 64/128/256GB Sealed Colours 5G Mobile FREE EXPRESS,iPhone 12,12,False,256.0,256GB,256GB,False,Open Box,Like New,445.99,$400-599,1.7421484375,,,False,0.0,False,2.0,True,Seller 249,"Gosnells, WA, Australia",INTL,2026-02-24,True,False,False,INTL,Standard,Mid-Gen (12-13),21,4428.01,45.073891625615765
670,New 2025 Apple - iPhone 17 Pro Max 6.9-inch A3257 USA eSIM Unlocked,iPhone 17 Pro Max,17,True,,Tidak Diketahui,,False,New,Second-hand,1474.99,$1300+,,,,False,0.0,False,79.0,True,Seller 618,"Richardson, TX, United States",TX,2026-02-25,True,False,False,TX,Pro,Modern (14+),19,2710.0,8.176100628930817
671,Apple iPhone 12 Factory Unlocked 128GB A2172 GSM 1 Year Ext Warranty OPEN Box,iPhone 12,12,False,128.0,128GB,128GB,False,Open Box,Like New,254.99,$200-399,1.992109375,,,False,1.0,True,0.0,False,Seller 058,"Granada Hills, California, United States",CA,2026-02-25,True,False,False,CA,Standard,Mid-Gen (12-13),23,4428.01,45.073891625615765
672,Apple iPhone 14 256GB Factory Unlocked All A2649 All Colors In-Box Excellent,iPhone 14,14,False,256.0,256GB,256GB,False,Open Box,Like New,399.95,$200-399,1.5623046875,,,False,0.0,False,29.0,True,Seller 306,"Allen, Texas, United States",TX,2026-02-25,True,False,False,TX,Standard,Modern (14+),150,1329.99,21.492537313432834
673,"Apple iPhone 14 128GB Factory Unlocked All Networks A2649 Open Box, All Colors",iPhone 14,14,False,128.0,128GB,128GB,False,Open Box,Like New,359.95,$200-399,2.812109375,,,False,0.0,False,3.0,True,Seller 306,"Allen, Texas, United States",TX,2026-02-25,True,False,False,TX,Standard,Modern (14+),150,1329.99,21.492537313432834
674,Jailbroken IPhone 14 Pro Max 512gb RARE *iOS 16.4.1* | Dopamine + TrollStore,iPhone 14 Pro Max,14,True,512.0,512GB,512GB,False,Used,Second-hand,1500.0,$1300+,2.9296875,,,False,0.0,False,0.0,False,Seller 382,"Dacula, Georgia, United States",GA,2026-02-25,True,False,False,GA,Pro,Modern (14+),3,2750.0,8.085106382978724
675,Apple iPhone 14 Plus (A2632) 128GB (Unlocked) - CRACKED - Clean IMEI - H5015,iPhone 14 Plus,14,False,128.0,128GB,128GB,False,For Parts Or Not Working,Damaged,220.99,$200-399,1.726484375,,,False,0.0,False,0.0,False,Seller 013,"Akron, Ohio, United States",OH,2026-02-26,True,False,False,OH,Standard,Modern (14+),42,3410.0,31.343283582089555
676,"Apple iPhone 14 Blue, 128GB, Unlocked, Battery Health 85%",iPhone 14,14,False,128.0,128GB,128GB,False,Used,Second-hand,290.0,$200-399,2.265625,,,False,0.0,False,0.0,False,Seller 608,"Naples, Florida, United States",FL,2026-02-26,True,False,False,FL,Standard,Modern (14+),27,1329.99,21.492537313432834
677,"Apple iPhone 13 Mini, Unlocked Smartphone, 128GB, 256GB, 512GB, SYDNEY STOCK",iPhone 13 Mini,13,False,128.0,128GB,128GB|256GB|512GB,False,New,Second-hand,621.9,$600-899,4.85859375,,,False,10.0,True,24.0,True,Seller 548,"Sydney, NSW, Australia",INTL,2026-02-26,True,False,False,INTL,Standard,Mid-Gen (12-13),26,491.95,6.462585034013606
678,"Apple iPhone 12, Unlocked Smartphone, 64GB, 128GB, 256GB - SYDNEY STOCK",iPhone 12,12,False,64.0,64GB,64GB|128GB|256GB,False,New,Second-hand,541.9,$400-599,8.4671875,,,False,10.0,True,61.0,True,Seller 548,"Sydney, NSW, Australia",INTL,2026-02-26,True,False,False,INTL,Standard,Mid-Gen (12-13),21,4428.01,45.073891625615765
679,"Apple iPhone 13 Unlocked Smartphone, 128GB, 256GB, SYDNEY STOCK",iPhone 13,13,False,128.0,128GB,128GB|256GB,False,New,Second-hand,691.9,$600-899,5.40546875,,,False,10.0,True,7.0,True,Seller 548,"Sydney, NSW, Australia",INTL,2026-02-26,True,False,False,INTL,Standard,Mid-Gen (12-13),17,4935.0,20.909090909090907
680,"Apple iPhone 14 Pro Max, Unlocked Smartphone, 128GB, 256GB - SYDNEY STOCK",iPhone 14 Pro Max,14,True,128.0,128GB,128GB|256GB,False,New,Second-hand,1091.9,$900-1299,8.53046875,,,False,5.0,True,7.0,True,Seller 548,"Sydney, NSW, Australia",INTL,2026-02-26,True,False,False,INTL,Pro,Modern (14+),17,2750.0,8.085106382978724
681,"Apple iPhone 14, Unlocked Smartphone, 128GB, 256GB, 512GB - SYDNEY STOCK",iPhone 14,14,False,128.0,128GB,128GB|256GB|512GB,False,New,Second-hand,801.9,$600-899,6.26484375,,,False,5.0,True,1.0,True,Seller 548,"Sydney, NSW, Australia",INTL,2026-02-26,True,False,False,INTL,Standard,Modern (14+),16,1329.99,21.492537313432834
682,"iPhone 12 Pro Max, Unlocked Smartphone, 128GB, 256GB, 512GB - SYDNEY STOCK",iPhone 12 Pro Max,12,True,128.0,128GB,128GB|256GB|512GB,False,New,Second-hand,751.9,$600-899,5.87421875,,,False,10.0,True,20.0,True,Seller 548,"Sydney, NSW, Australia",INTL,2026-02-26,True,False,False,INTL,Pro,Mid-Gen (12-13),22,4867.01,4.6875
683,Apple iPhone 12 Pro Max - 256 GB - Blue (Unlocked),iPhone 12 Pro Max,12,True,256.0,256GB,256GB,False,Used,Second-hand,280.0,$200-399,1.09375,,,False,0.0,False,0.0,False,Seller 525,"Irvine, California, United States",CA,2026-02-26,True,False,False,CA,Pro,Mid-Gen (12-13),10,4867.01,4.6875
684,Apple iPhone 12 Pro Max A2342 128GB Silver Unlocked phone 96% battery health,iPhone 12 Pro Max,12,True,128.0,128GB,128GB,False,Used,Second-hand,343.88,$200-399,2.6865625,404.57,15.0,True,0.0,False,0.0,False,Seller 665,"Mundelein, Illinois, United States",IL,2026-02-27,True,False,False,IL,Pro,Mid-Gen (12-13),8,4867.01,4.6875
685,Apple iPhone 12 Pro Max 256 GB Graphite SIM-free Operation confirmed initialized,iPhone 12 Pro Max,12,True,256.0,256GB,256GB,False,Used,Second-hand,696.92,$600-899,2.72234375,819.9,15.0,True,0.0,False,0.0,False,Seller 087,"Tokyo, Japan",INTL,2026-02-27,True,False,False,INTL,Pro,Mid-Gen (12-13),22,4867.01,4.6875
686,Apple iPhone 17 air sealed Verizon,iPhone 17,17,False,,Tidak Diketahui,,False,New,Second-hand,960.0,$900-1299,,,,False,0.0,False,0.0,False,Seller 562,"San Diego, California, United States",CA,2026-02-27,True,False,False,CA,Standard,Modern (14+),15,1000.99,7.857142857142857
687,Apple iPhone 12 Pro Max A2342 128GB Silver 99% battery health Unlocked phone,iPhone 12 Pro Max,12,True,128.0,128GB,128GB,False,Used,Second-hand,346.85,$200-399,2.709765625,408.06,15.0,True,0.0,False,0.0,False,Seller 346,"Mundelein, Illinois, United States",IL,2026-02-27,True,False,False,IL,Pro,Mid-Gen (12-13),8,4867.01,4.6875
688,Apple iPhone 12 Pro Max A2342 128GB Silver Clean ESN Unlocked 96% battery health,iPhone 12 Pro Max,12,True,128.0,128GB,128GB,False,Used,Second-hand,341.91,$200-399,2.671171875,402.25,15.0,True,0.0,False,0.0,False,Seller 346,"Mundelein, Illinois, United States",IL,2026-02-27,True,False,False,IL,Pro,Mid-Gen (12-13),8,4867.01,4.6875
689,Apple iPhone 12 Pro Max A2342 128GB Silver Unlocked device 96% battery health,iPhone 12 Pro Max,12,True,128.0,128GB,128GB,False,Used,Second-hand,342.89,$200-399,2.678828125,403.4,15.0,True,0.0,False,0.0,False,Seller 401,"Mundelein, Illinois, United States",IL,2026-02-27,True,False,False,IL,Pro,Mid-Gen (12-13),8,4867.01,4.6875
690,open box Apple iPhone 12 64GB Unlocked MODEL A2172 all colors,iPhone 12,12,False,64.0,64GB,64GB,False,Open Box,Like New,234.99,$200-399,3.67171875,,,False,1.0,True,0.0,False,Seller 019,"Granada Hills, California, United States",CA,2026-02-27,True,False,False,CA,Standard,Mid-Gen (12-13),23,4428.01,45.073891625615765
691,NEW OB Apple iPhone 16 128GB Black UNLOCKED w/Apple Warr thru Dec 2026!,iPhone 16,16,False,128.0,128GB,128GB,False,New,Second-hand,645.15,$600-899,5.040234375,,,False,0.0,False,2.0,True,Seller 136,"Hackensack, New Jersey, United States",NJ,2026-02-27,True,False,False,NJ,Standard,Modern (14+),4,639.5,7.207207207207207
692,Apple iPhone 14 Plus Fully Unlocked (Any Carrier) SmartPhone 128GB/256GB,iPhone 14 Plus,14,False,128.0,128GB,128GB|256GB,False,Used,Second-hand,279.99,$200-399,2.187421875,,,False,5.0,True,37.0,True,Seller 625,"Brooklyn, New York, United States",NY,2026-02-27,True,False,False,NY,Standard,Modern (14+),21,3410.0,31.343283582089555
693,Apple iPhone 12 Pro Max A2342 128GB Silver 99% battery health Factory Unlocked,iPhone 12 Pro Max,12,True,128.0,128GB,128GB,False,Used,Second-hand,347.84,$200-399,2.7175,409.22,15.0,True,0.0,False,0.0,False,Seller 401,"Mundelein, Illinois, United States",IL,2026-02-27,True,False,False,IL,Pro,Mid-Gen (12-13),8,4867.01,4.6875
694,"Genuine Apple iPhone 17 Pro Max 6.9"" DUAL NANO SIM China Model A3527 Unlocked",iPhone 17 Pro Max,17,True,,Tidak Diketahui,,False,New,Second-hand,1999.0,$1300+,,,,False,49.0,True,4.0,True,Seller 115,"Scottsdale, Arizona, United States",AZ,2026-02-27,True,False,False,AZ,Pro,Modern (14+),3,2710.0,8.176100628930817
695,Apple iPhone 12 Pro Max A2342 128GB Silver Factory Unlocked 96% battery health,iPhone 12 Pro Max,12,True,128.0,128GB,128GB,False,Used,Second-hand,340.92,$200-399,2.6634375,401.08,15.0,True,0.0,False,0.0,False,Seller 320,"Mundelein, Illinois, United States",IL,2026-02-27,True,False,False,IL,Pro,Mid-Gen (12-13),8,4867.01,4.6875
696,"GENUINE Apple iPhone 17 6.3"" Physical NANO SIM + eSIM A3520 Unlocked 256GB/512GB",iPhone 17,17,False,256.0,256GB,256GB|512GB,False,New,Second-hand,1089.0,$900-1299,4.25390625,,,False,46.0,True,10.0,True,Seller 115,"Scottsdale, Arizona, United States",AZ,2026-02-27,True,False,False,AZ,Standard,Modern (14+),8,1000.99,7.857142857142857
697,Apple iPhone 12 Pro Max A2342 128GB Silver 99% battery health Unlocked device,iPhone 12 Pro Max,12,True,128.0,128GB,128GB,False,Used,Second-hand,345.86,$200-399,2.70203125,406.89,15.0,True,0.0,False,0.0,False,Seller 320,"Mundelein, Illinois, United States",IL,2026-02-27,True,False,False,IL,Pro,Mid-Gen (12-13),8,4867.01,4.6875
698,Unlocked Apple iPhone 14 Plus 84% 128GB Lavender,iPhone 14 Plus,14,False,128.0,128GB,128GB,False,Used,Second-hand,499.0,$400-599,3.8984375,,,False,0.0,False,0.0,False,Seller 281,"Ottawa, Ontario, Canada",INTL,2026-02-28,True,False,False,INTL,Standard,Modern (14+),5,3410.0,31.343283582089555
699,Apple iPhone 12 - 64 GB - Black (Unlocked) Excellent,iPhone 12,12,False,64.0,64GB,64GB,False,Used,Second-hand,247.0,$200-399,3.859375,,,False,0.0,False,0.0,False,Seller 493,"Doma, Slovenia",INTL,2026-02-28,True,False,False,INTL,Standard,Mid-Gen (12-13),21,4428.01,45.073891625615765
700,Lot of 10 Apple iPhone 12 Pro 128GB Unlocked Mixed,iPhone 12 Pro,12,True,128.0,128GB,128GB,False,Used,Second-hand,3160.0,$1300+,,,,False,0.0,False,0.0,False,Seller 332,"Winter Park, Florida, United States",FL,2026-03-01,True,True,False,FL,Pro,Mid-Gen (12-13),1,4685.89,10.0
701,Lot of 10 Apple iPhone 12 Unlocked 64gb Mixed Colors,iPhone 12,12,False,64.0,64GB,64GB,False,Used,Second-hand,2110.0,$1300+,,,,False,0.0,False,2.0,True,Seller 332,"Winter Garden, Florida, United States",FL,2026-03-01,True,True,False,FL,Standard,Mid-Gen (12-13),18,4428.01,45.073891625615765
702,Apple iPhone 12 Pro Max 128GB A2342 Unlocked MINT CONDITION ORGINAL BOX&EXTRAS,iPhone 12 Pro Max,12,True,128.0,128GB,128GB,False,Used,Second-hand,379.0,$200-399,2.9609375,,,False,0.0,False,0.0,False,Seller 416,"Erie, Pennsylvania, United States",PA,2026-03-01,True,False,False,PA,Pro,Mid-Gen (12-13),2,4867.01,4.6875
703,Apple iPhone 13 128GB PRODUCT RED Unlocked – With Box & Accessories Excellent,iPhone 13,13,False,128.0,128GB,128GB,False,Used,Second-hand,299.0,$200-399,2.3359375,,,False,0.0,False,0.0,False,Seller 627,"Woodside, New York, United States",NY,2026-03-01,True,False,False,NY,Standard,Mid-Gen (12-13),27,4935.0,20.909090909090907
704,Lot of 10 Apple iPhone 13 Pro 128GB Unlocked Mixed,iPhone 13 Pro,13,True,128.0,128GB,128GB,False,Used,Second-hand,4040.0,$1300+,,,,False,0.0,False,0.0,False,Seller 332,"Winter Park, Florida, United States",FL,2026-03-01,True,True,False,FL,Pro,Mid-Gen (12-13),1,3726.87,66.66666666666666
705,Apple iPhone 17 256GB Lavender Open Box A3258 Unlocked (100% Battery) OPEN BOX,iPhone 17,17,False,256.0,256GB,256GB,False,Open Box,Like New,784.13,$600-899,3.0630078125,,,False,2.0,True,0.0,False,Seller 027,"Kapolei, Hawaii, United States",HI,2026-03-02,True,False,False,HI,Standard,Modern (14+),1,1000.99,7.857142857142857
706,iPhone 14 Physical Sim & E-Sim Unlocked 128Gb Storage,iPhone 14,14,False,128.0,128GB,128GB,False,Used,Second-hand,350.0,$200-399,2.734375,,,False,0.0,False,0.0,False,Seller 060,"Orlando, Florida, United States",FL,2026-03-03,True,False,False,FL,Standard,Modern (14+),27,1329.99,21.492537313432834
707,"Apple iPhone 14 Pro Max 256gb Carrier Unlocked Black, 85% Battery",iPhone 14 Pro Max,14,True,256.0,256GB,256GB,False,Used,Second-hand,380.0,$200-399,1.484375,,,False,0.0,False,0.0,False,Seller 282,"Upper Marlboro, Maryland, United States",MD,2026-03-03,True,False,False,MD,Pro,Modern (14+),1,2750.0,8.085106382978724
708,OPEN BOX Apple iPhone 16 - 128 GB - (Unlocked) *Choose Your Color,iPhone 16,16,False,128.0,128GB,128GB,False,Open Box,Like New,659.99,$600-899,5.156171875,,,False,4.0,True,86.0,True,Seller 202,"Frisco, Texas, United States",TX,2026-03-03,True,False,False,TX,Standard,Modern (14+),4,639.5,7.207207207207207
709,Apple iPhone 14 A2649 128 GB iOS 26.1 (Wi-Fi + 5G) Unlocked,iPhone 14,14,False,128.0,128GB,128GB,False,Used,Second-hand,269.99,$200-399,2.109296875,,,False,0.0,False,0.0,False,Seller 393,"Indianapolis, Indiana, United States",IN,2026-03-03,True,False,False,IN,Standard,Modern (14+),1,1329.99,21.492537313432834
710,iPhone 12 Pro Max 256 GB Azul Pacífico - Usado-,iPhone 12 Pro Max,12,True,256.0,256GB,256GB,False,Used,Second-hand,300.0,$200-399,1.171875,,,False,0.0,False,0.0,False,Seller 547,"Chatsworth, California, Estados Unidos",CA,2026-03-03,True,False,False,CA,Pro,Mid-Gen (12-13),10,4867.01,4.6875
711,apple iPhone 13 Mini - Verizon AT&T T-Mobile GSM Factory Unlocked Phone - parts,iPhone 13 Mini,13,False,,Tidak Diketahui,,False,For Parts Or Not Working,Damaged,169.99,<$200,,,,False,0.0,False,24.0,True,Seller 045,"Harriman, New York, United States",NY,2026-03-04,True,False,False,NY,Standard,Mid-Gen (12-13),31,491.95,6.462585034013606
712,"iPhone 14, 128GB Unlocked, Black, 85% + Battery Excellent Condition Tested!",iPhone 14,14,False,128.0,128GB,128GB,False,Used,Second-hand,249.99,$200-399,1.953046875,,,False,0.0,False,0.0,False,Seller 339,"La Canada Flintridge, California, United States",CA,2026-03-04,True,False,False,CA,Standard,Modern (14+),40,1329.99,21.492537313432834
713,apple iPhone 14 Verizon AT&T T-Mobile GSM Factory Fully Unlocked Phone scrn jump,iPhone 14,14,False,,Tidak Diketahui,,False,Used,Second-hand,254.99,$200-399,,,,False,0.0,False,1.0,True,Seller 045,"Harriman, New York, United States",NY,2026-03-04,True,False,False,NY,Standard,Modern (14+),29,1329.99,21.492537313432834
714,Apple iPhone 12 64GB│ 128GB│ 256GB (UNLOCKED) 🔋 100% BATTERY 🔋 ⚫⚪🔴🔵✤O/B✤,iPhone 12,12,False,64.0,64GB,64GB|128GB|256GB,False,Open Box,Like New,233.95,$200-399,3.65546875,,,False,3.0,True,260.0,True,Seller 146,"Los Angeles, California, United States",CA,2026-03-04,True,False,False,CA,Standard,Mid-Gen (12-13),23,4428.01,45.073891625615765
715,"apple iPhone 14 Pro MAX 6.7"" Verizon AT&T T-Mobile GSM Factory Unlocked READ cam",iPhone 14 Pro Max,14,True,,Tidak Diketahui,,False,For Parts Or Not Working,Damaged,299.99,$200-399,,,,False,1.0,True,0.0,False,Seller 045,"Harriman, New York, United States",NY,2026-03-04,True,False,False,NY,Pro,Modern (14+),31,2750.0,8.085106382978724
716,apple iPhone 13 Verizon AT&T TMobile GSM Factory Fully Unlocked 5G Phone esn,iPhone 13,13,False,,Tidak Diketahui,,False,Used,Second-hand,189.99,<$200,,,,False,1.0,True,0.0,False,Seller 045,"Harriman, New York, United States",NY,2026-03-04,True,False,False,NY,Standard,Mid-Gen (12-13),27,4935.0,20.909090909090907
717,apple iPhone 12 Verizon AT&T T-Mobile GSM 64GB red Unlocked Cell Phone - mic,iPhone 12,12,False,64.0,64GB,64GB,False,Used,Second-hand,144.99,<$200,2.26546875,,,False,0.0,False,2.0,True,Seller 045,"Harriman, New York, United States",NY,2026-03-04,True,False,False,NY,Standard,Mid-Gen (12-13),24,4428.01,45.073891625615765
718,"apple iPhone 14 Pro MAX 6.7"" Verizon AT&T T-Mobile GSM Unlocked Phone 5G pop",iPhone 14 Pro Max,14,True,,Tidak Diketahui,,False,Used,Second-hand,424.99,$400-599,,,,False,1.0,True,0.0,False,Seller 045,"Harriman, New York, United States",NY,2026-03-04,True,False,False,NY,Pro,Modern (14+),31,2750.0,8.085106382978724
719,apple iPhone 14+ Plus Verizon AT&T T-Mobile GSM Factory Unlocked Phone 5G crkd,iPhone 14,14,False,,Tidak Diketahui,,False,Used,Second-hand,269.99,$200-399,,,,False,1.0,True,0.0,False,Seller 045,"Harriman, New York, United States",NY,2026-03-04,True,False,False,NY,Standard,Modern (14+),29,1329.99,21.492537313432834
720,"apple iPhone 14 Pro MAX 6.7"" Verizon AT&T T-Mobile GSM Unlocked Phone 5G mic",iPhone 14 Pro Max,14,True,,Tidak Diketahui,,False,Used,Second-hand,444.99,$400-599,,,,False,2.0,True,0.0,False,Seller 045,"Harriman, New York, United States",NY,2026-03-04,True,False,False,NY,Pro,Modern (14+),31,2750.0,8.085106382978724
721,apple iPhone 14 Pro MAX 6.7 Verizon AT&T T-Mobile GSM Factory Unlocked touch,iPhone 14 Pro Max,14,True,,Tidak Diketahui,,False,Used,Second-hand,449.99,$400-599,,,,False,0.0,False,1.0,True,Seller 045,"Harriman, New York, United States",NY,2026-03-04,True,False,False,NY,Pro,Modern (14+),31,2750.0,8.085106382978724
722,"apple iPhone 14 Pro MAX 6.7"" Verizon AT&T T-Mobile GSM Unlocked Phone 5G crck",iPhone 14 Pro Max,14,True,,Tidak Diketahui,,False,Used,Second-hand,389.99,$200-399,,,,False,1.0,True,0.0,False,Seller 045,"Harriman, New York, United States",NY,2026-03-04,True,False,False,NY,Pro,Modern (14+),31,2750.0,8.085106382978724
723,"apple iPhone 14 Pro MAX 6.7"" Verizon AT&T T-Mobile GSM Unlocked Phone 5G crak",iPhone 14 Pro Max,14,True,,Tidak Diketahui,,False,For Parts Or Not Working,Damaged,354.99,$200-399,,,,False,0.0,False,2.0,True,Seller 045,"Harriman, New York, United States",NY,2026-03-04,True,False,False,NY,Pro,Modern (14+),31,2750.0,8.085106382978724
724,apple iPhone 14 Verizon AT&T T-Mobile Factory Fully Unlocked Phone 5G crk/dead,iPhone 14,14,False,,Tidak Diketahui,,False,For Parts Or Not Working,Damaged,139.99,<$200,,,,False,0.0,False,5.0,True,Seller 045,"Harriman, New York, United States",NY,2026-03-04,True,False,False,NY,Standard,Modern (14+),29,1329.99,21.492537313432834
725,"apple iPhone 14 Pro MAX 6.7"" Verizon AT&T T-Mobile GSM Unlocked Phone 5G lcd",iPhone 14 Pro Max,14,True,,Tidak Diketahui,,False,Used,Second-hand,429.99,$400-599,,,,False,1.0,True,0.0,False,Seller 045,"Harriman, New York, United States",NY,2026-03-04,True,False,False,NY,Pro,Modern (14+),31,2750.0,8.085106382978724
726,"apple iPhone 14 Pro MAX 6.7"" Verizon AT&T T-Mobile GSM Unlocked Phone 5G crack",iPhone 14 Pro Max,14,True,,Tidak Diketahui,,False,For Parts Or Not Working,Damaged,349.99,$200-399,,,,False,1.0,True,0.0,False,Seller 045,"Harriman, New York, United States",NY,2026-03-04,True,False,False,NY,Pro,Modern (14+),31,2750.0,8.085106382978724
727,"apple iPhone 14 Pro MAX 6.7"" Verizon AT&T T-Mobile GSM Factory Unlocked READ! ck",iPhone 14 Pro Max,14,True,,Tidak Diketahui,,False,Used,Second-hand,384.99,$200-399,,,,False,1.0,True,0.0,False,Seller 045,"Harriman, New York, United States",NY,2026-03-04,True,False,False,NY,Pro,Modern (14+),31,2750.0,8.085106382978724
728,apple iPhone 14 Pro MAX 6.7 Verizon AT&T T-Mobile GSM Factory Unlocked READ temp,iPhone 14 Pro Max,14,True,,Tidak Diketahui,,False,Used,Second-hand,464.99,$400-599,,,,False,1.0,True,0.0,False,Seller 045,"Harriman, New York, United States",NY,2026-03-04,True,False,False,NY,Pro,Modern (14+),31,2750.0,8.085106382978724
729,apple iPhone 14 Verizon AT&T T-Mobile GSM Fully Unlocked Phone 5G crack/dead cam,iPhone 14,14,False,,Tidak Diketahui,,False,For Parts Or Not Working,Damaged,139.99,<$200,,,,False,0.0,False,3.0,True,Seller 045,"Harriman, New York, United States",NY,2026-03-04,True,False,False,NY,Standard,Modern (14+),29,1329.99,21.492537313432834
730,apple iPhone 14 Verizon AT&T T-Mobile GSM Factory Fully Unlocked Phone 5G crk bk,iPhone 14,14,False,,Tidak Diketahui,,False,Used,Second-hand,254.99,$200-399,,,,False,0.0,False,1.0,True,Seller 045,"Harriman, New York, United States",NY,2026-03-04,True,False,False,NY,Standard,Modern (14+),29,1329.99,21.492537313432834
731,apple iPhone 12 Verizon AT&T T-Mobile 256GB BLK Unlock Cell Phone -SHTRD/BSTD BT,iPhone 12,12,False,256.0,256GB,256GB,False,Used,Second-hand,159.99,<$200,0.6249609375,,,False,1.0,True,0.0,False,Seller 045,"Harriman, New York, United States",NY,2026-03-04,True,False,False,NY,Standard,Mid-Gen (12-13),24,4428.01,45.073891625615765
732,"apple iPhone 14 Pro MAX 6.7"" Verizon AT&T T-Mobile GSM Factory Unlocked READ cam",iPhone 14 Pro Max,14,True,,Tidak Diketahui,,False,Used,Second-hand,409.99,$400-599,,,,False,1.0,True,0.0,False,Seller 045,"Harriman, New York, United States",NY,2026-03-04,True,False,False,NY,Pro,Modern (14+),31,2750.0,8.085106382978724
733,apple iPhone 14 Pro MAX 6.7 Verizon AT&T T-Mobile GSM Factory Unlocked READ ESN,iPhone 14 Pro Max,14,True,,Tidak Diketahui,,False,Used,Second-hand,449.99,$400-599,,,,False,1.0,True,0.0,False,Seller 045,"Harriman, New York, United States",NY,2026-03-04,True,False,False,NY,Pro,Modern (14+),31,2750.0,8.085106382978724
734,Apple iPhone 13 Mini A2481 256GB Factory Unlocked 100% Battery -Open Box,iPhone 13 Mini,13,False,256.0,256GB,256GB,False,Open Box,Like New,344.95,$200-399,1.3474609375,,,False,0.0,False,5.0,True,Seller 180,"Allen, Texas, United States",TX,2026-03-05,True,False,False,TX,Standard,Mid-Gen (12-13),12,491.95,6.462585034013606
735,Apple iPhone 14 128GB Factory Unlocked GSM + CDMA EXCELLENT 100% Battery,iPhone 14,14,False,128.0,128GB,128GB,False,Open Box,Like New,369.95,$200-399,2.890234375,,,False,0.0,False,1.0,True,Seller 180,"Allen, Texas, United States",TX,2026-03-05,True,False,False,TX,Standard,Modern (14+),150,1329.99,21.492537313432834
736,Apple iPhone 12 Pro Max 5G 256GB Factory Unlocked / TMOBILE / XFINITY / METRO,iPhone 12 Pro Max,12,True,256.0,256GB,256GB,False,Excellent - Refurbished,Refurbished,369.48,$200-399,1.44328125,,,False,0.0,False,23.0,True,Seller 064,"Southfield, Michigan, United States",MI,2026-03-05,True,False,False,MI,Pro,Mid-Gen (12-13),1,4867.01,4.6875
737,Apple iPhone 14 Plus 512GB Factory Unlocked Any Carrier GSM CDMA - Excellent,iPhone 14 Plus,14,False,512.0,512GB,512GB,False,Open Box,Like New,519.95,$400-599,1.01552734375,,,False,6.0,True,30.0,True,Seller 306,"Allen, Texas, United States",TX,2026-03-05,True,False,False,TX,Standard,Modern (14+),14,3410.0,31.343283582089555
738,"Apple iPhone 17 6.3"" Physical SIM + eSIM A3520 Unlocked 256GB/512GB FedEx/UPS",iPhone 17,17,False,256.0,256GB,256GB|512GB,False,New,Second-hand,1098.0,$900-1299,4.2890625,,,False,2.0,True,5.0,True,Seller 153,"Hong Kong, Hong Kong",INTL,2026-03-05,True,False,False,INTL,Standard,Modern (14+),12,1000.99,7.857142857142857
739,Apple iPhone 12 - 128gb - Blue fully unlocked works over seas only - Excellent,iPhone 12,12,False,128.0,128GB,128GB,False,Excellent - Refurbished,Refurbished,419.88,$400-599,3.2803125,,,False,2.0,True,3.0,True,Seller 064,"Southfield, Michigan, United States",MI,2026-03-05,True,False,False,MI,Standard,Mid-Gen (12-13),2,4428.01,45.073891625615765
740,Apple iPhone 14 Pro Max – 128GB – Black (Factory Unlocked) Like New,iPhone 14 Pro Max,14,True,128.0,128GB,128GB,False,Used,Second-hand,850.28,$600-899,6.6428125,,,False,0.0,False,0.0,False,Seller 603,"Mississauga, Ontario, Canada",INTL,2026-03-05,True,False,False,INTL,Pro,Modern (14+),17,2750.0,8.085106382978724
741,Apple iPhone 13 A2482 – 128GB – Midnight – Factory Unlocked - 87% Battery,iPhone 13,13,False,128.0,128GB,128GB,False,Used,Second-hand,240.0,$200-399,1.875,,,False,0.0,False,0.0,False,Seller 012,"Phoenix, Arizona, United States",AZ,2026-03-05,True,False,False,AZ,Standard,Mid-Gen (12-13),3,4935.0,20.909090909090907
742,"Apple iPhone 17 6.3"" Physical SIM + eSIM A3520 Unlocked 256GB/512GB UPS",iPhone 17,17,False,256.0,256GB,256GB|512GB,False,New,Second-hand,1098.0,$900-1299,4.2890625,,,False,0.0,False,1.0,True,Seller 153,"Hong Kong, Hong Kong",INTL,2026-03-05,True,False,False,INTL,Standard,Modern (14+),12,1000.99,7.857142857142857
743,Apple iPhone 12 PRO MAX 128GB BLUE (UNLOCKED) 🔋 100% BATTERY🔋 ✤SEALED✤,iPhone 12 Pro Max,12,True,128.0,128GB,128GB,False,New,Second-hand,432.95,$400-599,3.382421875,,,False,10.0,True,8.0,True,Seller 146,"Los Angeles, California, United States",CA,2026-03-05,True,False,False,CA,Pro,Mid-Gen (12-13),10,4867.01,4.6875
744,Apple iPhone 14 512GB Factory Unlocked All A2649 All Colors In-Box Excellent,iPhone 14,14,False,512.0,512GB,512GB,False,Open Box,Like New,449.95,$400-599,0.87880859375,,,False,1.0,True,0.0,False,Seller 180,"Allen, Texas, United States",TX,2026-03-05,True,False,False,TX,Standard,Modern (14+),150,1329.99,21.492537313432834
745,Apple iPhone 14 -5G - 512GB Factory Unlocked GSM + CDMA - EXCELLENT,iPhone 14,14,False,512.0,512GB,512GB,False,Excellent - Refurbished,Refurbished,397.48,$200-399,0.776328125,,,False,9.0,True,30.0,True,Seller 064,"Southfield, Michigan, United States",MI,2026-03-05,True,False,False,MI,Standard,Modern (14+),2,1329.99,21.492537313432834
746,APPLE IPHONE 14 - 128GB 256GB (FACTORY UNLOCKED) 100% BATTERY ⚫⚪🔴🔵 ✤SEALED✤,iPhone 14,14,False,128.0,128GB,128GB|256GB,False,New,Second-hand,422.95,$400-599,3.304296875,,,False,10.0,True,1127.0,True,Seller 146,"Los Angeles, California, United States",CA,2026-03-06,True,False,False,CA,Standard,Modern (14+),40,1329.99,21.492537313432834
747,Apple iPhone 14 Plus - 128GB - Blue - Fully Unlocked 5G E-Sim (Heavy Scratches),iPhone 14 Plus,14,False,128.0,128GB,128GB,False,Used,Second-hand,249.99,$200-399,1.953046875,,,False,3.0,True,6.0,True,Seller 209,"Brooklyn, New York, United States",NY,2026-03-06,True,False,False,NY,Standard,Modern (14+),21,3410.0,31.343283582089555
748,SimLocked Apple iPhone 13 - 128GB (Total Wireless),iPhone 13,13,False,128.0,128GB,128GB,False,Used,Second-hand,199.96,<$200,1.5621875,,,False,0.0,False,0.0,False,Seller 161,"New Port Richey, Florida, United States",FL,2026-03-06,True,False,False,FL,Standard,Mid-Gen (12-13),28,4935.0,20.909090909090907
749,APPLE IPHONE 17 AIR - 256GB - SPACE BLACK (FACTORY UNLOCKED) ❖SEALED❖,iPhone 17,17,False,256.0,256GB,256GB,False,New,Second-hand,984.94,$900-1299,3.847421875,,,False,10.0,True,9.0,True,Seller 146,"Los Angeles, California, United States",CA,2026-03-06,True,False,False,CA,Standard,Modern (14+),15,1000.99,7.857142857142857
750,Apple iPhone 14 - 128GB - Unlocked - Physical SIM - Like New Condition FastShip,iPhone 14,14,False,128.0,128GB,128GB,False,Used,Second-hand,534.0,$400-599,4.171875,,,False,0.0,False,0.0,False,Seller 113,"Toronto, Ontario, Canada",INTL,2026-03-07,True,False,False,INTL,Standard,Modern (14+),16,1329.99,21.492537313432834
751,"Apple iPhone 17 Pro Max 6.9"" with Physical Sim A3526 512GB Blue Color Unlocked",iPhone 17 Pro Max,17,True,512.0,512GB,512GB,False,New,Second-hand,2056.72,$1300+,4.01703125,2188.0,6.0,True,3.0,True,1.0,True,Seller 016,"Rowland Heights, California, United States",CA,2026-03-07,True,False,False,CA,Pro,Modern (14+),25,2710.0,8.176100628930817
752,"Apple iPhone 17 Pro Max 6.9"" with Physical Sim A3526 256GB Orange Color Unlocked",iPhone 17 Pro Max,17,True,256.0,256GB,256GB,False,New,Second-hand,1868.72,$1300+,7.2996875,1988.0,6.0,True,4.0,True,0.0,False,Seller 016,"Rowland Heights, California, United States",CA,2026-03-07,True,False,False,CA,Pro,Modern (14+),25,2710.0,8.176100628930817
753,Apple iPhone 13 - 256GB - Blue - Factory Unlocked - Very Good Condition,iPhone 13,13,False,256.0,256GB,256GB,False,Used,Second-hand,289.0,$200-399,1.12890625,,,False,2.0,True,2.0,True,Seller 167,"Pompano Beach, Florida, United States",FL,2026-03-07,True,False,False,FL,Standard,Mid-Gen (12-13),28,4935.0,20.909090909090907
754,Apple iPhone 13 Verizon AT&T T-Mobile GSM Factory Fully Unlocked Phone 5G Good,iPhone 13,13,False,,Tidak Diketahui,,False,Used,Second-hand,279.95,$200-399,,,,False,12.0,True,65.0,True,Seller 045,"Harriman, New York, United States",NY,2026-03-08,True,False,False,NY,Standard,Mid-Gen (12-13),27,4935.0,20.909090909090907
755,APPLE IPHONE 14 PLUS 128GB STARLIGHT (FACTORY UNLOCKED) 🔋100% BATTERY🔋✤SEALED✤,iPhone 14 Plus,14,False,128.0,128GB,128GB,False,New,Second-hand,429.95,$400-599,3.358984375,,,False,3.0,True,1.0,True,Seller 146,"Los Angeles, California, United States",CA,2026-03-09,True,False,False,CA,Standard,Modern (14+),19,3410.0,31.343283582089555
756,NEW Apple iPhone 14 5G Factory 🔓 Unlocked 100% 🔋 Battery 🛡️ 1 Year Warranty,iPhone 14,14,False,,Tidak Diketahui,,False,Open Box,Like New,379.0,$200-399,,,,False,10.0,True,595.0,True,Seller 023,"New York, New York, United States",NY,2026-03-09,True,False,False,NY,Standard,Modern (14+),29,1329.99,21.492537313432834
757,Apple iPhone 12 Pro Max - 128 GB - Silver (Unlocked) A2411 FULLY WORKING,iPhone 12 Pro Max,12,True,128.0,128GB,128GB,False,Used,Second-hand,319.99,$200-399,2.499921875,,,False,0.0,False,0.0,False,Seller 349,"Joniskis, Lithuania",INTL,2026-03-10,True,False,False,INTL,Pro,Mid-Gen (12-13),22,4867.01,4.6875
758,Apple iPhone 17 - 256 GB - Sage (Xfinity),iPhone 17,17,False,256.0,256GB,256GB,False,New,Second-hand,680.0,$600-899,2.65625,,,False,0.0,False,0.0,False,Seller 494,"Winchester, Virginia, United States",VA,2026-03-10,True,False,False,VA,Standard,Modern (14+),1,1000.99,7.857142857142857
759,Apple iPhone 17 Air 256 GB White Excellent Condition,iPhone 17,17,False,256.0,256GB,256GB,False,Open Box,Like New,925.0,$900-1299,3.61328125,,,False,0.0,False,0.0,False,Seller 221,"West Palm Beach, Florida, United States",FL,2026-03-10,True,False,False,FL,Standard,Modern (14+),10,1000.99,7.857142857142857
760,Apple iPhone 14 Pro MAX 512gb black color (Factory Unlocked),iPhone 14 Pro Max,14,True,512.0,512GB,512GB,False,Used,Second-hand,659.99,$600-899,1.28904296875,,,False,2.0,True,0.0,False,Seller 019,"Granada Hills, CA, United States",CA,2026-03-10,True,False,False,CA,Pro,Modern (14+),58,2750.0,8.085106382978724
761,Apple iPhone 16 - 128 GB - Black (Factory Unlocked) - Brand New & Sealed,iPhone 16,16,False,128.0,128GB,128GB,False,New,Second-hand,669.95,$600-899,5.233984375,,,False,0.0,False,0.0,False,Seller 116,"Land O' Lakes, Florida, United States",FL,2026-03-10,True,False,False,FL,Standard,Modern (14+),25,639.5,7.207207207207207
762,Apple iPhone 14 Plus - 128 GB - Black - Fully Unlocked (Heavy Scratches),iPhone 14 Plus,14,False,128.0,128GB,128GB,False,Used,Second-hand,249.99,$200-399,1.953046875,,,False,10.0,True,1.0,True,Seller 209,"Brooklyn, New York, United States",NY,2026-03-10,True,False,False,NY,Standard,Modern (14+),21,3410.0,31.343283582089555
763,Apple iPhone 14 Pro MAX 512gb Deep purple (Factory Unlocked),iPhone 14 Pro Max,14,True,512.0,512GB,512GB,False,Used,Second-hand,659.99,$600-899,1.28904296875,,,False,2.0,True,0.0,False,Seller 019,"Granada Hills, California, United States",CA,2026-03-10,True,False,False,CA,Pro,Modern (14+),58,2750.0,8.085106382978724
764,Apple iPhone 14 Pro Max 1TB Unlocked Fair - All Colors- Used Excellent,iPhone 14 Pro Max,14,True,1024.0,1024GB,1024GB,False,Used,Second-hand,539.99,$400-599,0.527333984375,,,False,2.0,True,1.0,True,Seller 207,"桃園區, Taiwan",INTL,2026-03-11,True,False,False,INTL,Pro,Modern (14+),17,2750.0,8.085106382978724
765,Apple iPhone 12 128GB Unlocked Smartphone,iPhone 12,12,False,128.0,128GB,128GB,False,Used,Second-hand,189.99,<$200,1.484296875,,,False,10.0,True,66.0,True,Seller 407,"Brooklyn, New York, United States",NY,2026-03-11,True,False,False,NY,Standard,Mid-Gen (12-13),24,4428.01,45.073891625615765
766,Apple iPhone 14 Pro Max 256GB No Face ID Factory Unlocked Very Good Condition,iPhone 14 Pro Max,14,True,256.0,256GB,256GB,False,Used,Second-hand,454.95,$400-599,1.7771484375,1199.0,62.06,True,0.0,False,2.0,True,Seller 165,"Lawrence, Kansas, United States",KS,2026-03-11,True,False,False,KS,Pro,Modern (14+),3,2750.0,8.085106382978724
767,New Apple iPhone 13 Unlocked 64/128/256GB Sealed Colours 5G Mobile FREE EXPRESS,iPhone 13,13,False,256.0,256GB,256GB,False,Open Box,Like New,584.99,$400-599,2.2851171875,,,False,0.0,False,2.0,True,Seller 249,"Gosnells, WA, Australia",INTL,2026-03-12,True,False,False,INTL,Standard,Mid-Gen (12-13),17,4935.0,20.909090909090907
768,"Apple iPhone 17e 6.1"" Physical SIM + eSIM A3634 Unlocked 256GB/512GB FedEx/UPS",iPhone 17,17,False,256.0,256GB,256GB|512GB,False,New,Second-hand,838.0,$600-899,3.2734375,,,False,2.0,True,0.0,False,Seller 153,"Hong Kong, Hong Kong",INTL,2026-03-12,True,False,False,INTL,Standard,Modern (14+),12,1000.99,7.857142857142857
769,Apple iPhone 17 256GB E -SIM US Version - Unlocked - Good,iPhone 17,17,False,256.0,256GB,256GB,False,Good - Refurbished,Refurbished,799.99,$600-899,3.1249609375,,,False,4.0,True,1.0,True,Seller 018,"Addison, Texas, United States",TX,2026-03-12,True,False,False,TX,Standard,Modern (14+),23,1000.99,7.857142857142857
770,Apple iPhone 13 - 128 GB - Midnight (Unlocked) 89% battery capacity,iPhone 13,13,False,128.0,128GB,128GB,False,Used,Second-hand,910.0,$900-1299,7.109375,,,False,0.0,False,0.0,False,Seller 602,"Los Angeles, California, United States",CA,2026-03-12,True,False,False,CA,Standard,Mid-Gen (12-13),22,4935.0,20.909090909090907
771,Apple iPhone 12 Red 64GB For Parts Only,iPhone 12,12,False,64.0,64GB,64GB,False,For Parts Or Not Working,Damaged,124.99,<$200,1.95296875,,,False,0.0,False,0.0,False,Seller 107,"Kingwood, Texas, United States",TX,2026-03-12,True,False,False,TX,Standard,Mid-Gen (12-13),284,4428.01,45.073891625615765
772,APPLE IPHONE 17 PRO MAX 256GB ORANGE (UNLOCKED)✅PHYSICAL SIM CARD TRAY ✅❖SEALED❖,iPhone 17 Pro Max,17,True,256.0,256GB,256GB,False,New,Second-hand,1729.95,$1300+,6.7576171875,,,False,2.0,True,15.0,True,Seller 146,"Los Angeles, California, United States",CA,2026-03-12,True,False,False,CA,Pro,Modern (14+),25,2710.0,8.176100628930817
773,Apple iPhone 13 128GB A2631 Factory Unlocked GSM CDMA All Color New Open Box,iPhone 13,13,False,128.0,128GB,128GB,False,Open Box,Like New,318.99,$200-399,2.492109375,,,False,0.0,False,6.0,True,Seller 058,"Granada Hills, California, United States",CA,2026-03-12,True,False,False,CA,Standard,Mid-Gen (12-13),22,4935.0,20.909090909090907
774,Apple iPhone 14 Plus 512GB Factory Unlocked GSM CDMA Excellent In Box All Colors,iPhone 14 Plus,14,False,512.0,512GB,512GB,False,Open Box,Like New,489.9,$400-599,0.9568359375,,,False,6.0,True,5.0,True,Seller 180,"Allen, Texas, United States",TX,2026-03-12,True,False,False,TX,Standard,Modern (14+),14,3410.0,31.343283582089555
775,Apple iPhone 14 PRO MAX A2651 Factory Unlocked 512GB GSM CDMA Phone Used Great,iPhone 14 Pro Max,14,True,512.0,512GB,512GB,False,Used,Second-hand,669.99,$600-899,1.30857421875,,,False,1.0,True,0.0,False,Seller 058,"Granada Hills, California, United States",CA,2026-03-12,True,False,False,CA,Pro,Modern (14+),58,2750.0,8.085106382978724
776,Apple iPhone 12 Pro Max 256GB,iPhone 12 Pro Max,12,True,256.0,256GB,256GB,False,Used,Second-hand,370.0,$200-399,1.4453125,,,False,0.0,False,0.0,False,Seller 271,"Escondido, California, United States",CA,2026-03-13,True,False,False,CA,Pro,Mid-Gen (12-13),10,4867.01,4.6875
777,Apple iPhone 12 64GB Unlocked MODEL A2172 Blue color open box,iPhone 12,12,False,64.0,64GB,64GB,False,Open Box,Like New,228.99,$200-399,3.57796875,,,False,1.0,True,0.0,False,Seller 019,"Granada Hills, California, United States",CA,2026-03-13,True,False,False,CA,Standard,Mid-Gen (12-13),23,4428.01,45.073891625615765
778,Apple iPhone 14 Plus (A2632) 128GB - Red (Unlocked) - *DAMAGED* - Clean IMEI,iPhone 14 Plus,14,False,128.0,128GB,128GB,False,For Parts Or Not Working,Damaged,196.99,<$200,1.538984375,,,False,0.0,False,0.0,False,Seller 013,"Akron, Ohio, United States",OH,2026-03-13,True,False,False,OH,Standard,Modern (14+),42,3410.0,31.343283582089555
779,Apple iPhone 14 Pro Max 256GB Deep Purple - Unlocked - Display Issue,iPhone 14 Pro Max,14,True,256.0,256GB,256GB,False,Used,Second-hand,395.0,$200-399,1.54296875,,,False,0.0,False,0.0,False,Seller 658,"Miami, Florida, United States",FL,2026-03-13,True,False,False,FL,Pro,Modern (14+),30,2750.0,8.085106382978724
780,Apple iPhone 17 Pro Max 256GB Orange UNLOCKED - FREE USPS PRIORITY MAIL EXPRESS,iPhone 17 Pro Max,17,True,256.0,256GB,256GB,False,New,Second-hand,1496.89,$1300+,5.8472265625,,,False,0.0,False,0.0,False,Seller 014,"Flushing, New York, United States",NY,2026-03-13,True,False,False,NY,Pro,Modern (14+),14,2710.0,8.176100628930817
781,"Apple iPhone 12 Pro Max, 128/256/512GB - Unlocked - Used Condition - All colors",iPhone 12 Pro Max,12,True,512.0,512GB,512GB,False,Used,Second-hand,264.99,$200-399,0.51755859375,,,False,0.0,False,20.0,True,Seller 061,"Brooklyn, New York, United States",NY,2026-03-13,True,False,False,NY,Pro,Mid-Gen (12-13),22,4867.01,4.6875
782,iPhone 14 Pro - Factory Unlocked - 128GB - Black- Very Good,iPhone 14 Pro,14,True,128.0,128GB,128GB,False,Used,Second-hand,350.0,$200-399,2.734375,,,False,0.0,False,0.0,False,Seller 269,"Piscataway, New Jersey, United States",NJ,2026-03-14,True,False,False,NJ,Pro,Modern (14+),1,2650.0,25.0
783,Apple iPhone 17 Pro Max 2 TB Cosmic Orange Service Unlocked 12gb RAM (INSURANCE),iPhone 17 Pro Max,17,True,2048.0,2048GB,12GB|2048GB,True,New,Second-hand,3000.0,$1300+,1.46484375,,,False,5.0,True,0.0,False,Seller 452,"San Francisco, California, United States",CA,2026-03-15,True,False,False,CA,Pro,Modern (14+),25,2710.0,8.176100628930817
784,apple iphone 17 pro unlocked 256gb,iPhone 17 Pro,17,True,256.0,256GB,256GB,False,Open Box,Like New,1299.0,$900-1299,5.07421875,,,False,0.0,False,0.0,False,Seller 284,"Utica, New York, United States",NY,2026-03-15,True,False,False,NY,Pro,Modern (14+),1,0.0,100.0
785,Apple iPhone 17 Air - 256GB (Unlocked) New open (#626),iPhone 17,17,False,256.0,256GB,256GB,False,Open Box,Like New,899.98,$600-899,3.515546875,,,False,0.0,False,0.0,False,Seller 408,"Sarasota, Florida, United States",FL,2026-03-16,True,False,False,FL,Standard,Modern (14+),10,1000.99,7.857142857142857
786,[Sealed New] Apple iPhone 13 mini (5G) A2481 256GB Factory Unlocked Smartphone,iPhone 13 Mini,13,False,256.0,256GB,256GB,False,New,Second-hand,399.28,$200-399,1.5596875,,,False,9.0,True,5.0,True,Seller 693,"Edison, New Jersey, United States",NJ,2026-03-16,True,False,False,NJ,Standard,Mid-Gen (12-13),151,491.95,6.462585034013606
787,New Unlocked Apple iPhone 17 Pro Max 6.9-inch A3257 Cosmic Orange 256GB,iPhone 17 Pro Max,17,True,256.0,256GB,256GB,False,New,Second-hand,1699.0,$1300+,6.63671875,,,False,0.0,False,7.0,True,Seller 082,"Fairfax, Virginia, United States",VA,2026-03-16,True,False,False,VA,Pro,Modern (14+),3,2710.0,8.176100628930817
788,Apple iPhone 14 PRO MAX 512GB Factory Unlocked A2651 Open Box,iPhone 14 Pro Max,14,True,512.0,512GB,512GB,False,Open Box,Like New,699.99,$600-899,1.36716796875,,,False,1.0,True,0.0,False,Seller 058,"Granada Hills, California, United States",CA,2026-03-16,True,False,False,CA,Pro,Modern (14+),58,2750.0,8.085106382978724
789,"New Sealed Apple iPhone 13 Mini A2481 256GB GSM CDMA Factory Unlocked,US STOCK",iPhone 13 Mini,13,False,256.0,256GB,256GB,False,New,Second-hand,405.18,$400-599,1.582734375,,,False,10.0,True,0.0,False,Seller 414,"Edison, New Jersey, United States",NJ,2026-03-16,True,False,False,NJ,Standard,Mid-Gen (12-13),151,491.95,6.462585034013606
790,"Apple iPhone 17 Pro Max 6.9"" Dual Physical SIM A3527 Unlocked FedEx/UPS",iPhone 17 Pro Max,17,True,,Tidak Diketahui,,False,New,Second-hand,1878.0,$1300+,,,,False,2.0,True,3.0,True,Seller 153,"Hong Kong, Hong Kong",INTL,2026-03-16,True,False,False,INTL,Pro,Modern (14+),11,2710.0,8.176100628930817
791,"Apple iPhone 17 Pro Max 6.9"" Dual Physical SIM China A3527 Unlocked Free UPS",iPhone 17 Pro Max,17,True,,Tidak Diketahui,,False,New,Second-hand,1878.0,$1300+,,,,False,2.0,True,2.0,True,Seller 153,"Hong Kong, Hong Kong",INTL,2026-03-16,True,False,False,INTL,Pro,Modern (14+),11,2710.0,8.176100628930817
792,Apple iPhone 12 5G - 64 GB - Black (SAFELINK WIRELESS) A2172 - Brand New Sealed,iPhone 12,12,False,64.0,64GB,64GB,False,New,Second-hand,295.65,$200-399,4.61953125,,,False,3.0,True,0.0,False,Seller 267,"Shingletown, California, United States",CA,2026-03-16,True,False,False,CA,Standard,Mid-Gen (12-13),23,4428.01,45.073891625615765
793,"Sealed in New Box Apple iPhone 13 mini 5G A2481 256GB Factory Unlocked,US STOCK",iPhone 13 Mini,13,False,256.0,256GB,256GB,False,New,Second-hand,409.95,$400-599,1.6013671875,,,False,5.0,True,10.0,True,Seller 693,"Edison, New Jersey, United States",NJ,2026-03-16,True,False,False,NJ,Standard,Mid-Gen (12-13),151,491.95,6.462585034013606
794,Apple iPhone 16 - 128GB ( Unlocked ) NEW SEALED (#622),iPhone 16,16,False,128.0,128GB,128GB,False,Open Box,Like New,629.97,$600-899,4.921640625,,,False,0.0,False,0.0,False,Seller 408,"Sarasota, Florida, United States",FL,2026-03-16,True,False,False,FL,Standard,Modern (14+),25,639.5,7.207207207207207
795,【SEALED IN NEW BOX】Apple iPhone 13 mini 256GB A2481 Factory Unlocked Smartphone,iPhone 13 Mini,13,False,256.0,256GB,256GB,False,New,Second-hand,408.48,$400-599,1.595625,,,False,10.0,True,5.0,True,Seller 698,"Edison, New Jersey, United States",NJ,2026-03-16,True,False,False,NJ,Standard,Mid-Gen (12-13),151,491.95,6.462585034013606
796,【SEALED NEW】Apple iPhone 13 Mini (5G) A2481 256GB Factory Unlocked Smartphone,iPhone 13 Mini,13,False,256.0,256GB,256GB,False,New,Second-hand,398.99,$200-399,1.5585546875,,,False,10.0,True,9.0,True,Seller 698,"Edison, New Jersey, United States",NJ,2026-03-16,True,False,False,NJ,Standard,Mid-Gen (12-13),151,491.95,6.462585034013606
797,Apple iPhone 14 128GB 256GB - Unlocked AT&T Verizon T-Mobile - All Colors,iPhone 14,14,False,128.0,128GB,128GB|256GB,False,Used,Second-hand,229.99,$200-399,1.796796875,,,False,10.0,True,1.0,True,Seller 152,"Baltimore, Maryland, United States",MD,2026-03-16,True,False,False,MD,Standard,Modern (14+),3,1329.99,21.492537313432834
798,Apple iPhone 13 Pro-128gb—Factory Unlocked—GOOD CONDITION!—FREE SHIPPING,iPhone 13 Pro,13,True,128.0,128GB,128GB,False,Used,Second-hand,333.33,$200-399,2.604140625,,,False,0.0,False,0.0,False,Seller 003,"Trenton, New Jersey, United States",NJ,2026-03-16,True,False,False,NJ,Pro,Mid-Gen (12-13),2,3726.87,66.66666666666666
799,"Apple iPhone 14 -128GB, Unlocked, Midnight Blue, Original Box & Acc. EXCELLENT",iPhone 14,14,False,128.0,128GB,128GB,False,Used,Second-hand,300.0,$200-399,2.34375,,,False,0.0,False,0.0,False,Seller 579,"Miami, Florida, United States",FL,2026-03-17,True,False,False,FL,Standard,Modern (14+),27,1329.99,21.492537313432834
800,Apple iPhone 17 Pro Max 256GB (T-Mobile Only) 100% Battery *Not Unlocked*,iPhone 17 Pro Max,17,True,256.0,256GB,256GB,False,Open Box,Like New,1120.0,$900-1299,4.375,,,False,0.0,False,0.0,False,Seller 088,"Waterville, Maine, United States",ME,2026-03-17,True,False,False,ME,Pro,Modern (14+),3,2710.0,8.176100628930817
801,Apple iPhone 13 128/256/512GB FACTORY UNLOCKED 2 YRS WARNTY RE-SEALED BOX A++ US,iPhone 13,13,False,512.0,512GB,512GB,False,Open Box,Like New,429.97,$400-599,0.83978515625,,,False,0.0,False,3.0,True,Seller 265,"Whippany, New Jersey, United States",NJ,2026-03-17,True,False,False,NJ,Standard,Mid-Gen (12-13),28,4935.0,20.909090909090907
802,NEW Sealed IPhone 13 mini 5G 128GB/256GB Unlocked Smartphone All Colors US Stock,iPhone 13 Mini,13,False,128.0,128GB,128GB|256GB,False,New,Second-hand,345.29,$200-399,2.697578125,,,False,4.0,True,0.0,False,Seller 360,"Edison, New Jersey, United States",NJ,2026-03-17,True,False,False,NJ,Standard,Mid-Gen (12-13),151,491.95,6.462585034013606
803,Apple iPhone 13 128GB Unlocked AT&T T-Mobile Verizon Excellent Starlight White,iPhone 13,13,False,128.0,128GB,128GB,False,Used,Second-hand,250.0,$200-399,1.953125,,,False,0.0,False,0.0,False,Seller 580,"Franklin, Tennessee, United States",TN,2026-03-17,True,False,False,TN,Standard,Mid-Gen (12-13),6,4935.0,20.909090909090907
804,"APPLE 2025 iPHONE 17 PRO MAX 6.9"" 256GB/512GB/1TB/2TB UNLOCKED (A3526 DUAL SIM)",iPhone 17 Pro Max,17,True,256.0,256GB,256GB|512GB|1024GB|2048GB,False,New,Second-hand,2230.0,$1300+,8.7109375,,,False,8.0,True,12.0,True,Seller 159,"Hong Kong, Hong Kong",INTL,2026-03-17,True,False,False,INTL,Pro,Modern (14+),11,2710.0,8.176100628930817
805,NEW SEALED iPhone 13 mini (5G) A2481 128GB/256GB Factory Unlocked Smartphone,iPhone 13 Mini,13,False,128.0,128GB,128GB|256GB,False,New,Second-hand,356.42,$200-399,2.78453125,,,False,3.0,True,1.0,True,Seller 059,"Edison, New Jersey, United States",NJ,2026-03-17,True,False,False,NJ,Standard,Mid-Gen (12-13),151,491.95,6.462585034013606
806,"New Apple iPhone 13 mini (5G) 128GB Fully Unlocked GSM+CDMA Smartphone 5.4"" US",iPhone 13 Mini,13,False,128.0,128GB,128GB,False,New,Second-hand,349.55,$200-399,2.730859375,,,False,5.0,True,5.0,True,Seller 092,"Edison, New Jersey, United States",NJ,2026-03-17,True,False,False,NJ,Standard,Mid-Gen (12-13),151,491.95,6.462585034013606
807,APPLE IPHONE 17 AIR - 256GB - LIGHT GOLD (FACTORY UNLOCKED) ❖SEALED❖,iPhone 17,17,False,256.0,256GB,256GB,False,New,Second-hand,988.95,$900-1299,3.8630859375,,,False,6.0,True,7.0,True,Seller 146,"Los Angeles, California, United States",CA,2026-03-17,True,False,False,CA,Standard,Modern (14+),15,1000.99,7.857142857142857
808,Apple iPhone 17 Pro Max - 512 GB - Orange (Unlocked),iPhone 17 Pro Max,17,True,512.0,512GB,512GB,False,New,Second-hand,2750.0,$1300+,5.37109375,,,False,0.0,False,0.0,False,Seller 593,"San Francisco, California, United States",CA,2026-03-18,True,False,False,CA,Pro,Modern (14+),25,2710.0,8.176100628930817
809,APPLE IPHONE 14 - 128GB (FACTORY UNLOCKED) MIDNIGHT ⚫️ ✅1 YEAR WARANTY✅ ✤SEALED✤,iPhone 14,14,False,128.0,128GB,128GB,False,New,Second-hand,419.95,$400-599,3.280859375,,,False,10.0,True,91.0,True,Seller 146,"Los Angeles, California, United States",CA,2026-03-18,True,False,False,CA,Standard,Modern (14+),40,1329.99,21.492537313432834
810,Apple iPhone 14 eSIM 128GB Midnight Unlocked Clean IMEI BH=96% Charged 46 Times,iPhone 14,14,False,128.0,128GB,128GB,False,Used,Second-hand,289.99,$200-399,2.265546875,,,False,0.0,False,0.0,False,Seller 188,"Shawnee, Kansas, United States",KS,2026-03-18,True,False,False,KS,Standard,Modern (14+),9,1329.99,21.492537313432834
811,New Apple iPhone 17 Pro Max 2TB A3526 with Physical SIM+ESIM Pick Color unlocked,iPhone 17 Pro Max,17,True,2048.0,2048GB,2048GB,False,New,Second-hand,2819.06,$1300+,1.376494140625,2999.0,6.0,True,1.0,True,0.0,False,Seller 016,"Rowland Heights, California, United States",CA,2026-03-18,True,False,False,CA,Pro,Modern (14+),25,2710.0,8.176100628930817
812,"Apple iPhone 12 6.1"" Black Smart Phone 256GB Factory Unlocked - VG",iPhone 12,12,False,256.0,256GB,256GB,False,Used,Second-hand,210.0,$200-399,0.8203125,,,False,0.0,False,0.0,False,Seller 041,"Lenoir, North Carolina, United States",NC,2026-03-18,True,False,False,NC,Standard,Mid-Gen (12-13),1,4428.01,45.073891625615765
813,Apple iPhone 12 128GB - Black - Fully Unlocked 5G Smartphone (Heavy Scratches),iPhone 12,12,False,128.0,128GB,128GB,False,Used,Second-hand,154.95,<$200,1.210546875,,,False,10.0,True,28.0,True,Seller 209,"Brooklyn, New York, United States",NY,2026-03-18,True,False,False,NY,Standard,Mid-Gen (12-13),24,4428.01,45.073891625615765
814,✔️ Apple iPhone 14 - 512GB Midnight Black【Factory Unlocked】All CARRIERS E-SIM,iPhone 14,14,False,512.0,512GB,512GB,False,Open Box,Like New,395.0,$200-399,0.771484375,,,False,0.0,False,14.0,True,Seller 523,"NY, United States",INTL,2026-03-18,True,False,False,INTL,Standard,Modern (14+),16,1329.99,21.492537313432834
815,New Apple iPhone 17 Pro Max 1TB A3526 with Physical SIM+ESIM Pick Color Unlocked,iPhone 17 Pro Max,17,True,1024.0,1024GB,1024GB,False,New,Second-hand,2255.06,$1300+,2.20220703125,2399.0,6.0,True,2.0,True,12.0,True,Seller 016,"Rowland Heights, California, United States",CA,2026-03-18,True,False,False,CA,Pro,Modern (14+),25,2710.0,8.176100628930817
816,Apple iPhone 16 - 128 GB - Ultra Blue (Unlocked) Clean IMEI- Excellent condition,iPhone 16,16,False,128.0,128GB,128GB,False,Open Box,Like New,599.0,$400-599,4.6796875,,,False,0.0,False,0.0,False,Seller 237,"White Plains, New York, United States",NY,2026-03-18,True,False,False,NY,Standard,Modern (14+),19,639.5,7.207207207207207
817,Apple iPhone 17e A3634 Unlocked New Sealed Physical SIM Card Tray - FedEX,iPhone 17,17,False,,Tidak Diketahui,,False,New,Second-hand,874.2,$600-899,,,,False,1.0,True,0.0,False,Seller 144,"Seoul, South Korea",INTL,2026-03-18,True,False,False,INTL,Standard,Modern (14+),12,1000.99,7.857142857142857
818,Apple iPhone 14 Plus (A2632) 128GB - Black - Parts Only As Is Check Description,iPhone 14 Plus,14,False,128.0,128GB,128GB,False,For Parts Or Not Working,Damaged,92.0,<$200,0.71875,,,False,0.0,False,0.0,False,Seller 355,"Pearland, Texas, United States",TX,2026-03-18,True,False,False,TX,Standard,Modern (14+),14,3410.0,31.343283582089555
819,Apple iPhone 17 Pro Max - 256 GB - Orange (Unlocked),iPhone 17 Pro Max,17,True,256.0,256GB,256GB,False,New,Second-hand,2600.0,$1300+,10.15625,,,False,0.0,False,0.0,False,Seller 593,"San Francisco, California, United States",CA,2026-03-18,True,False,False,CA,Pro,Modern (14+),25,2710.0,8.176100628930817
820,Apple iPhone 13 128GB Unlocked Verizon Excellent Used Condition - Pink,iPhone 13,13,False,128.0,128GB,128GB,False,Used,Second-hand,275.0,$200-399,2.1484375,,,False,0.0,False,0.0,False,Seller 466,"Parsonsfield, Maine, United States",ME,2026-03-18,True,False,False,ME,Standard,Mid-Gen (12-13),1,4935.0,20.909090909090907
821,New Sealed Apple iPhone 13 Mini (5G) 256GB+4GB Factory Unlocked Smartphone iOS,iPhone 13 Mini,13,False,256.0,256GB,256GB,False,New,Second-hand,404.72,$400-599,1.5809375,,,False,10.0,True,0.0,False,Seller 418,"Edison, New Jersey, United States",NJ,2026-03-18,True,False,False,NJ,Standard,Mid-Gen (12-13),151,491.95,6.462585034013606
822,NEW OEM SEALED Apple iPhone 16 Hexa-core (2x4.04 GHz + 4x2.20 GHz),iPhone 16,16,False,,Tidak Diketahui,,False,New,Second-hand,779.95,$600-899,,,,False,0.0,False,1.0,True,Seller 183,"Johnson City, Tennessee, United States",TN,2026-03-18,True,False,False,TN,Standard,Modern (14+),2,639.5,7.207207207207207
823,APPLE IPHONE 16 - 128GB BLACK (FACTORY UNLOCKED) ✅APPLE WARRANTY✅ ❖SEALED❖,iPhone 16,16,False,128.0,128GB,128GB,False,New,Second-hand,648.95,$600-899,5.069921875,,,False,10.0,True,7.0,True,Seller 146,"Los Angeles, California, United States",CA,2026-03-18,True,False,False,CA,Standard,Modern (14+),14,639.5,7.207207207207207
824,Apple iPhone 13 mini 256GB (BUNDLE) VIEW DESCRIPTION,iPhone 13 Mini,13,False,256.0,256GB,256GB,False,Used,Second-hand,270.0,$200-399,1.0546875,,,False,0.0,False,0.0,False,Seller 364,"Leander, Texas, United States",TX,2026-03-18,True,False,False,TX,Standard,Mid-Gen (12-13),12,491.95,6.462585034013606
825,Apple iPhone 14 Pro Max 256GB AT&T- Very Good Condition - **MINOR ISSUE**,iPhone 14 Pro Max,14,True,256.0,256GB,256GB,False,Used,Second-hand,399.0,$200-399,1.55859375,,,False,0.0,False,0.0,False,Seller 117,"Hialeah, Florida, United States",FL,2026-03-19,True,False,False,FL,Pro,Modern (14+),30,2750.0,8.085106382978724
826,New Sealed Apple iPhone 13 Mini 5G 128GB+4GB Unlocked Smartphone 5.4in US STOCK,iPhone 13 Mini,13,False,128.0,128GB,128GB,False,New,Second-hand,350.15,$200-399,2.735546875,,,False,2.0,True,0.0,False,Seller 418,"Edison, New Jersey, United States",NJ,2026-03-19,True,False,False,NJ,Standard,Mid-Gen (12-13),151,491.95,6.462585034013606
827,Apple iPhone 17 Pro Max - 256 GB - Blue (Unlocked) Brand New Device,iPhone 17 Pro Max,17,True,256.0,256GB,256GB,False,New,Second-hand,1379.0,$1300+,5.38671875,,,False,0.0,False,0.0,False,Seller 226,"Valencia, California, United States",CA,2026-03-19,True,False,False,CA,Pro,Modern (14+),25,2710.0,8.176100628930817
828,Apple iPhone 14 - 128GB Black - Unlocked,iPhone 14,14,False,128.0,128GB,128GB,False,Used,Second-hand,245.99,$200-399,1.921796875,,,False,0.0,False,0.0,False,Seller 066,"Britton, Michigan, United States",MI,2026-03-19,True,False,False,MI,Standard,Modern (14+),2,1329.99,21.492537313432834
829,Apple iPhone 17 Pro Max UNLOCKED 256GB Deep Blue ✅ SHIPS TODAY✅ NEW WORLDWIDE,iPhone 17 Pro Max,17,True,256.0,256GB,256GB,False,New,Second-hand,1549.0,$1300+,6.05078125,,,False,10.0,True,115.0,True,Seller 160,"Springfield, Virginia, United States",VA,2026-03-19,True,False,False,VA,Pro,Modern (14+),3,2710.0,8.176100628930817
830,Apple iPhone 13 - 128GB | 256GB - Unlocked AT&T Verizon T-Mobile Cricket Metro,iPhone 13,13,False,128.0,128GB,128GB|256GB,False,Very Good - Refurbished,Refurbished,275.45,$200-399,2.151953125,289.95,5.0,True,0.0,False,118.0,True,Seller 176,"Spartanburg SC, United States",INTL,2026-03-20,True,False,False,INTL,Standard,Mid-Gen (12-13),17,4935.0,20.909090909090907
831,"Apple iPhone 12 - (Unlocked) 64GB/128GB/256GB 6.1"" - All colors - Free Shipping",iPhone 12,12,False,64.0,64GB,64GB|128GB|256GB,False,Used,Second-hand,242.5,$200-399,3.7890625,,,False,5.0,True,0.0,False,Seller 511,"hongkong, China",INTL,2026-03-20,True,False,False,INTL,Standard,Mid-Gen (12-13),21,4428.01,45.073891625615765
832,Sealed - Apple iPhone 14 Pro Max - 128 / 256/512 GB - (Unlocked) - Smartphone,iPhone 14 Pro Max,14,True,512.0,512GB,512GB,False,Used,Second-hand,670.05,$600-899,1.30869140625,,,False,5.0,True,33.0,True,Seller 073,"HK, China",INTL,2026-03-20,True,False,False,INTL,Pro,Modern (14+),17,2750.0,8.085106382978724
833,Sealed in Box Apple iPhone 13 *10 unit - Unlocked 128GB Smartphone Good Gift,iPhone 13,13,False,128.0,128GB,128GB,False,Used,Second-hand,3063.08,$1300+,23.9303125,,,False,1.0,True,0.0,False,Seller 511,"HK, China",INTL,2026-03-20,True,False,False,INTL,Standard,Mid-Gen (12-13),17,4935.0,20.909090909090907
834,Apple iPhone 14 Plus - 128GB 256GB 512GB - Unlocked Good Working,iPhone 14 Plus,14,False,128.0,128GB,128GB|256GB|512GB,False,Used,Second-hand,468.39,$400-599,3.659296875,,,False,8.0,True,0.0,False,Seller 511,"hongkong, China",INTL,2026-03-20,True,False,False,INTL,Standard,Modern (14+),5,3410.0,31.343283582089555
835,Apple iPhone 12 Pro Max 256GB (Unlocked) with FACE ID Sealed in box,iPhone 12 Pro Max,12,True,256.0,256GB,256GB,False,Used,Second-hand,363.83,$200-399,1.4212109375,,,False,8.0,True,0.0,False,Seller 511,"hongkong, China",INTL,2026-03-20,True,False,False,INTL,Pro,Mid-Gen (12-13),22,4867.01,4.6875
836,Good condition Apple iPhone 12 64/128/256GB Factory UNLOCKED(any carrier),iPhone 12,12,False,256.0,256GB,256GB,False,Used,Second-hand,234.57,$200-399,0.9162890625,,,False,2.0,True,4.0,True,Seller 443,"HK, China",INTL,2026-03-20,True,False,False,INTL,Standard,Mid-Gen (12-13),21,4428.01,45.073891625615765
837,BOXED - Apple iPhone 14 Plus - 128GB 256GB 512GB - Unlocked Good Working,iPhone 14 Plus,14,False,128.0,128GB,128GB|256GB|512GB,False,Used,Second-hand,468.39,$400-599,3.659296875,,,False,5.0,True,0.0,False,Seller 511,"hongkong, China",INTL,2026-03-20,True,False,False,INTL,Standard,Modern (14+),5,3410.0,31.343283582089555
838,Apple iPhone 13 mini - 128 GB (Unlocked) Smartphone,iPhone 13 Mini,13,False,128.0,128GB,128GB,False,Used,Second-hand,287.15,$200-399,2.243359375,,,False,3.0,True,2.0,True,Seller 511,"hongkong, China",INTL,2026-03-20,True,False,False,INTL,Standard,Mid-Gen (12-13),26,491.95,6.462585034013606
839,Boxed - Apple iPhone 12 Pro Max 512GB (Unlocked) 5G withFACE ID,iPhone 12 Pro Max,12,True,512.0,512GB,512GB,False,Used,Second-hand,424.46,$400-599,0.8290234375,,,False,4.0,True,1.0,True,Seller 511,"hongkong, China",INTL,2026-03-20,True,False,False,INTL,Pro,Mid-Gen (12-13),22,4867.01,4.6875
840,"Apple iPhone 14 Pro Max ( Unlocked ) 5G - 1TB - 6.7"" Smartphone - Boxed",iPhone 14 Pro Max,14,True,1024.0,1024GB,1024GB,False,Used,Second-hand,788.29,$600-899,0.769814453125,,,False,6.0,True,0.0,False,Seller 511,"HK, China",INTL,2026-03-20,True,False,False,INTL,Pro,Modern (14+),17,2750.0,8.085106382978724
841,Apple iPhone 12 Pro Max - 128GB * 3 - (Unlocked) with FACE ID,iPhone 12 Pro Max,12,True,128.0,128GB,128GB,False,Used,Second-hand,980.19,$900-1299,7.657734375,,,False,3.0,True,0.0,False,Seller 511,"hongkong, China",INTL,2026-03-20,True,False,False,INTL,Pro,Mid-Gen (12-13),22,4867.01,4.6875
842,Sealed in Box Apple iPhone 13 Unlocked 128GB 256GB All colors Good Condition,iPhone 13,13,False,128.0,128GB,128GB|256GB,False,Used,Second-hand,325.46,$200-399,2.54265625,,,False,5.0,True,9.0,True,Seller 511,"HK, China",INTL,2026-03-20,True,False,False,INTL,Standard,Mid-Gen (12-13),17,4935.0,20.909090909090907
843,Apple iPhone 13 mini - 128 GB/256GB - All colors(Unlocked)✅1 YEAR WARRANTY,iPhone 13 Mini,13,False,128.0,128GB,128GB|256GB,False,Used,Second-hand,288.45,$200-399,2.253515625,,,False,3.0,True,0.0,False,Seller 511,"hongkong, China",INTL,2026-03-20,True,False,False,INTL,Standard,Mid-Gen (12-13),26,491.95,6.462585034013606
844,Apple iPhone 12 Pro Max 128GB 256GB - Fully Unlocked - VERY GOOD Condition,iPhone 12 Pro Max,12,True,128.0,128GB,128GB|256GB,False,Used,Second-hand,323.21,$200-399,2.525078125,,,False,0.0,False,8.0,True,Seller 443,"HK, China",INTL,2026-03-20,True,False,False,INTL,Pro,Mid-Gen (12-13),22,4867.01,4.6875
845,OPEN BOX Apple iPhone 17 A3258 256GB 512GB BLACK SAGE LAVENDER BLUE (Unlocked),iPhone 17,17,False,256.0,256GB,256GB|512GB,False,Open Box,Like New,779.0,$600-899,3.04296875,,,False,0.0,False,48.0,True,Seller 038,"Dallas, Texas, United States",TX,2026-03-20,True,False,False,TX,Standard,Modern (14+),23,1000.99,7.857142857142857
846,Excellent A+ 9/10 Apple iPhone 12 A2172 64 GB 5G Unlocked Pick your color,iPhone 12,12,False,64.0,64GB,64GB,False,Excellent - Refurbished,Refurbished,239.0,$200-399,3.734375,,,False,5.0,True,1.0,True,Seller 201,"Chicago, Illinois, United States",IL,2026-03-20,True,False,False,IL,Standard,Mid-Gen (12-13),6,4428.01,45.073891625615765
847,Apple iPhone 13 Pro Max 13 mini - 128GB 256GB Unlocked - Good,iPhone 13 Pro Max,13,True,128.0,128GB,128GB|256GB,False,Used,Second-hand,297.79,$200-399,2.326484375,,,False,2.0,True,5.0,True,Seller 443,"HK, China",INTL,2026-03-20,True,False,False,INTL,Pro,Mid-Gen (12-13),1,112.15999999999997,33.33333333333333
848,Apple iPhone 14 Plus - 256GB - Unlocked AT&T T-Mobile Verizon - Midnight,iPhone 14 Plus,14,False,256.0,256GB,256GB,False,Used,Second-hand,299.99,$200-399,1.1718359375,,,False,0.0,False,0.0,False,Seller 506,"Woodbridge, Virginia, United States",VA,2026-03-20,True,False,False,VA,Standard,Modern (14+),1,3410.0,31.343283582089555
849,Apple iPhone 17 Model A3520.A19. 256GB/512GB- 5 colors = Tracking=,iPhone 17,17,False,256.0,256GB,256GB|512GB,False,New,Second-hand,1113.84,$900-1299,4.3509375,,,False,8.0,True,6.0,True,Seller 197,"Seoul, South Korea",INTL,2026-03-20,True,False,False,INTL,Standard,Modern (14+),12,1000.99,7.857142857142857
850,95%N ew Apple iPhone 14 Pro Max - 128GB 256 GB (Unlocked) Smartphone,iPhone 14 Pro Max,14,True,128.0,128GB,128GB|256GB,False,Used,Second-hand,587.1,$400-599,4.58671875,,,False,1.0,True,0.0,False,Seller 511,"hongkong, China",INTL,2026-03-20,True,False,False,INTL,Pro,Modern (14+),17,2750.0,8.085106382978724
851,"Apple iPhone 12 A2172 64GB Black 6.1"" Unlocked iOS 26 82% Battery Health",iPhone 12,12,False,64.0,64GB,64GB,False,Used,Second-hand,199.99,<$200,3.12484375,,,False,3.0,True,0.0,False,Seller 120,"Eden Prairie, Minnesota, United States",MN,2026-03-20,True,False,False,MN,Standard,Mid-Gen (12-13),1,4428.01,45.073891625615765
852,"Apple iPhone 12 - (Unlocked) 64GB/128GB/256GB 6.1"" - All colors - Smartphone",iPhone 12,12,False,64.0,64GB,64GB|128GB|256GB,False,Used,Second-hand,253.58,$200-399,3.9621875,,,False,5.0,True,0.0,False,Seller 511,"hongkong, China",INTL,2026-03-20,True,False,False,INTL,Standard,Mid-Gen (12-13),21,4428.01,45.073891625615765
853,Apple iPhone 13 - 128GB | 256GB - (Unlocked) AT&T Verizon T-Mobile Cricket Metro,iPhone 13,13,False,128.0,128GB,128GB|256GB,False,Very Good - Refurbished,Refurbished,275.45,$200-399,2.151953125,289.95,5.0,True,0.0,False,161.0,True,Seller 190,"Spartanburg, South Carolina, United States",SC,2026-03-20,True,False,False,SC,Standard,Mid-Gen (12-13),4,4935.0,20.909090909090907
854,Apple iPhone 14 Plus 128GB Fully Unlocked - ALL CARRIERS - VERY GOOD Condition,iPhone 14 Plus,14,False,128.0,128GB,128GB,False,Very Good - Refurbished,Refurbished,304.99,$200-399,2.382734375,,,False,5.0,True,9.0,True,Seller 170,"Brooklyn, New York, United States",NY,2026-03-20,True,False,False,NY,Standard,Modern (14+),21,3410.0,31.343283582089555
855,Apple iPhone 14 Plus - 128GB /256GB - Todos los colores (Desbloqueado) Potente teléfono-,iPhone 14 Plus,14,False,128.0,128GB,128GB|256GB,False,Used,Second-hand,455.21,$400-599,3.556328125,,,False,0.0,False,0.0,False,Seller 101,"CS, China",INTL,2026-03-20,True,False,False,INTL,Standard,Modern (14+),5,3410.0,31.343283582089555
856,Apple iPhone 13 5G A2482 128GB Unlocked Clean IMEI BH= 100% charged 44 times,iPhone 13,13,False,128.0,128GB,128GB,False,Used,Second-hand,251.11,$200-399,1.961796875,,,False,0.0,False,0.0,False,Seller 188,"Shawnee, Kansas, United States",KS,2026-03-20,True,False,False,KS,Standard,Mid-Gen (12-13),5,4935.0,20.909090909090907
857,Apple iPhone 13 128GB 256GB Unlocked - Very Good with Face ID,iPhone 13,13,False,128.0,128GB,128GB|256GB,False,Used,Second-hand,325.46,$200-399,2.54265625,,,False,2.0,True,0.0,False,Seller 073,"HK, China",INTL,2026-03-20,True,False,False,INTL,Standard,Mid-Gen (12-13),17,4935.0,20.909090909090907
858,Apple iPhone 13 - 128GB | 256GB - (Unlocked) AT&T Verizon T-Mobile Cricket Metro,iPhone 13,13,False,128.0,128GB,128GB|256GB,False,Very Good - Refurbished,Refurbished,275.45,$200-399,2.151953125,289.95,5.0,True,10.0,True,89.0,True,Seller 083,"Spartanburg SC, United States",INTL,2026-03-20,True,False,False,INTL,Standard,Mid-Gen (12-13),17,4935.0,20.909090909090907
859,Apple iPhone 14 Pro Max 128/256/512GB/1TB Unlocked Very Good Sealed in BOX,iPhone 14 Pro Max,14,True,512.0,512GB,512GB|1024GB,False,Used,Second-hand,565.2,$400-599,1.10390625,,,False,2.0,True,1.0,True,Seller 101,"hongkong, China",INTL,2026-03-20,True,False,False,INTL,Pro,Modern (14+),17,2750.0,8.085106382978724
860,Apple iPhone 14 Pro Max -128/256GB/1TB- with Face ID 99%N ew(Unlocked),iPhone 14 Pro Max,14,True,256.0,256GB,256GB|1024GB,False,Used,Second-hand,645.44,$600-899,2.52125,,,False,10.0,True,1.0,True,Seller 101,"HK, China",INTL,2026-03-20,True,False,False,INTL,Pro,Modern (14+),17,2750.0,8.085106382978724
861,A+ Apple iPhone 14 Pro Max-128GB/256GB/1TB-All colors 5G (Unlocked),iPhone 14 Pro Max,14,True,128.0,128GB,128GB|256GB|1024GB,False,Used,Second-hand,573.6,$400-599,4.48125,,,False,5.0,True,5.0,True,Seller 101,"CS, China",INTL,2026-03-20,True,False,False,INTL,Pro,Modern (14+),17,2750.0,8.085106382978724
862,Apple iPhone 12 Pro Max(Unlocked) - 128 GB/256GB- All colors with FACE ID,iPhone 12 Pro Max,12,True,128.0,128GB,128GB|256GB,False,Used,Second-hand,335.37,$200-399,2.620078125,,,False,3.0,True,16.0,True,Seller 101,"CS, China",INTL,2026-03-20,True,False,False,INTL,Pro,Mid-Gen (12-13),22,4867.01,4.6875
863,Apple iPhone 12 Pro Max 128GB/256GB/512GB (Unlocked) with FACE ID Sealed in box,iPhone 12 Pro Max,12,True,128.0,128GB,128GB|256GB|512GB,False,Used,Second-hand,330.75,$200-399,2.583984375,,,False,5.0,True,3.0,True,Seller 511,"hongkong, China",INTL,2026-03-20,True,False,False,INTL,Pro,Mid-Gen (12-13),22,4867.01,4.6875
864,"Apple iPhone 13 mini - 128GB/256GB/512GB - All colors 5.4""4GB Ram (Unlocked)",iPhone 13 Mini,13,False,128.0,128GB,128GB|256GB|512GB,False,Used,Second-hand,288.69,$200-399,2.255390625,,,False,8.0,True,0.0,False,Seller 101,"CS, China",INTL,2026-03-20,True,False,False,INTL,Standard,Mid-Gen (12-13),26,491.95,6.462585034013606
865,90% N ew Apple iPhone 13 mini 128/256GB Factory ULOCKED(any carrier)Good,iPhone 13 Mini,13,False,256.0,256GB,256GB,False,Used,Second-hand,274.68,$200-399,1.07296875,,,False,3.0,True,7.0,True,Seller 443,"HK, China",INTL,2026-03-20,True,False,False,INTL,Standard,Mid-Gen (12-13),26,491.95,6.462585034013606
866,90%-95%N ew Apple iPhone 14/14 Plus 128/256GB Factory UNLOCKED(any carrier)Good,iPhone 14,14,False,256.0,256GB,256GB,False,Used,Second-hand,409.63,$400-599,1.6001171875,,,False,3.0,True,2.0,True,Seller 443,"HK, China",INTL,2026-03-20,True,False,False,INTL,Standard,Modern (14+),16,1329.99,21.492537313432834
867,New&Sealed Apple iPhone 12 pro max 128/256GB UNLOCKED(GSM+CDMA),iPhone 12 Pro Max,12,True,256.0,256GB,256GB,False,New,Second-hand,534.81,$400-599,2.0891015625,,,False,2.0,True,2.0,True,Seller 443,"HK, China",INTL,2026-03-20,True,False,False,INTL,Pro,Mid-Gen (12-13),22,4867.01,4.6875
868,Good condition Apple iPhone 12 pro max 128/256GB Factory UNLOCKED(any carrier),iPhone 12 Pro Max,12,True,256.0,256GB,256GB,False,Used,Second-hand,295.37,$200-399,1.1537890625,,,False,4.0,True,16.0,True,Seller 443,"HK, China",INTL,2026-03-20,True,False,False,INTL,Pro,Mid-Gen (12-13),22,4867.01,4.6875
869,"Apple iPhone 12 Pro Max - Unlocked 5G 6.7"" Smartphone Sealed in box",iPhone 12 Pro Max,12,True,,Tidak Diketahui,,False,Used,Second-hand,340.71,$200-399,,,,False,4.0,True,9.0,True,Seller 073,"HK, China",INTL,2026-03-20,True,False,False,INTL,Pro,Mid-Gen (12-13),22,4867.01,4.6875
870,"Genuine Apple iPhone 17 Pro Max 6.9"" One NANO SIM + eSIM China A3526 Unlocked",iPhone 17 Pro Max,17,True,,Tidak Diketahui,,False,New,Second-hand,1789.0,$1300+,,,,False,49.0,True,8.0,True,Seller 115,"Scottsdale, Arizona, United States",AZ,2026-03-20,True,False,False,AZ,Pro,Modern (14+),3,2710.0,8.176100628930817
871,"Very Good Apple iPhone 12 - (Unlocked) 64GB/128GB/256GB 6.1"" Smartphone",iPhone 12,12,False,64.0,64GB,64GB|128GB|256GB,False,Used,Second-hand,242.5,$200-399,3.7890625,,,False,4.0,True,4.0,True,Seller 073,"HK, China",INTL,2026-03-20,True,False,False,INTL,Standard,Mid-Gen (12-13),21,4428.01,45.073891625615765
872,Apple iPhone 13 - 128GB /256GB/512GB All Colors IOS Smartphone (Unlocked),iPhone 13,13,False,128.0,128GB,128GB|256GB|512GB,False,Used,Second-hand,325.46,$200-399,2.54265625,,,False,5.0,True,2.0,True,Seller 073,"HK, China",INTL,2026-03-20,True,False,False,INTL,Standard,Mid-Gen (12-13),17,4935.0,20.909090909090907
873,Boxed - Apple iPhone 13 mini - 128/256/512GB All Colors(Unlocked) Very Good,iPhone 13 Mini,13,False,512.0,512GB,512GB,False,Used,Second-hand,288.45,$200-399,0.56337890625,,,False,10.0,True,3.0,True,Seller 073,"HK, China",INTL,2026-03-20,True,False,False,INTL,Standard,Mid-Gen (12-13),26,491.95,6.462585034013606
874,90% N ew Apple iPhone 13 128/256GB Factory UNLOCKED(any carrier) Free shipping,iPhone 13,13,False,256.0,256GB,256GB,False,Used,Second-hand,312.36,$200-399,1.22015625,,,False,4.0,True,7.0,True,Seller 443,"HK, China",INTL,2026-03-20,True,False,False,INTL,Standard,Mid-Gen (12-13),17,4935.0,20.909090909090907
875,Apple iPhone 17 Pro Max Model A3526.A19. 256GB/512GB/1TB/2TB - 3 colors=,iPhone 17 Pro Max,17,True,256.0,256GB,256GB|512GB|1024GB|2048GB,False,New,Second-hand,1703.11,$1300+,6.6527734375,,,False,2.0,True,18.0,True,Seller 197,"Seoul, South Korea",INTL,2026-03-20,True,False,False,INTL,Pro,Modern (14+),11,2710.0,8.176100628930817
876,Apple iPhone 13 - 128GB 256GB Network Unlocked All colors Very Good Condition,iPhone 13,13,False,128.0,128GB,128GB|256GB,False,Used,Second-hand,325.46,$200-399,2.54265625,,,False,10.0,True,6.0,True,Seller 511,"HK, China",INTL,2026-03-20,True,False,False,INTL,Standard,Mid-Gen (12-13),17,4935.0,20.909090909090907
877,Apple iPhone 12 256GB Factory Unlocked AT&T T-Mobile Verizon Very Good Refurbish,iPhone 12,12,False,256.0,256GB,256GB,False,Very Good - Refurbished,Refurbished,269.95,$200-399,1.0544921875,,,False,4.0,True,14.0,True,Seller 037,"Vernon Hills, Illinois, United States",IL,2026-03-20,True,False,False,IL,Standard,Mid-Gen (12-13),6,4428.01,45.073891625615765
878,EXCELLENT Apple iPhone 12 Pro Max - 128/256/512GB- Unlocked IOS SMARTOHONE,iPhone 12 Pro Max,12,True,512.0,512GB,512GB,False,Used,Second-hand,312.39,$200-399,0.61013671875,,,False,10.0,True,62.0,True,Seller 065,"hongkong, China",INTL,2026-03-20,True,False,False,INTL,Pro,Mid-Gen (12-13),22,4867.01,4.6875
879,Apple iPhone 12ProMax/13ProMax/14ProMax-128GB/256GB-NO FACE ID(Unlocked) SO GOOD,iPhone 12 Pro Max,12,True,128.0,128GB,128GB|256GB,False,Used,Second-hand,328.07,$200-399,2.563046875,,,False,9.0,True,6.0,True,Seller 065,"hongkong, China",INTL,2026-03-20,True,False,False,INTL,Pro,Mid-Gen (12-13),22,4867.01,4.6875
880,Good Apple iPhone 13 mini-128GB/256GB - all colors (Unlocked) IOS Worth buying,iPhone 13 Mini,13,False,128.0,128GB,128GB|256GB,False,Used,Second-hand,303.77,$200-399,2.373203125,,,False,5.0,True,6.0,True,Seller 065,"hongkong, China",INTL,2026-03-20,True,False,False,INTL,Standard,Mid-Gen (12-13),26,491.95,6.462585034013606
881,Good Apple iPhone 13 -128GB/256GB -Multicolor Unlocked IOS Smartphone,iPhone 13,13,False,128.0,128GB,128GB|256GB,False,Used,Second-hand,318.35,$200-399,2.487109375,,,False,5.0,True,6.0,True,Seller 065,"HK, China",INTL,2026-03-20,True,False,False,INTL,Standard,Mid-Gen (12-13),17,4935.0,20.909090909090907
882,Full working Apple iPhone 14 Plus-128 GB -(Unlocked) With Face ID 4323mAh 90%+BH,iPhone 14 Plus,14,False,128.0,128GB,128GB,False,Used,Second-hand,488.64,$400-599,3.8175,,,False,4.0,True,1.0,True,Seller 065,"hongkong, China",INTL,2026-03-20,True,False,False,INTL,Standard,Modern (14+),5,3410.0,31.343283582089555
883,"Excellent condition Apple iPhone 14 - 128GB/256GB-6.1"" Multicolor (Unlocked)",iPhone 14,14,False,128.0,128GB,128GB|256GB,False,Used,Second-hand,426.65,$400-599,3.333203125,,,False,3.0,True,11.0,True,Seller 065,"hongkong, China",INTL,2026-03-20,True,False,False,INTL,Standard,Modern (14+),16,1329.99,21.492537313432834
884,Good Condition Apple iPhone 14 Pro Max - 128GB /256GB/1TB- (Unlocked),iPhone 14 Pro Max,14,True,128.0,128GB,128GB|256GB|1024GB,False,Used,Second-hand,578.47,$400-599,4.519296875,,,False,4.0,True,13.0,True,Seller 065,"hongkong, China",INTL,2026-03-20,True,False,False,INTL,Pro,Modern (14+),17,2750.0,8.085106382978724
885,Optional Colors Apple iPhone 12 Pro Max - 128/256/512GB- Unlocked With face ID,iPhone 12 Pro Max,12,True,512.0,512GB,512GB,False,Used,Second-hand,341.55,$200-399,0.66708984375,,,False,10.0,True,1.0,True,Seller 065,"hongkong, China",INTL,2026-03-20,True,False,False,INTL,Pro,Mid-Gen (12-13),22,4867.01,4.6875
886,95%Ne w Apple iPhone 12 - 64 GB/128GB/256GB 4GB RAM-Multicolor Factory Unlocked,iPhone 12,12,False,64.0,64GB,64GB|128GB|256GB,False,Used,Second-hand,244.21,$200-399,3.81578125,,,False,5.0,True,2.0,True,Seller 065,"HK, China",INTL,2026-03-20,True,False,False,INTL,Standard,Mid-Gen (12-13),21,4428.01,45.073891625615765
887,Apple iPhone 14 Plus - 128GB 256GB 512GB - Unlocked AT&T Verizon T-Mobile,iPhone 14 Plus,14,False,128.0,128GB,128GB|256GB|512GB,False,Used,Second-hand,272.99,$200-399,2.132734375,,,False,8.0,True,0.0,False,Seller 152,"Baltimore, Maryland, United States",MD,2026-03-20,True,False,False,MD,Standard,Modern (14+),2,3410.0,31.343283582089555
888,Apple iPhone 12 Pro Max - 128/256/512GB- Unlocked IOS GOOD CONDITION SMARTOHONE,iPhone 12 Pro Max,12,True,512.0,512GB,512GB,False,Used,Second-hand,334.27,$200-399,0.65287109375,,,False,2.0,True,11.0,True,Seller 065,"hongkong, China",INTL,2026-03-20,True,False,False,INTL,Pro,Mid-Gen (12-13),22,4867.01,4.6875
889,Apple iPhone 12 - 128GB - Fully Unlocked - ALL CARRIERS - VERY GOOD Condition,iPhone 12,12,False,128.0,128GB,128GB,False,Very Good - Refurbished,Refurbished,224.99,$200-399,1.757734375,,,False,10.0,True,14.0,True,Seller 170,"Brooklyn, New York, United States",NY,2026-03-20,True,False,False,NY,Standard,Mid-Gen (12-13),24,4428.01,45.073891625615765
890,APPLE IPHONE 16 - 128GB 256GB 512GB (FACTORY UNLOCKED) ✅APPLE WARRANTY✅ ❖SEALED❖,iPhone 16,16,False,128.0,128GB,128GB|256GB|512GB,False,New,Second-hand,649.95,$600-899,5.077734375,,,False,10.0,True,194.0,True,Seller 146,"Los Angeles, California, United States",CA,2026-03-21,True,False,False,CA,Standard,Modern (14+),14,639.5,7.207207207207207
891,"APPLE IPHONE 13 5G A2482 128/256/512GB 6.1"" FULLY UNLOCKED RE-SEALED BOX A++",iPhone 13,13,False,512.0,512GB,512GB,False,Open Box,Like New,457.99,$400-599,0.89451171875,,,False,1.0,True,0.0,False,Seller 655,"Los Angeles, California, United States",CA,2026-03-21,True,False,False,CA,Standard,Mid-Gen (12-13),22,4935.0,20.909090909090907
892,APPLE IPHONE 17 AIR - 256GB - SKY BLUE (FACTORY UNLOCKED) ❖SEALED❖,iPhone 17,17,False,256.0,256GB,256GB,False,New,Second-hand,984.95,$900-1299,3.8474609375,,,False,6.0,True,10.0,True,Seller 146,"Los Angeles, California, United States",CA,2026-03-21,True,False,False,CA,Standard,Modern (14+),15,1000.99,7.857142857142857
893,APPLE IPHONE 17 AIR - 256GB - CLOUD WHITE (FACTORY UNLOCKED) ❖SEALED❖,iPhone 17,17,False,256.0,256GB,256GB,False,New,Second-hand,982.95,$900-1299,3.8396484375,,,False,8.0,True,4.0,True,Seller 146,"Los Angeles, California, United States",CA,2026-03-21,True,False,False,CA,Standard,Modern (14+),15,1000.99,7.857142857142857
894,Apple iPhone 14 256GB Factory Unlocked A2649 Excellent In-Box All Colors,iPhone 14,14,False,256.0,256GB,256GB,False,Open Box,Like New,379.95,$200-399,1.4841796875,,,False,9.0,True,0.0,False,Seller 180,"Allen, Texas, United States",TX,2026-03-21,True,False,False,TX,Standard,Modern (14+),150,1329.99,21.492537313432834
895,Apple iPhone 17 256gb T-Mobile Blue New in Box,iPhone 17,17,False,256.0,256GB,256GB,False,New,Second-hand,699.0,$600-899,2.73046875,,,False,0.0,False,0.0,False,Seller 168,"Lynnwood, Washington, United States",WA,2026-03-21,True,False,False,WA,Standard,Modern (14+),2,1000.99,7.857142857142857
896,Apple iPhone 14 256GB Factory Unlocked A2649 Open Box All Colors All Networks 5G,iPhone 14,14,False,256.0,256GB,256GB,False,Open Box,Like New,389.95,$200-399,1.5232421875,,,False,0.0,False,2.0,True,Seller 180,"Allen, Texas, United States",TX,2026-03-21,True,False,False,TX,Standard,Modern (14+),150,1329.99,21.492537313432834
897,Apple iPhone 14 128GB Factory Unlocked with MagSafe Wireless Bundle- Open Box,iPhone 14,14,False,128.0,128GB,128GB,False,Open Box,Like New,349.95,$200-399,2.733984375,,,False,3.0,True,0.0,False,Seller 102,"Allen, Texas, United States",TX,2026-03-21,True,False,False,TX,Standard,Modern (14+),150,1329.99,21.492537313432834
898,Apple iPhone 12 Pro Max 5G 6.7in 128GB 256GB OLED 12MP Camera IOS 3687mAh,iPhone 12 Pro Max,12,True,128.0,128GB,128GB|256GB,False,Used,Second-hand,388.0,$200-399,3.03125,,,False,1.0,True,0.0,False,Seller 006,"China, China",INTL,2026-03-21,True,False,False,INTL,Pro,Mid-Gen (12-13),22,4867.01,4.6875
899,Apple iPhone 12 Pro Max 5G 125GB 256GB ROM 6.7in 12MP Camera in good condition,iPhone 12 Pro Max,12,True,256.0,256GB,125GB|256GB,True,Used,Second-hand,385.5,$200-399,1.505859375,,,False,1.0,True,0.0,False,Seller 007,"China, China",INTL,2026-03-21,True,False,False,INTL,Pro,Mid-Gen (12-13),22,4867.01,4.6875
900,APPLE IPHONE 14 PLUS 128GB 256GB (FACTORY UNLOCKED) ✅1 YEAR WARANTY✅⚫⚪🔴✤SEALED✤,iPhone 14 Plus,14,False,128.0,128GB,128GB|256GB,False,New,Second-hand,416.95,$400-599,3.257421875,,,False,10.0,True,434.0,True,Seller 146,"Los Angeles, California, United States",CA,2026-03-21,True,False,False,CA,Standard,Modern (14+),19,3410.0,31.343283582089555
901,APPLE IPHONE 15 - 128GB - BLACK (FACTORY UNLOCKED) ✅ APPLE WARRANTY ✅ ❖SEALED❖,iPhone 15,15,False,128.0,128GB,128GB,False,New,Second-hand,517.95,$400-599,4.046484375,,,False,10.0,True,22.0,True,Seller 146,"Los Angeles, California, United States",CA,2026-03-21,True,False,False,CA,Standard,Modern (14+),10,171.96000000000004,13.636363636363635
902,Apple iPhone 13 128GB Unlocked FACTORY UNLOCKED - EXCELLENT,iPhone 13,13,False,128.0,128GB,128GB,False,Excellent - Refurbished,Refurbished,249.48,$200-399,1.9490625,,,False,0.0,False,121.0,True,Seller 064,"Southfield, Michigan, United States",MI,2026-03-22,True,False,False,MI,Standard,Mid-Gen (12-13),6,4935.0,20.909090909090907
903,Apple iPhone 14 Plus 256GB Unlocked Clean IMEI Good Condition 84% Battery,iPhone 14 Plus,14,False,256.0,256GB,256GB,False,Used,Second-hand,364.0,$200-399,1.421875,,,False,0.0,False,0.0,False,Seller 072,"Lexington, Kentucky, United States",KY,2026-03-22,True,False,False,KY,Standard,Modern (14+),1,3410.0,31.343283582089555
904,"Apple iPhone 13 128GB The battery is great, really good quality.",iPhone 13,13,False,128.0,128GB,128GB,False,Used,Second-hand,259.99,$200-399,2.031171875,,,False,10.0,True,5.0,True,Seller 541,"Brea, California, United States",CA,2026-03-22,True,False,False,CA,Standard,Mid-Gen (12-13),22,4935.0,20.909090909090907
905,"Apple iPhone 12 Pro Max, 128/256/512GB - Unlocked - Used Good (NO FACE ID)",iPhone 12 Pro Max,12,True,512.0,512GB,512GB,False,Used,Second-hand,269.99,$200-399,0.52732421875,,,False,0.0,False,83.0,True,Seller 061,"Brooklyn, New York, United States",NY,2026-03-22,True,False,False,NY,Pro,Mid-Gen (12-13),22,4867.01,4.6875
906,"Apple iPhone 13 Unlocked, 256GB",iPhone 13,13,False,256.0,256GB,256GB,False,Used,Second-hand,300.0,$200-399,1.171875,,,False,0.0,False,0.0,False,Seller 626,"Torrance, California, United States",CA,2026-03-22,True,False,False,CA,Standard,Mid-Gen (12-13),22,4935.0,20.909090909090907
907,Apple iPhone 16 128GB Unlocked Smartphone A3081 Good Condition,iPhone 16,16,False,128.0,128GB,128GB,False,Good - Refurbished,Refurbished,518.0,$400-599,4.046875,,,False,3.0,True,108.0,True,Seller 472,"Bloomington, Indiana, United States",IN,2026-03-22,True,False,False,IN,Standard,Modern (14+),3,639.5,7.207207207207207
908,"Apple iPhone 16 6.1"" Physical SIM A3287 Unlocked 128GB UPS",iPhone 16,16,False,128.0,128GB,128GB,False,Open Box,Like New,800.0,$600-899,6.25,,,False,0.0,False,0.0,False,Seller 484,"West Chester, Pennsylvania, United States",PA,2026-03-22,True,False,False,PA,Standard,Modern (14+),2,639.5,7.207207207207207
909,Apple iPhone 17 Pro Max 2TB Orange Blue White USB-C Bar Style,iPhone 17 Pro Max,17,True,2048.0,2048GB,2048GB,False,New,Second-hand,1274.5,$900-1299,0.622314453125,,,False,0.0,False,0.0,False,Seller 589,"Brownwood, Texas, United States",TX,2026-03-22,True,False,False,TX,Pro,Modern (14+),19,2710.0,8.176100628930817
910,Apple iPhone 13 128GB Unlocked FACTORY UNLOCKED - OPEN BOX,iPhone 13,13,False,128.0,128GB,128GB,False,Open Box,Like New,249.48,$200-399,1.9490625,,,False,5.0,True,93.0,True,Seller 064,"Southfield, Michigan, United States",MI,2026-03-22,True,False,False,MI,Standard,Mid-Gen (12-13),6,4935.0,20.909090909090907
911,Apple iPhone 17 (6.3-in) Smartphone (A3258) Unlocked - 256GB / Mist Blue,iPhone 17,17,False,256.0,256GB,256GB,False,Very Good - Refurbished,Refurbished,849.95,$600-899,3.3201171875,,,False,0.0,False,2.0,True,Seller 150,"Sykesville, Maryland, United States",MD,2026-03-22,True,False,False,MD,Standard,Modern (14+),5,1000.99,7.857142857142857
912,Apple iPhone 16 - 128 GB - Black (Unlocked),iPhone 16,16,False,128.0,128GB,128GB,False,Open Box,Like New,558.0,$400-599,4.359375,,,False,0.0,False,0.0,False,Seller 688,"Staten Island, New York, United States",NY,2026-03-22,True,False,False,NY,Standard,Modern (14+),19,639.5,7.207207207207207
913,Apple iPhone 12 Pro Max 256GB Unlocked Excellent Condition - All Colors,iPhone 12 Pro Max,12,True,256.0,256GB,256GB,False,Excellent - Refurbished,Refurbished,409.99,$400-599,1.6015234375,,,False,0.0,False,77.0,True,Seller 084,"Sanford, Florida, United States",FL,2026-03-23,True,False,False,FL,Pro,Mid-Gen (12-13),21,4867.01,4.6875
914,Apple iPhone 17 A3258 Unlocked 256GB Black Good,iPhone 17,17,False,256.0,256GB,256GB,False,Good - Refurbished,Refurbished,759.98,$600-899,2.968671875,,,False,0.0,False,0.0,False,Seller 208,"Clive, Iowa, United States",IA,2026-03-23,True,False,False,IA,Standard,Modern (14+),7,1000.99,7.857142857142857
915,Apple iPhone 17 - 256gb - Unlocked - New/Sealed - Factory Warranty - All Colors,iPhone 17,17,False,256.0,256GB,256GB,False,New,Second-hand,879.0,$600-899,3.43359375,,,False,9.0,True,39.0,True,Seller 011,"Plaistow, New Hampshire, United States",NH,2026-03-23,True,False,False,NH,Standard,Modern (14+),1,1000.99,7.857142857142857
916,Apple iPhone 13 mini A2481 - 128GB - Unlocked AT&T Verizon T-Mobile Metro,iPhone 13 Mini,13,False,128.0,128GB,128GB,False,Good - Refurbished,Refurbished,213.7,$200-399,1.66953125,224.95,5.0,True,3.0,True,26.0,True,Seller 176,"Spartanburg SC, United States",INTL,2026-03-23,True,False,False,INTL,Standard,Mid-Gen (12-13),26,491.95,6.462585034013606
917,New Apple Iphone 13 Mini 5G Midnight 512GB/4GB Single Sim Unlocked Sim Free IOS,iPhone 13 Mini,13,False,512.0,512GB,512GB,False,New,Second-hand,430.67,$400-599,0.84115234375,,,False,0.0,False,4.0,True,Seller 143,"GB, United Kingdom",INTL,2026-03-23,True,False,False,INTL,Standard,Mid-Gen (12-13),26,491.95,6.462585034013606
918,Apple iPhone 17 Pro Max A3257 256GB Unlocked Excellent Condition,iPhone 17 Pro Max,17,True,256.0,256GB,256GB,False,Open Box,Like New,1249.96,$900-1299,4.88265625,,,False,0.0,False,0.0,False,Seller 487,"Highland, Michigan, United States",MI,2026-03-23,True,False,False,MI,Pro,Modern (14+),4,2710.0,8.176100628930817
919,Apple iPhone 13 Mini A2481 256GB Unlocked Excellent In-Box- 100% Battery Health,iPhone 13 Mini,13,False,256.0,256GB,256GB,False,Open Box,Like New,339.95,$200-399,1.3279296875,,,False,3.0,True,64.0,True,Seller 306,"Allen, Texas, United States",TX,2026-03-23,True,False,False,TX,Standard,Mid-Gen (12-13),12,491.95,6.462585034013606
920,Apple iPhone 17 - 256GB - Black (Unlocked) - Open Box,iPhone 17,17,False,256.0,256GB,256GB,False,Open Box,Like New,769.95,$600-899,3.0076171875,,,False,0.0,False,0.0,False,Seller 166,"Harrisville, Pennsylvania, United States",PA,2026-03-23,True,False,False,PA,Standard,Modern (14+),5,1000.99,7.857142857142857
921,Apple iPhone 17 ProMAX - 256GB - Orange - Unlocked / EXCELLENT / 100% BATTERY,iPhone 17 Pro Max,17,True,256.0,256GB,256GB,False,Excellent - Refurbished,Refurbished,1299.0,$900-1299,5.07421875,,,False,0.0,False,0.0,False,Seller 558,"Lewisville, Texas, United States",TX,2026-03-23,True,False,False,TX,Pro,Modern (14+),19,2710.0,8.176100628930817
922,New Sealed Apple iPhone 17 256GB A3520 Unlocked include Physical SIM and ESIM,iPhone 17,17,False,256.0,256GB,256GB,False,New,Second-hand,1210.72,$900-1299,4.729375,1288.0,6.0,True,2.0,True,14.0,True,Seller 016,"Rowland Heights, California, United States",CA,2026-03-23,True,False,False,CA,Standard,Modern (14+),15,1000.99,7.857142857142857
923,Apple iPhone 14 Pro Max - 128GB Deep Purple (Unlocked) - Good Condition,iPhone 14 Pro Max,14,True,128.0,128GB,128GB,False,Used,Second-hand,459.0,$400-599,3.5859375,,,False,4.0,True,6.0,True,Seller 167,"Pompano Beach, Florida, United States",FL,2026-03-23,True,False,False,FL,Pro,Modern (14+),30,2750.0,8.085106382978724
924,Apple iPhone 13 Mini Fully Unlocked Green 128GB - Very Good,iPhone 13 Mini,13,False,128.0,128GB,128GB,False,Very Good - Refurbished,Refurbished,269.0,$200-399,2.1015625,,,False,2.0,True,0.0,False,Seller 387,"Linden, New Jersey, United States",NJ,2026-03-23,True,False,False,NJ,Standard,Mid-Gen (12-13),151,491.95,6.462585034013606
925,Apple iPhone 17 Pro Max 2TB Silver - NEW SEALED - Unopened Shipping Box 🔥,iPhone 17 Pro Max,17,True,2048.0,2048GB,2048GB,False,New,Second-hand,1899.0,$1300+,0.92724609375,,,False,0.0,False,0.0,False,Seller 610,"Norwalk, Connecticut, United States",CT,2026-03-23,True,False,False,CT,Pro,Modern (14+),1,2710.0,8.176100628930817
926,"NEW Apple iPhone 14 PLUS 6.7"" Factory Unlocked 🔓 100% 🔋 Battery 256GB / 512GB",iPhone 14 Plus,14,False,256.0,256GB,256GB|512GB,False,Open Box,Like New,439.0,$400-599,1.71484375,,,False,4.0,True,421.0,True,Seller 023,"New York, New York, United States",NY,2026-03-23,True,False,False,NY,Standard,Modern (14+),21,3410.0,31.343283582089555
927,Apple iPhone 14 128GB Factory Unlocked AT&T T-Mobile Verizon Fair Condition,iPhone 14,14,False,128.0,128GB,128GB,False,Used,Second-hand,249.95,$200-399,1.952734375,799.0,68.72,True,0.0,False,577.0,True,Seller 165,"Lawrence, Kansas, United States",KS,2026-03-23,True,False,False,KS,Standard,Modern (14+),9,1329.99,21.492537313432834
928,Apple iPhone 17 Model A3520.A19. 512GB- Mist Blue No Tariffs In US,iPhone 17,17,False,512.0,512GB,512GB,False,Open Box,Like New,1229.0,$900-1299,2.400390625,,,False,3.0,True,0.0,False,Seller 001,"Seongnam, South Korea",INTL,2026-03-24,True,False,False,INTL,Standard,Modern (14+),12,1000.99,7.857142857142857
929,Apple iPhone 12 Pro Max - 256 GB - Pacific Blue - Unlocked - Good Refurbished,iPhone 12 Pro Max,12,True,256.0,256GB,256GB,False,Good - Refurbished,Refurbished,304.99,$200-399,1.1913671875,,,False,3.0,True,6.0,True,Seller 545,"Dallas, Texas, United States",TX,2026-03-24,True,False,False,TX,Pro,Mid-Gen (12-13),10,4867.01,4.6875
930,APPLE IPHONE 17 PRO MAX 256GB (FACTORY UNLOCKED)✅PHYSICAL SIM CARD TRAY✅❖SEALED❖,iPhone 17 Pro Max,17,True,256.0,256GB,256GB,False,New,Second-hand,1736.95,$1300+,6.7849609375,,,False,8.0,True,68.0,True,Seller 146,"Los Angeles, California, United States",CA,2026-03-24,True,False,False,CA,Pro,Modern (14+),25,2710.0,8.176100628930817
931,Apple iPhone 17 Pro Max A3526 Unlocked New Sealed Physical SIM Card Tray -FedEX,iPhone 17 Pro Max,17,True,,Tidak Diketahui,,False,New,Second-hand,2124.2,$1300+,,,,False,0.0,False,29.0,True,Seller 144,"Seoul, South Korea",INTL,2026-03-24,True,False,False,INTL,Pro,Modern (14+),11,2710.0,8.176100628930817
932,Apple iPhone 17 Model A3520.A19. 256GB/512GB- 5 colors No Tariffs In US,iPhone 17,17,False,256.0,256GB,256GB|512GB,False,New,Second-hand,1114.84,$900-1299,4.35484375,,,False,3.0,True,4.0,True,Seller 001,"Seongnam, South Korea",INTL,2026-03-24,True,False,False,INTL,Standard,Modern (14+),12,1000.99,7.857142857142857
933,Apple iPhone 14 Plus White MQ3T3LL/A 128GB Bluetooth Wi-Fi iOS Mint Condition,iPhone 14 Plus,14,False,128.0,128GB,128GB,False,Used,Second-hand,320.0,$200-399,2.5,,,False,0.0,False,0.0,False,Seller 699,"Glendale, California, United States",CA,2026-03-24,True,False,False,CA,Standard,Modern (14+),19,3410.0,31.343283582089555
934,Apple iPhone 16 - T-Mobile - 128GB - 95%+ Battery - Pink - Excellent,iPhone 16,16,False,128.0,128GB,128GB,False,Excellent - Refurbished,Refurbished,487.99,$400-599,3.812421875,799.99,39.0,True,10.0,True,0.0,False,Seller 098,"Lutherville-Timonium, Maryland, United States",MD,2026-03-24,True,False,False,MD,Standard,Modern (14+),6,639.5,7.207207207207207
935,Apple iPhone 14 Plus 128GB Black Factory Unlocked Dual SIM Model MQ3R3LL/A,iPhone 14 Plus,14,False,128.0,128GB,128GB,False,Used,Second-hand,299.0,$200-399,2.3359375,,,False,0.0,False,0.0,False,Seller 686,"Califon, New Jersey, United States",NJ,2026-03-24,True,False,False,NJ,Standard,Modern (14+),4,3410.0,31.343283582089555
936,APPLE IPHONE 17 256GB (FACTORY UNLOCKED) ✅DUAL PHYSICAL SIM CARD✅ A3521 ❖SEALED❖,iPhone 17,17,False,256.0,256GB,256GB,False,New,Second-hand,989.95,$900-1299,3.8669921875,,,False,10.0,True,40.0,True,Seller 146,"Los Angeles, California, United States",CA,2026-03-24,True,False,False,CA,Standard,Modern (14+),15,1000.99,7.857142857142857
937,APPLE IPHONE 17 PRO MAX 256GB DEEP BLUE (UNLOCKED) ✅PHYSICAL SIM CARD ✅❖SEALED❖,iPhone 17 Pro Max,17,True,256.0,256GB,256GB,False,New,Second-hand,1738.95,$1300+,6.7927734375,,,False,2.0,True,6.0,True,Seller 146,"Los Angeles, California, United States",CA,2026-03-24,True,False,False,CA,Pro,Modern (14+),25,2710.0,8.176100628930817
938,Apple iPhone 12 Pro Max 128GB Unlocked Silver/White Good Condition,iPhone 12 Pro Max,12,True,128.0,128GB,128GB,False,Used,Second-hand,280.0,$200-399,2.1875,,,False,0.0,False,0.0,False,Seller 189,"Bristol, Virginia, United States",VA,2026-03-24,True,False,False,VA,Pro,Mid-Gen (12-13),3,4867.01,4.6875
939,"Apple iPhone 13 Mini Unlocked White/Starlight, 128GB",iPhone 13 Mini,13,False,128.0,128GB,128GB,False,Used,Second-hand,380.0,$200-399,2.96875,,,False,0.0,False,0.0,False,Seller 270,"Clinton Township, Michigan, United States",MI,2026-03-24,True,False,False,MI,Standard,Mid-Gen (12-13),1,491.95,6.462585034013606
940,APPLE IPHONE 17 256GB (UNLOCKED) WHITE ✅DUAL PHYSICAL SIM TRAY✅ A3521 ❖SEALED❖,iPhone 17,17,False,256.0,256GB,256GB,False,New,Second-hand,984.95,$900-1299,3.8474609375,,,False,10.0,True,13.0,True,Seller 146,"Los Angeles, California, United States",CA,2026-03-24,True,False,False,CA,Standard,Modern (14+),15,1000.99,7.857142857142857
941,"Apple iPhone 14, 128GB, Unlocked - Midnight -original Used Excellent",iPhone 14,14,False,128.0,128GB,128GB,False,Used,Second-hand,389.99,$200-399,3.046796875,,,False,10.0,True,6.0,True,Seller 140,"Ontario, California, United States",CA,2026-03-24,True,False,False,CA,Standard,Modern (14+),40,1329.99,21.492537313432834
942,Apple iPhone 12 Black 128GB Unlocked - Cracked Screen - Restore Mode!,iPhone 12,12,False,128.0,128GB,128GB,False,For Parts Or Not Working,Damaged,71.99,<$200,0.562421875,,,False,0.0,False,0.0,False,Seller 084,"Sanford, Florida, United States",FL,2026-03-24,True,False,False,FL,Standard,Mid-Gen (12-13),18,4428.01,45.073891625615765
943,NEW SEALED BOX Factory Unlocked Apple iPhone 17 256GB Black MG464LL/A,iPhone 17,17,False,256.0,256GB,256GB,False,New,Second-hand,829.95,$600-899,3.2419921875,,,False,3.0,True,1.0,True,Seller 199,"Greenlawn, New York, United States",NY,2026-03-24,True,False,False,NY,Standard,Modern (14+),20,1000.99,7.857142857142857
944,Apple iPhone 17 256GB White Unlocked - NEW & SEALED,iPhone 17,17,False,256.0,256GB,256GB,False,New,Second-hand,1039.99,$900-1299,4.0624609375,,,False,0.0,False,0.0,False,Seller 084,"Sanford, FL, United States",FL,2026-03-24,True,False,False,FL,Standard,Modern (14+),10,1000.99,7.857142857142857
945,New Sealed Box Factory Unlocked Apple iPhone 16 128GB Pink,iPhone 16,16,False,128.0,128GB,128GB,False,New,Second-hand,628.0,$600-899,4.90625,,,False,2.0,True,2.0,True,Seller 199,"Greenlawn, New York, United States",NY,2026-03-24,True,False,False,NY,Standard,Modern (14+),19,639.5,7.207207207207207
946,"APPLE IPHONE 14 PRO MAX 512GB UNLOCKED ""READ DESCRIPTION""",iPhone 14 Pro Max,14,True,512.0,512GB,512GB,False,For Parts Or Not Working,Damaged,250.0,$200-399,0.48828125,,,False,0.0,False,0.0,False,Seller 405,"Barrie, Ontario, Canada",INTL,2026-03-24,True,False,False,INTL,Pro,Modern (14+),17,2750.0,8.085106382978724
947,Apple iPhone 12 Black parts only read description,iPhone 12,12,False,,Tidak Diketahui,,False,For Parts Or Not Working,Damaged,75.0,<$200,,,,False,0.0,False,0.0,False,Seller 307,"Plano, Texas, United States",TX,2026-03-24,True,False,False,TX,Standard,Mid-Gen (12-13),284,4428.01,45.073891625615765
948,Apple iPhone 16 - 256 GB - Black (Unlocked),iPhone 16,16,False,256.0,256GB,256GB,False,Open Box,Like New,550.0,$400-599,2.1484375,,,False,0.0,False,0.0,False,Seller 664,"Richmond, Virginia, United States",VA,2026-03-25,True,False,False,VA,Standard,Modern (14+),3,639.5,7.207207207207207
949,New Apple iPhone 17 256GB Black Unlocked Apple Warranty *Never Used*,iPhone 17,17,False,256.0,256GB,256GB,False,Open Box,Like New,784.99,$600-899,3.0663671875,,,False,4.0,True,2.0,True,Seller 348,"Oakland Gardens, New York, United States",NY,2026-03-25,True,False,False,NY,Standard,Modern (14+),20,1000.99,7.857142857142857
950,apple iPhone 14+ Plus Verizon AT&T T-Mobile GSM Factory Unlocked Phone 5G prt,iPhone 14,14,False,,Tidak Diketahui,,False,For Parts Or Not Working,Damaged,209.99,$200-399,,,,False,0.0,False,8.0,True,Seller 045,"Harriman, New York, United States",NY,2026-03-25,True,False,False,NY,Standard,Modern (14+),29,1329.99,21.492537313432834
951,Apple iPhone 16 128GB Black Unlocked - NEW & SEALED,iPhone 16,16,False,128.0,128GB,128GB,False,New,Second-hand,649.99,$600-899,5.078046875,,,False,4.0,True,34.0,True,Seller 084,"Sanford, FL, United States",FL,2026-03-25,True,False,False,FL,Standard,Modern (14+),25,639.5,7.207207207207207
952,Apple iPhone 14 | 14 Plus 128GB | 256GB | 512GB - Unlocked AT&T Verizon T-Mobile,iPhone 14,14,False,128.0,128GB,128GB|256GB|512GB,False,Open Box,Like New,280.2,$200-399,2.1890625,294.95,5.0,True,0.0,False,50.0,True,Seller 176,"Spartanburg SC, United States",INTL,2026-03-25,True,False,False,INTL,Standard,Modern (14+),16,1329.99,21.492537313432834
953,Apple iPhone 12 Pro Max- 256GB - Gold (Unlocked) (CDMA + GSM) A2342,iPhone 12 Pro Max,12,True,256.0,256GB,256GB,False,Used,Second-hand,520.0,$400-599,2.03125,,,False,0.0,False,0.0,False,Seller 657,"Brooklyn, New York, United States",NY,2026-03-25,True,False,False,NY,Pro,Mid-Gen (12-13),22,4867.01,4.6875
954,🔥NEW Apple iPhone 17 Pro Max UNLOCKED 256GB Cosmic Orange ✅UNOPENED ✅ 🌎,iPhone 17 Pro Max,17,True,256.0,256GB,256GB,False,New,Second-hand,1609.99,$1300+,6.2890234375,,,False,0.0,False,0.0,False,Seller 095,"Rose Hill, Kansas, United States",KS,2026-03-25,True,False,False,KS,Pro,Modern (14+),2,2710.0,8.176100628930817
955,Apple iPhone 15 Fully Unlocked Blue 128GB,iPhone 15,15,False,128.0,128GB,128GB,False,Very Good - Refurbished,Refurbished,363.99,$200-399,2.843671875,,,False,0.0,False,0.0,False,Seller 191,"New Brunswick, New Jersey, United States",NJ,2026-03-25,True,False,False,NJ,Standard,Modern (14+),3,171.96000000000004,13.636363636363635
956,New Sealed Apple iPhone 17 Pro Max 256GB Blue Unlocked Worldwide *Sealed*,iPhone 17 Pro Max,17,True,256.0,256GB,256GB,False,New,Second-hand,1399.99,$1300+,5.4687109375,,,False,2.0,True,0.0,False,Seller 348,"Oakland Gardens, New York, United States",NY,2026-03-25,True,False,False,NY,Pro,Modern (14+),14,2710.0,8.176100628930817
957,New Sealed Apple iPhone 17 256GB Black Unlocked 1-Year Apple Warranty *Sealed*,iPhone 17,17,False,256.0,256GB,256GB,False,New,Second-hand,848.99,$600-899,3.3163671875,,,False,0.0,False,1.0,True,Seller 348,"Oakland Gardens, New York, United States",NY,2026-03-25,True,False,False,NY,Standard,Modern (14+),20,1000.99,7.857142857142857
958,New Apple iPhone 17 e 256GB White 256gb Factory Unlocked Warranty Fast Shipping,iPhone 17,17,False,256.0,256GB,256GB,False,New,Second-hand,795.0,$600-899,3.10546875,,,False,0.0,False,0.0,False,Seller 582,"Brooklyn, New York, United States",NY,2026-03-25,True,False,False,NY,Standard,Modern (14+),20,1000.99,7.857142857142857
959,Apple iPhone 14 - 128GB - Midnight - Fully Unlocked (Heavy Scratches),iPhone 14,14,False,128.0,128GB,128GB,False,Used,Second-hand,219.99,$200-399,1.718671875,,,False,10.0,True,2.0,True,Seller 209,"Brooklyn, New York, United States",NY,2026-03-25,True,False,False,NY,Standard,Modern (14+),29,1329.99,21.492537313432834
960,New Apple iPhone 17 Pro Max 256GB Silver Unlocked Direct From Apple *Sealed*,iPhone 17 Pro Max,17,True,256.0,256GB,256GB,False,New,Second-hand,1439.99,$1300+,5.6249609375,,,False,2.0,True,2.0,True,Seller 348,"Oakland Gardens, New York, United States",NY,2026-03-25,True,False,False,NY,Pro,Modern (14+),14,2710.0,8.176100628930817
961,TOTALMENTE NUEVO en CAJA Apple iPhone 15 5G 128 GB Negro (Desbloqueado) SELLADO-,iPhone 15,15,False,128.0,128GB,128GB,False,New,Second-hand,519.55,$400-599,4.058984375,,,False,0.0,False,0.0,False,Seller 432,"Burbank, CA, Estados Unidos",INTL,2026-03-25,True,False,False,INTL,Standard,Modern (14+),1,171.96000000000004,13.636363636363635
962,Apple iPhone 13 - 128GB (FACTORY UNLOCKED) ✅ 1 YEAR WARRANTY ✅ BLUE ❖SEALED❖,iPhone 13,13,False,128.0,128GB,128GB,False,New,Second-hand,366.95,$200-399,2.866796875,,,False,10.0,True,42.0,True,Seller 146,"Los Angeles, California, United States",CA,2026-03-25,True,False,False,CA,Standard,Mid-Gen (12-13),22,4935.0,20.909090909090907
963,"apple iPhone 14 Pro MAX 6.7"" Verizon AT&T T-Mobile GSM Unlocked Phone 5G parts",iPhone 14 Pro Max,14,True,,Tidak Diketahui,,False,For Parts Or Not Working,Damaged,319.99,$200-399,,,,False,0.0,False,71.0,True,Seller 045,"Harriman, New York, United States",NY,2026-03-25,True,False,False,NY,Pro,Modern (14+),31,2750.0,8.085106382978724
964,Apple iPhone 14 | 14 Plus 128GB | 256GB | 512GB - Unlocked AT&T Verizon T-Mobile,iPhone 14,14,False,128.0,128GB,128GB|256GB|512GB,False,Open Box,Like New,289.7,$200-399,2.26328125,304.95,5.0,True,0.0,False,25.0,True,Seller 083,"Spartanburg SC, United States",INTL,2026-03-25,True,False,False,INTL,Standard,Modern (14+),16,1329.99,21.492537313432834
965,Apple iPhone 14 | 14 Plus - 128GB 256GB 512GB - Unlocked Verizon T-Mobile AT&T,iPhone 14,14,False,128.0,128GB,128GB|256GB|512GB,False,Good - Refurbished,Refurbished,289.7,$200-399,2.26328125,304.95,5.0,True,0.0,False,38.0,True,Seller 176,"Spartanburg SC, United States",INTL,2026-03-25,True,False,False,INTL,Standard,Modern (14+),16,1329.99,21.492537313432834
966,"Apple iPhone 14 Pro MAX 6.7"" Verizon AT&T T-Mobile GSM Factory Unlocked Phone 5G",iPhone 14 Pro Max,14,True,,Tidak Diketahui,,False,Used,Second-hand,459.95,$400-599,,,,False,15.0,True,62.0,True,Seller 045,"Harriman, New York, United States",NY,2026-03-25,True,False,False,NY,Pro,Modern (14+),31,2750.0,8.085106382978724
967,Apple iPhone 13 - 128GB (FACTORY UNLOCKED) ✅ 1 YEAR WARRANTY ✅ MIDNIGHT ❖SEALED❖,iPhone 13,13,False,128.0,128GB,128GB,False,New,Second-hand,366.95,$200-399,2.866796875,,,False,10.0,True,90.0,True,Seller 146,"Los Angeles, California, United States",CA,2026-03-25,True,False,False,CA,Standard,Mid-Gen (12-13),22,4935.0,20.909090909090907
968,APPLE IPHONE 15 - 128GB 256GB 512GB (FACTORY UNLOCKED) 🔋 100% BATTERY 🔋 ❖O/B❖,iPhone 15,15,False,128.0,128GB,128GB|256GB|512GB,False,Open Box,Like New,464.95,$400-599,3.632421875,,,False,2.0,True,83.0,True,Seller 146,"Los Angeles, California, United States",CA,2026-03-25,True,False,False,CA,Standard,Modern (14+),10,171.96000000000004,13.636363636363635
969,New Sealed Apple iPhone 17 Pro Max 6.9-inch A3257 USA eSIM Only Mfr. Unlocked,iPhone 17 Pro Max,17,True,,Tidak Diketahui,,False,New,Second-hand,1396.5,$1300+,,1470.0,5.0,True,0.0,False,7.0,True,Seller 016,"Rowland Heights, California, United States",CA,2026-03-25,True,False,False,CA,Pro,Modern (14+),25,2710.0,8.176100628930817
970,"Apple iPhone 17 Pro Max 6.9"" with Physical Sim A3526 256GB Silver Color Unlocked",iPhone 17 Pro Max,17,True,256.0,256GB,256GB,False,New,Second-hand,1868.72,$1300+,7.2996875,1988.0,6.0,True,2.0,True,4.0,True,Seller 016,"Rowland Heights, California, United States",CA,2026-03-25,True,False,False,CA,Pro,Modern (14+),25,2710.0,8.176100628930817
971,Apple iPhone 12 - 128GB BLACK (FACTORY UNLOCKED) 🔋 100% BATTERY🔋 ✤SEALED✤,iPhone 12,12,False,128.0,128GB,128GB,False,New,Second-hand,329.99,$200-399,2.578046875,,,False,10.0,True,3.0,True,Seller 146,"Los Angeles, California, United States",CA,2026-03-25,True,False,False,CA,Standard,Mid-Gen (12-13),23,4428.01,45.073891625615765
972,Apple iPhone 12 - 128GB GREEN (FACTORY UNLOCKED) 🔋 100% BATTERY🔋 ✤SEALED✤,iPhone 12,12,False,128.0,128GB,128GB,False,New,Second-hand,319.95,$200-399,2.499609375,,,False,3.0,True,2.0,True,Seller 146,"Los Angeles, California, United States",CA,2026-03-25,True,False,False,CA,Standard,Mid-Gen (12-13),23,4428.01,45.073891625615765
973,iPhone 17 Air Apple - 256GB Light Gold (Unlocked),iPhone 17,17,False,256.0,256GB,256GB,False,Open Box,Like New,848.0,$600-899,3.3125,,,False,3.0,True,0.0,False,Seller 643,"Saratoga Springs, Utah, United States",UT,2026-03-25,True,False,False,UT,Standard,Modern (14+),7,1000.99,7.857142857142857
974,iPhone 17 Air Apple - 256GB Black (Unlocked),iPhone 17,17,False,256.0,256GB,256GB,False,Open Box,Like New,848.0,$600-899,3.3125,,,False,0.0,False,1.0,True,Seller 643,"Saratoga Springs, Utah, United States",UT,2026-03-25,True,False,False,UT,Standard,Modern (14+),7,1000.99,7.857142857142857
975,iPhone 17 Air Apple - 256GB sky Blue (Unlocked),iPhone 17,17,False,256.0,256GB,256GB,False,Open Box,Like New,848.0,$600-899,3.3125,,,False,0.0,False,1.0,True,Seller 643,"Saratoga Springs, Utah, United States",UT,2026-03-25,True,False,False,UT,Standard,Modern (14+),7,1000.99,7.857142857142857
976,Apple iPhone 17 - 256 GB - Black (Unlocked ),iPhone 17,17,False,256.0,256GB,256GB,False,Open Box,Like New,777.0,$600-899,3.03515625,,,False,0.0,False,0.0,False,Seller 643,"Saratoga Springs, Utah, United States",UT,2026-03-25,True,False,False,UT,Standard,Modern (14+),7,1000.99,7.857142857142857
977,Apple iPhone 17 - 256 GB - White (Unlocked ),iPhone 17,17,False,256.0,256GB,256GB,False,Open Box,Like New,777.0,$600-899,3.03515625,,,False,2.0,True,0.0,False,Seller 643,"Saratoga Springs, Utah, United States",UT,2026-03-25,True,False,False,UT,Standard,Modern (14+),7,1000.99,7.857142857142857
978,Apple iPhone 17 Pro Max 512GB Cosmic Orange Unlocked - NEW & SEALED,iPhone 17 Pro Max,17,True,512.0,512GB,512GB,False,New,Second-hand,1699.99,$1300+,3.32029296875,,,False,0.0,False,3.0,True,Seller 084,"Sanford, FL, United States",FL,2026-03-25,True,False,False,FL,Pro,Modern (14+),19,2710.0,8.176100628930817
979,Apple iPhone 13 Mini 128GB Unlocked Midnight - Open Box Condition - Battery 100%,iPhone 13 Mini,13,False,128.0,128GB,128GB,False,Open Box,Like New,339.95,$200-399,2.655859375,,,False,7.0,True,1.0,True,Seller 116,"Land O' Lakes, Florida, United States",FL,2026-03-25,True,False,False,FL,Standard,Mid-Gen (12-13),9,491.95,6.462585034013606
980,Apple iPhone 17 Pro Max | US Version | 256GB | eSIM | Cosmic Orange | Unlocked,iPhone 17 Pro Max,17,True,256.0,256GB,256GB,False,New,Second-hand,1499.0,$1300+,5.85546875,1599.0,6.25,True,11.0,True,19.0,True,Seller 067,"North Brunswick, New Jersey, United States",NJ,2026-03-25,True,False,False,NJ,Pro,Modern (14+),6,2710.0,8.176100628930817
981,"iPhone 14 pro max Factory unlocked 1TB Deep Purple COLOR, PERFECT CONDITION",iPhone 14 Pro Max,14,True,1024.0,1024GB,1024GB,False,Used,Second-hand,749.99,$600-899,0.732412109375,,,False,0.0,False,0.0,False,Seller 629,"Fort Lauderdale, Florida, United States",FL,2026-03-25,True,False,False,FL,Pro,Modern (14+),30,2750.0,8.085106382978724
982,Apple iPhone 12 64GB 128GB 256GB Unlocked Smartphone,iPhone 12,12,False,64.0,64GB,64GB|128GB|256GB,False,New,Second-hand,500.0,$400-599,7.8125,,,False,0.0,False,0.0,False,Seller 612,"West Orange, New Jersey, United States",NJ,2026-03-25,True,False,False,NJ,Standard,Mid-Gen (12-13),5,4428.01,45.073891625615765
983,Apple iPhone 17 Pro Max A3257 256GB | Cosmic Orange | UNLOCKED,iPhone 17 Pro Max,17,True,256.0,256GB,256GB,False,New,Second-hand,1449.98,$1300+,5.663984375,,,False,0.0,False,0.0,False,Seller 138,"American Fork, Utah, United States",UT,2026-03-25,True,False,False,UT,Pro,Modern (14+),2,2710.0,8.176100628930817
984,Apple iPhone 17 Pro Max 256GB Silver Unlocked - NEW & SEALED,iPhone 17 Pro Max,17,True,256.0,256GB,256GB,False,New,Second-hand,1449.99,$1300+,5.6640234375,,,False,6.0,True,3.0,True,Seller 084,"Sanford, FL, United States",FL,2026-03-25,True,False,False,FL,Pro,Modern (14+),19,2710.0,8.176100628930817
985,Apple iPhone 14 128GB Midnight – Factory Unlocked – 84% Battery,iPhone 14,14,False,128.0,128GB,128GB,False,Open Box,Like New,289.99,$200-399,2.265546875,,,False,0.0,False,0.0,False,Seller 040,"Santa Teresa, New Mexico, United States",NM,2026-03-25,True,False,False,NM,Standard,Modern (14+),1,1329.99,21.492537313432834
986,Apple iPhone 15 A2846 Fully Unlocked 128GB Black (Excellent),iPhone 15,15,False,128.0,128GB,128GB,False,Excellent - Refurbished,Refurbished,411.29,$400-599,3.213203125,,,False,0.0,False,51.0,True,Seller 203,"Los Angeles, California, United States",CA,2026-03-25,True,False,False,CA,Standard,Modern (14+),10,171.96000000000004,13.636363636363635
987,"Apple iPhone 17 Pro Max 6.9"" Physical SIM + eSIM A3526 Unlocked Free UPS",iPhone 17 Pro Max,17,True,,Tidak Diketahui,,False,New,Second-hand,1738.0,$1300+,,,,False,0.0,False,9.0,True,Seller 153,"Hong Kong, Hong Kong",INTL,2026-03-25,True,False,False,INTL,Pro,Modern (14+),11,2710.0,8.176100628930817
988,Apple iPhone 12 64GB 128GB 256GB - Unlocked - All Colors - GOOD CONDITION,iPhone 12,12,False,64.0,64GB,64GB|128GB|256GB,False,Good - Refurbished,Refurbished,135.99,<$200,2.12484375,,,False,2.0,True,481.0,True,Seller 109,"Bolton, United Kingdom",INTL,2026-03-25,True,False,False,INTL,Standard,Mid-Gen (12-13),21,4428.01,45.073891625615765
989,Apple iPhone 12 - 64GB - Black Unlocked (CDMA + GSM) A2172 READ,iPhone 12,12,False,64.0,64GB,64GB,False,Used,Second-hand,160.0,<$200,2.5,,,False,0.0,False,0.0,False,Seller 415,"New York, New York, United States",NY,2026-03-25,True,False,False,NY,Standard,Mid-Gen (12-13),24,4428.01,45.073891625615765
990,Apple iPhone 12 Pro Max 5G 128GB Unlocked Blue EXCELLENT,iPhone 12 Pro Max,12,True,128.0,128GB,128GB,False,Open Box,Like New,225.0,$200-399,1.7578125,,,False,0.0,False,0.0,False,Seller 230,"North Miami Beach, Florida, United States",FL,2026-03-25,True,False,False,FL,Pro,Mid-Gen (12-13),21,4867.01,4.6875
991,Apple iPhone 17 Pro Max 1TB Deep Blue Unlocked - NEW & SEALED,iPhone 17 Pro Max,17,True,1024.0,1024GB,1024GB,False,New,Second-hand,2129.99,$1300+,2.080068359375,,,False,0.0,False,1.0,True,Seller 084,"Sanford, FL, United States",FL,2026-03-25,True,False,False,FL,Pro,Modern (14+),19,2710.0,8.176100628930817
992,"Apple iPhone 17 Pro Max 6.9"" Physical SIM + eSIM A3526 Unlocked FedEx/UPS",iPhone 17 Pro Max,17,True,,Tidak Diketahui,,False,New,Second-hand,1738.0,$1300+,,,,False,0.0,False,1.0,True,Seller 153,"Hong Kong, Hong Kong",INTL,2026-03-25,True,False,False,INTL,Pro,Modern (14+),11,2710.0,8.176100628930817
993,Apple iPhone 13 5G A2482 128GB Fully Unlocked Clean IMEI BH= 95%,iPhone 13,13,False,128.0,128GB,128GB,False,Used,Second-hand,239.99,$200-399,1.874921875,,,False,0.0,False,0.0,False,Seller 188,"Shawnee, Kansas, United States",KS,2026-03-25,True,False,False,KS,Standard,Mid-Gen (12-13),5,4935.0,20.909090909090907
994,Apple iPhone 14 | 14 Plus - 128GB 256GB 512GB - Unlocked Verizon T-Mobile AT&T,iPhone 14,14,False,128.0,128GB,128GB|256GB|512GB,False,Used,Second-hand,242.2,$200-399,1.8921875,254.95,5.0,True,0.0,False,18.0,True,Seller 176,"Spartanburg SC, United States",INTL,2026-03-25,True,False,False,INTL,Standard,Modern (14+),16,1329.99,21.492537313432834
995,Apple iPhone 17 A3258 256GB | MG464LL/A | Black | UNLOCKED,iPhone 17,17,False,256.0,256GB,256GB,False,New,Second-hand,899.95,$600-899,3.5154296875,,,False,2.0,True,1.0,True,Seller 138,"American Fork, Utah, United States",UT,2026-03-25,True,False,False,UT,Standard,Modern (14+),7,1000.99,7.857142857142857
996,open box Apple iPhone 17 pro max 512GB Unlocked Deep Blue,iPhone 17 Pro Max,17,True,512.0,512GB,512GB,False,Open Box,Like New,1441.99,$1300+,2.81638671875,,,False,1.0,True,0.0,False,Seller 019,"Granada Hills, California, United States",CA,2026-03-25,True,False,False,CA,Pro,Modern (14+),25,2710.0,8.176100628930817
997,Apple iPhone 12 Pro Max A2342 256GB Pacific Blue Unlocked Fair,iPhone 12 Pro Max,12,True,256.0,256GB,256GB,False,Used,Second-hand,250.99,$200-399,0.9804296875,361.7,30.61,True,0.0,False,2.0,True,Seller 047,"Addison, Texas, United States",TX,2026-03-25,True,False,False,TX,Pro,Mid-Gen (12-13),10,4867.01,4.6875
998,Apple iPhone 12 - 128GB - Green (Unlocked) A2172 (CDMA + GSM),iPhone 12,12,False,128.0,128GB,128GB,False,Used,Second-hand,280.0,$200-399,2.1875,,,False,0.0,False,0.0,False,Seller 657,"Brooklyn, New York, United States",NY,2026-03-25,True,False,False,NY,Standard,Mid-Gen (12-13),24,4428.01,45.073891625615765
999,"Apple iPhone 12 Pro Max, 512GB - Unlocked - Used READ DESCRIPTION",iPhone 12 Pro Max,12,True,512.0,512GB,512GB,False,For Parts Or Not Working,Damaged,268.0,$200-399,0.5234375,,,False,0.0,False,0.0,False,Seller 643,"Saratoga Springs, Utah, United States",UT,2026-03-25,True,False,False,UT,Pro,Mid-Gen (12-13),1,4867.01,4.6875
1000,iPhone 17 Air Apple - 256GB Cloud White (Unlocked),iPhone 17,17,False,256.0,256GB,256GB,False,Open Box,Like New,848.0,$600-899,3.3125,,,False,0.0,False,0.0,False,Seller 643,"Saratoga Springs, Utah, United States",UT,2026-03-25,True,False,False,UT,Standard,Modern (14+),7,1000.99,7.857142857142857
1001,iphone 13 128gb black unlocked,iPhone 13,13,False,128.0,128GB,128GB,False,Used,Second-hand,228.0,$200-399,1.78125,,,False,0.0,False,0.0,False,Seller 643,"Saratoga Springs, Utah, United States",UT,2026-03-25,True,False,False,UT,Standard,Mid-Gen (12-13),1,4935.0,20.909090909090907
1002,Apple iPhone 12 - 128GB BLUE (FACTORY UNLOCKED) 🔋 100% BATTERY🔋 ✤SEALED✤,iPhone 12,12,False,128.0,128GB,128GB,False,New,Second-hand,329.99,$200-399,2.578046875,,,False,10.0,True,1.0,True,Seller 146,"Los Angeles, California, United States",CA,2026-03-25,True,False,False,CA,Standard,Mid-Gen (12-13),23,4428.01,45.073891625615765
1003,Apple iPhone 12 - 128GB WHITE (FACTORY UNLOCKED) 🔋 100% BATTERY🔋 ✤SEALED✤,iPhone 12,12,False,128.0,128GB,128GB,False,New,Second-hand,334.99,$200-399,2.617109375,,,False,2.0,True,0.0,False,Seller 146,"Los Angeles, California, United States",CA,2026-03-25,True,False,False,CA,Standard,Mid-Gen (12-13),23,4428.01,45.073891625615765
1004,Apple iPhone 14 | 14 Plus - 128GB | 256GB | 512GB Unlocked T-Mobile AT&T - Good,iPhone 14,14,False,128.0,128GB,128GB|256GB|512GB,False,Good - Refurbished,Refurbished,289.7,$200-399,2.26328125,304.95,5.0,True,0.0,False,16.0,True,Seller 190,"Spartanburg, South Carolina, United States",SC,2026-03-25,True,False,False,SC,Standard,Modern (14+),3,1329.99,21.492537313432834
1005,Apple iPhone 14 Plus (Product) Red 128GB - Unlocked - Very Good Condition,iPhone 14 Plus,14,False,128.0,128GB,128GB,False,Used,Second-hand,309.0,$200-399,2.4140625,,,False,2.0,True,17.0,True,Seller 167,"Pompano Beach, Florida, United States",FL,2026-03-25,True,False,False,FL,Standard,Modern (14+),16,3410.0,31.343283582089555
1006,Apple iPhone 14 - 128 GB - Blue - Fully Unlocked 5G Smartphone (Heavy Scratches),iPhone 14,14,False,128.0,128GB,128GB,False,Used,Second-hand,234.99,$200-399,1.835859375,,,False,5.0,True,2.0,True,Seller 209,"Brooklyn, New York, United States",NY,2026-03-25,True,False,False,NY,Standard,Modern (14+),29,1329.99,21.492537313432834
1007,Apple iPhone 13 Mini - 128GB - Midnight Factory Unlocked - Very Good Condition,iPhone 13 Mini,13,False,128.0,128GB,128GB,False,Used,Second-hand,209.0,$200-399,1.6328125,,,False,9.0,True,33.0,True,Seller 167,"Pompano Beach, Florida, United States",FL,2026-03-25,True,False,False,FL,Standard,Mid-Gen (12-13),9,491.95,6.462585034013606
1008,Apple iPhone 14 Pro Max - 128GB Deep Purple (Unlocked) - Very Good Condition,iPhone 14 Pro Max,14,True,128.0,128GB,128GB,False,Used,Second-hand,459.95,$400-599,3.593359375,,,False,10.0,True,3.0,True,Seller 167,"Pompano Beach, Florida, United States",FL,2026-03-25,True,False,False,FL,Pro,Modern (14+),30,2750.0,8.085106382978724
1009,iPhone 17 256GB Verizon Only Clean IMEI - Brand New Sealed In Box + Warranty,iPhone 17,17,False,256.0,256GB,256GB,False,New,Second-hand,739.0,$600-899,2.88671875,,,False,4.0,True,0.0,False,Seller 479,"Mason, Ohio, United States",OH,2026-03-25,True,False,False,OH,Standard,Modern (14+),7,1000.99,7.857142857142857
1010,Apple iPhone 12 Pro Max- 128GB - Graphite (Unlocked) A2342 (CDMA + GSM),iPhone 12 Pro Max,12,True,128.0,128GB,128GB,False,Used,Second-hand,480.0,$400-599,3.75,,,False,0.0,False,0.0,False,Seller 657,"Brooklyn, New York, United States",NY,2026-03-25,True,False,False,NY,Pro,Mid-Gen (12-13),22,4867.01,4.6875
1011,Apple iPhone 16 A3081 Unlocked 256GB Pink Good,iPhone 16,16,False,256.0,256GB,256GB,False,Good - Refurbished,Refurbished,570.01,$400-599,2.2266015625,,,False,0.0,False,1.0,True,Seller 208,"Clive, Iowa, United States",IA,2026-03-25,True,False,False,IA,Standard,Modern (14+),2,639.5,7.207207207207207
1012,Apple iPhone 14 Unlocked (See pic) White/Starlight 128GB,iPhone 14,14,False,128.0,128GB,128GB,False,Used,Second-hand,280.0,$200-399,2.1875,,,False,0.0,False,0.0,False,Seller 459,"Perkinston, Mississippi, United States",MS,2026-03-25,True,False,False,MS,Standard,Modern (14+),1,1329.99,21.492537313432834
1013,Apple iPhone 13 Mini 128GB Blue - Factory Unlocked - Good Condition,iPhone 13 Mini,13,False,128.0,128GB,128GB,False,Used,Second-hand,219.94,$200-399,1.71828125,,,False,4.0,True,85.0,True,Seller 167,"Pompano Beach, Florida, United States",FL,2026-03-25,True,False,False,FL,Standard,Mid-Gen (12-13),9,491.95,6.462585034013606
1014,Apple iPhone 13 Mini - 128GB - Pink (Factory Unlocked) - Good Condition,iPhone 13 Mini,13,False,128.0,128GB,128GB,False,Used,Second-hand,229.0,$200-399,1.7890625,,,False,3.0,True,2.0,True,Seller 167,"Pompano Beach, Florida, United States",FL,2026-03-25,True,False,False,FL,Standard,Mid-Gen (12-13),9,491.95,6.462585034013606
1015,Apple iPhone 13 Mini 128GB Blue - Factory Unlocked - Very Good Condition,iPhone 13 Mini,13,False,128.0,128GB,128GB,False,Used,Second-hand,224.94,$200-399,1.75734375,,,False,3.0,True,6.0,True,Seller 167,"Pompano Beach, Florida, United States",FL,2026-03-25,True,False,False,FL,Standard,Mid-Gen (12-13),9,491.95,6.462585034013606
1016,Apple iPhone 14 | 14 Plus 128GB | 256GB | 512GB (Unlocked) Smartphone Excellent,iPhone 14,14,False,128.0,128GB,128GB|256GB|512GB,False,Excellent - Refurbished,Refurbished,299.2,$200-399,2.3375,314.95,5.0,True,2.0,True,27.0,True,Seller 190,"Spartanburg, South Carolina, United States",SC,2026-03-25,True,False,False,SC,Standard,Modern (14+),3,1329.99,21.492537313432834
1017,Apple iPhone 12 Pro Max- 128GB - Pacific blue (Unlocked) (CDMA + GSM) A2342,iPhone 12 Pro Max,12,True,128.0,128GB,128GB,False,Used,Second-hand,480.0,$400-599,3.75,,,False,0.0,False,0.0,False,Seller 657,"Brooklyn, New York, United States",NY,2026-03-25,True,False,False,NY,Pro,Mid-Gen (12-13),22,4867.01,4.6875
1018,"Apple iPhone 14 Plus, 128- 256-512GB - Unlocked All Colors -Used Good",iPhone 14 Plus,14,False,512.0,512GB,512GB,False,Used,Second-hand,319.99,$200-399,0.62498046875,,,False,0.0,False,30.0,True,Seller 061,"Brooklyn, New York, United States",NY,2026-03-25,True,False,False,NY,Standard,Modern (14+),21,3410.0,31.343283582089555
1019,Apple iPhone 17 A3258 Unlocked 256GB Mist Blue Good,iPhone 17,17,False,256.0,256GB,256GB,False,Good - Refurbished,Refurbished,759.98,$600-899,2.968671875,,,False,2.0,True,0.0,False,Seller 208,"Clive, Iowa, United States",IA,2026-03-26,True,False,False,IA,Standard,Modern (14+),7,1000.99,7.857142857142857
1020,Apple iPhone 14 - 128GB (Unlocked) Black Red Starlight Blue - Excellent,iPhone 14,14,False,128.0,128GB,128GB,False,Used,Second-hand,279.95,$200-399,2.187109375,,,False,0.0,False,3.0,True,Seller 200,"Louisville, Kentucky, United States",KY,2026-03-26,True,False,False,KY,Standard,Modern (14+),3,1329.99,21.492537313432834
1021,"Apple iPhone 14 Plus, 256/512GB - Unlocked All Colors - Used Condition",iPhone 14 Plus,14,False,512.0,512GB,512GB,False,Used,Second-hand,304.99,$200-399,0.59568359375,,,False,0.0,False,19.0,True,Seller 061,"Brooklyn, New York, United States",NY,2026-03-26,True,False,False,NY,Standard,Modern (14+),21,3410.0,31.343283582089555
1022,"Apple iPhone 13, 13 Pro, 13 Pro Max Smartphone - Lot of 12",iPhone 13,13,False,,Tidak Diketahui,,False,For Parts Or Not Working,Damaged,849.95,$600-899,,,,False,0.0,False,0.0,False,Seller 156,"Cedar Rapids, Iowa, United States",IA,2026-03-26,True,True,False,IA,Standard,Mid-Gen (12-13),1,4935.0,20.909090909090907
1023,Apple iPhone 16 128GB Pink Unlocked - NEW & SEALED,iPhone 16,16,False,128.0,128GB,128GB,False,New,Second-hand,669.99,$600-899,5.234296875,,,False,3.0,True,1.0,True,Seller 084,"Sanford, FL, United States",FL,2026-03-26,True,False,False,FL,Standard,Modern (14+),25,639.5,7.207207207207207
1024,Apple iPhone 12 [A2172] 128GB - Fully Unlocked - 100% Battery - Blue - Fair,iPhone 12,12,False,128.0,128GB,128GB,False,Very Good - Refurbished,Refurbished,200.19,$200-399,1.563984375,285.99,30.0,True,2.0,True,0.0,False,Seller 205,"Mahwah, New Jersey, United States",NJ,2026-03-26,True,False,False,NJ,Standard,Mid-Gen (12-13),5,4428.01,45.073891625615765
1025,Apple iPhone 17 Pro Max - 256 GB - Silver (Unlocked),iPhone 17 Pro Max,17,True,256.0,256GB,256GB,False,Open Box,Like New,700.0,$600-899,2.734375,,,False,0.0,False,0.0,False,Seller 253,"Berkeley, California, United States",CA,2026-03-26,True,False,False,CA,Pro,Modern (14+),25,2710.0,8.176100628930817
1026,Apple iPhone 17 - 256 GB - Sage (Unlocked),iPhone 17,17,False,256.0,256GB,256GB,False,New,Second-hand,730.0,$600-899,2.8515625,,,False,0.0,False,0.0,False,Seller 611,"Sellersville, Pennsylvania, United States",PA,2026-03-26,True,False,False,PA,Standard,Modern (14+),5,1000.99,7.857142857142857
1027,Apple iPhone 13 - 128GB /256GB/512GB All Colors IOS Smartphone (Unlocked),iPhone 13,13,False,128.0,128GB,128GB|256GB|512GB,False,Used,Second-hand,325.46,$200-399,2.54265625,,,False,1.0,True,0.0,False,Seller 285,"US, China",INTL,2026-03-26,True,False,False,INTL,Standard,Mid-Gen (12-13),17,4935.0,20.909090909090907
1028,Apple iPhone 15 128/256/512GB Unlocked Excellent Condition,iPhone 15,15,False,512.0,512GB,512GB,False,Excellent - Refurbished,Refurbished,449.0,$400-599,0.876953125,,,False,3.0,True,11.0,True,Seller 091,"Rochester, New York, United States",NY,2026-03-26,True,False,False,NY,Standard,Modern (14+),10,171.96000000000004,13.636363636363635
1029,Apple iPhone 15 (5G) 512GB | 256GB | 128GB | GSM+CDMA Factory Unlocked Excellent,iPhone 15,15,False,128.0,128GB,128GB|256GB|512GB,False,Excellent - Refurbished,Refurbished,389.88,$200-399,3.0459375,,,False,10.0,True,53.0,True,Seller 110,"Brooklyn, New York, United States",NY,2026-03-26,True,False,False,NY,Standard,Modern (14+),10,171.96000000000004,13.636363636363635
1030,Apple iPhone 14 (5G) 512GB | 256GB | 128GB | GSM+CDMA Factory Unlocked Good,iPhone 14,14,False,128.0,128GB,128GB|256GB|512GB,False,Good - Refurbished,Refurbished,254.88,$200-399,1.99125,,,False,6.0,True,72.0,True,Seller 110,"Brooklyn, New York, United States",NY,2026-03-26,True,False,False,NY,Standard,Modern (14+),29,1329.99,21.492537313432834
1031,Apple iPhone 13 Midnight 128GB Unlocked - Excellent Condition - READ,iPhone 13,13,False,128.0,128GB,128GB,False,Used,Second-hand,249.69,$200-399,1.950703125,,,False,0.0,False,0.0,False,Seller 084,"Sanford, Florida, United States",FL,2026-03-26,True,False,False,FL,Standard,Mid-Gen (12-13),28,4935.0,20.909090909090907
1032,Apple iPhone 12 Pro Max 128GB 256GB - Fully Unlocked - VERY GOOD Condition,iPhone 12 Pro Max,12,True,128.0,128GB,128GB|256GB,False,Used,Second-hand,323.21,$200-399,2.525078125,,,False,1.0,True,0.0,False,Seller 285,"shen zhen, China",INTL,2026-03-26,True,False,False,INTL,Pro,Mid-Gen (12-13),22,4867.01,4.6875
1033,Good condition Apple iPhone 12 pro max 128/256GB Factory UNLOCKED(any carrier),iPhone 12 Pro Max,12,True,256.0,256GB,256GB,False,Used,Second-hand,295.37,$200-399,1.1537890625,,,False,1.0,True,0.0,False,Seller 285,"shen zhen, China",INTL,2026-03-26,True,False,False,INTL,Pro,Mid-Gen (12-13),22,4867.01,4.6875
1034,Apple iPhone 17 Pro Max 256GB Cosmic Orange Unlocked Brand New Sealed,iPhone 17 Pro Max,17,True,256.0,256GB,256GB,False,New,Second-hand,1750.0,$1300+,6.8359375,,,False,0.0,False,0.0,False,Seller 254,"Brooklyn, New York, United States",NY,2026-03-26,True,False,False,NY,Pro,Modern (14+),14,2710.0,8.176100628930817
1035,Apple iPhone 12 - 128 GB - Black (Unlocked) (Dual SIM) B-Stock (Screen Replaced),iPhone 12,12,False,128.0,128GB,128GB,False,Used,Second-hand,169.98,<$200,1.32796875,,,False,0.0,False,0.0,False,Seller 004,"Lima, Ohio, United States",OH,2026-03-26,True,False,False,OH,Standard,Mid-Gen (12-13),4,4428.01,45.073891625615765
1036,Apple iPhone 16 128GB Unlocked Good Condition - All Colors,iPhone 16,16,False,128.0,128GB,128GB,False,Good - Refurbished,Refurbished,539.99,$400-599,4.218671875,,,False,0.0,False,24.0,True,Seller 084,"Sanford, Florida, United States",FL,2026-03-26,True,False,False,FL,Standard,Modern (14+),25,639.5,7.207207207207207
1037,Apple iPhone 17 256GB E -SIM US Version - Unlocked - Very Good,iPhone 17,17,False,256.0,256GB,256GB,False,Very Good - Refurbished,Refurbished,764.99,$600-899,2.9882421875,,,False,4.0,True,2.0,True,Seller 018,"Addison, Texas, United States",TX,2026-03-26,True,False,False,TX,Standard,Modern (14+),23,1000.99,7.857142857142857
1038,"APPLE IPHONE 16 TEAL 256GB Unlocked, New & Sealed, Sold Out! A3081 USA E-Sim",iPhone 16,16,False,256.0,256GB,256GB,False,New,Second-hand,875.0,$600-899,3.41796875,,,False,0.0,False,0.0,False,Seller 259,"Lafayette, California, United States",CA,2026-03-26,True,False,False,CA,Standard,Modern (14+),14,639.5,7.207207207207207
1039,Iphone 17 256gb Unlocked,iPhone 17,17,False,256.0,256GB,256GB,False,Open Box,Like New,739.0,$600-899,2.88671875,,,False,0.0,False,0.0,False,Seller 670,"Johnson City, New York, United States",NY,2026-03-26,True,False,False,NY,Standard,Modern (14+),20,1000.99,7.857142857142857
1040,APPLE IPHONE 17 Pro Max 256GB - WITH SIM TRAY (UNLOCKED) NEW SEALED ORANGE 📦✈️,iPhone 17 Pro Max,17,True,256.0,256GB,256GB,False,New,Second-hand,1775.95,$1300+,6.9373046875,,,False,10.0,True,0.0,False,Seller 429,"Norwalk, California, United States",CA,2026-03-26,True,False,False,CA,Pro,Modern (14+),25,2710.0,8.176100628930817
1041,Mr Beast iPhone 17 Pro Max 256 Gb,iPhone 17 Pro Max,17,True,256.0,256GB,256GB,False,New,Second-hand,1030.0,$900-1299,4.0234375,,,False,0.0,False,0.0,False,Seller 314,"Castro Valley, California, United States",CA,2026-03-26,True,False,False,CA,Pro,Modern (14+),25,2710.0,8.176100628930817
1042,Apple iPhone 13 (5G) 512GB | 256GB | 128GB | GSM+CDMA Factory Unlocked Very Good,iPhone 13,13,False,128.0,128GB,128GB|256GB|512GB,False,Very Good - Refurbished,Refurbished,239.88,$200-399,1.8740625,,,False,10.0,True,12.0,True,Seller 110,"Brooklyn, New York, United States",NY,2026-03-26,True,False,False,NY,Standard,Mid-Gen (12-13),27,4935.0,20.909090909090907
1043,Apple iPhone 17 A3258 Unlocked 256GB Sage Very Good,iPhone 17,17,False,256.0,256GB,256GB,False,Very Good - Refurbished,Refurbished,799.98,$600-899,3.124921875,,,False,0.0,False,0.0,False,Seller 208,"Clive, Iowa, United States",IA,2026-03-26,True,False,False,IA,Standard,Modern (14+),7,1000.99,7.857142857142857
1044,Apple iPhone 12 Pro Max A2411 GSM Unlocked Excellent A Condition.,iPhone 12 Pro Max,12,True,,Tidak Diketahui,,False,Used,Second-hand,490.0,$400-599,,,,False,0.0,False,3.0,True,Seller 145,"Seoul, South Korea",INTL,2026-03-26,True,False,False,INTL,Pro,Mid-Gen (12-13),22,4867.01,4.6875
1045,"Apple iPhone 14 Pro Max 128/256/512GB, Fully Unlocked - Used Good (NO FACE ID)",iPhone 14 Pro Max,14,True,512.0,512GB,512GB,False,Used,Second-hand,369.99,$200-399,0.72263671875,,,False,0.0,False,6.0,True,Seller 061,"Brooklyn, New York, United States",NY,2026-03-26,True,False,False,NY,Pro,Modern (14+),31,2750.0,8.085106382978724
1046,"Apple iPhone 14 Pro Max 128/256/512GB, Fully Unlocked - Used Condition",iPhone 14 Pro Max,14,True,512.0,512GB,512GB,False,Used,Second-hand,399.99,$200-399,0.78123046875,,,False,2.0,True,15.0,True,Seller 061,"Brooklyn, New York, United States",NY,2026-03-26,True,False,False,NY,Pro,Modern (14+),31,2750.0,8.085106382978724
1047,NEW open box Apple iPhone 17 pro max 512GB Unlocked all colors,iPhone 17 Pro Max,17,True,512.0,512GB,512GB,False,Open Box,Like New,1444.99,$1300+,2.82224609375,,,False,0.0,False,1.0,True,Seller 019,"Granada Hills, California, United States",CA,2026-03-26,True,False,False,CA,Pro,Modern (14+),25,2710.0,8.176100628930817
1048,Apple iPhone 17 Pro Max | US Version | 256GB | eSIM | Silver | Unlocked,iPhone 17 Pro Max,17,True,256.0,256GB,256GB,False,New,Second-hand,1599.0,$1300+,6.24609375,,,False,5.0,True,0.0,False,Seller 067,"North Brunswick, New Jersey, United States",NJ,2026-03-26,True,False,False,NJ,Pro,Modern (14+),6,2710.0,8.176100628930817
1049,Apple iPhone 14 Pro Max UNLOCKED 128GB 256GB 512GB All Colors A2633 ~ Used/Good!,iPhone 14 Pro Max,14,True,128.0,128GB,128GB|256GB|512GB,False,Used,Second-hand,529.99,$400-599,4.140546875,,,False,2.0,True,54.0,True,Seller 163,"Brooklyn, New York, United States",NY,2026-03-26,True,False,False,NY,Pro,Modern (14+),31,2750.0,8.085106382978724
1050,Apple iPhone 13 (5G) 512GB | 256GB | 128GB | GSM+CDMA Factory Unlocked Excellent,iPhone 13,13,False,128.0,128GB,128GB|256GB|512GB,False,Excellent - Refurbished,Refurbished,259.88,$200-399,2.0303125,,,False,10.0,True,324.0,True,Seller 110,"Brooklyn, New York, United States",NY,2026-03-26,True,False,False,NY,Standard,Mid-Gen (12-13),27,4935.0,20.909090909090907
1051,Apple iPhone 13 -128GB- Black – Unlocked – Premium Condition 100% Battery Health,iPhone 13,13,False,128.0,128GB,128GB,False,Excellent - Refurbished,Refurbished,355.0,$200-399,2.7734375,,,False,10.0,True,0.0,False,Seller 112,"Eatontown, New Jersey, United States",NJ,2026-03-26,True,False,False,NJ,Standard,Mid-Gen (12-13),28,4935.0,20.909090909090907
1052,Apple iPhone 14 – Unlocked – 128GB – Blue – Excellent Condition,iPhone 14,14,False,128.0,128GB,128GB,False,Excellent - Refurbished,Refurbished,350.0,$200-399,2.734375,,,False,10.0,True,0.0,False,Seller 112,"Eatontown, New Jersey, United States",NJ,2026-03-26,True,False,False,NJ,Standard,Modern (14+),40,1329.99,21.492537313432834
1053,Apple iPhone 17 Pro Max | US Version | 512GB | eSIM | Cosmic Orange | Unlocked,iPhone 17 Pro Max,17,True,512.0,512GB,512GB,False,New,Second-hand,1749.0,$1300+,3.416015625,1999.0,12.51,True,0.0,False,15.0,True,Seller 067,"North Brunswick, New Jersey, United States",NJ,2026-03-26,True,False,False,NJ,Pro,Modern (14+),6,2710.0,8.176100628930817
1054,Apple iPhone 13 (5G) 512GB | 256GB | 128GB | GSM+CDMA Factory Unlocked,iPhone 13,13,False,128.0,128GB,128GB|256GB|512GB,False,Open Box,Like New,279.88,$200-399,2.1865625,,,False,0.0,False,448.0,True,Seller 110,"Brooklyn, New York, United States",NY,2026-03-26,True,False,False,NY,Standard,Mid-Gen (12-13),27,4935.0,20.909090909090907
1055,Apple iPhone 17e 256GB Factory Unlocked Physical SIM Card A3634 - New,iPhone 17,17,False,256.0,256GB,256GB,False,New,Second-hand,779.95,$600-899,3.0466796875,,,False,2.0,True,3.0,True,Seller 660,"Miami, Florida, United States",FL,2026-03-26,True,False,False,FL,Standard,Modern (14+),10,1000.99,7.857142857142857
1056,Apple iPhone 17 Pro Max Blue Heat-Forged Unibody Ceramic Shield 8x Zoom,iPhone 17 Pro Max,17,True,,Tidak Diketahui,,False,New,Second-hand,1250.0,$900-1299,,,,False,0.0,False,0.0,False,Seller 251,"Grand Rapids, Michigan, United States",MI,2026-03-26,True,False,False,MI,Pro,Modern (14+),4,2710.0,8.176100628930817
1057,Apple iPhone 15 128GB Factory Unlocked CDMA + GSM - OPEN BOX,iPhone 15,15,False,128.0,128GB,128GB,False,Open Box,Like New,389.48,$200-399,3.0428125,,,False,7.0,True,189.0,True,Seller 064,"Southfield, Michigan, United States",MI,2026-03-26,True,False,False,MI,Standard,Modern (14+),3,171.96000000000004,13.636363636363635
1058,Apple iPhone 17 A3258 Unlocked 256GB Mist Blue Very Good,iPhone 17,17,False,256.0,256GB,256GB,False,Very Good - Refurbished,Refurbished,799.98,$600-899,3.124921875,,,False,10.0,True,0.0,False,Seller 208,"Clive, Iowa, United States",IA,2026-03-26,True,False,False,IA,Standard,Modern (14+),7,1000.99,7.857142857142857
1059,"Apple IPhone 13, 128GB, Unlocked, Blue",iPhone 13,13,False,128.0,128GB,128GB,False,Open Box,Like New,290.0,$200-399,2.265625,,,False,0.0,False,0.0,False,Seller 690,"Patchogue, New York, United States",NY,2026-03-26,True,False,False,NY,Standard,Mid-Gen (12-13),27,4935.0,20.909090909090907
1060,New Open Box Apple iPhone 17 256GB Black Unlocked Apple Warranty *Never Used*,iPhone 17,17,False,256.0,256GB,256GB,False,Open Box,Like New,769.99,$600-899,3.0077734375,,,False,3.0,True,0.0,False,Seller 348,"Oakland Gardens, New York, United States",NY,2026-03-26,True,False,False,NY,Standard,Modern (14+),20,1000.99,7.857142857142857
1061,Apple iPhone 15 128GB Factory Unlocked CDMA + GSM - EXCELLENT,iPhone 15,15,False,128.0,128GB,128GB,False,Excellent - Refurbished,Refurbished,369.48,$200-399,2.8865625,,,False,0.0,False,417.0,True,Seller 064,"Southfield, Michigan, United States",MI,2026-03-26,True,False,False,MI,Standard,Modern (14+),3,171.96000000000004,13.636363636363635
1062,Apple iPhone 16 256GB Unlocked Good Condition,iPhone 16,16,False,256.0,256GB,256GB,False,Good - Refurbished,Refurbished,599.0,$400-599,2.33984375,,,False,5.0,True,4.0,True,Seller 472,"Bloomington, Indiana, United States",IN,2026-03-26,True,False,False,IN,Standard,Modern (14+),3,639.5,7.207207207207207
1063,Apple iPhone 13 (5G) GSM/CDMA Factory Unlocked 512GB | 256GB | 128GB,iPhone 13,13,False,128.0,128GB,128GB|256GB|512GB,False,Open Box,Like New,279.77,$200-399,2.185703125,,,False,2.0,True,140.0,True,Seller 192,"Brooklyn, New York, United States",NY,2026-03-26,True,False,False,NY,Standard,Mid-Gen (12-13),27,4935.0,20.909090909090907
1064,Apple iPhone 12 128GB Factory Unlocked Black Clean IMEI iOS 26 Ready to Use Blue,iPhone 12,12,False,128.0,128GB,128GB,False,Used,Second-hand,219.99,$200-399,1.718671875,,,False,0.0,False,0.0,False,Seller 075,"Scarsdale, New York, United States",NY,2026-03-26,True,False,False,NY,Standard,Mid-Gen (12-13),24,4428.01,45.073891625615765
1065,Apple iPhone 15 Plus A2847 (Unlocked) 128GB Black (Good),iPhone 15 Plus,15,False,128.0,128GB,128GB,False,Good - Refurbished,Refurbished,421.19,$400-599,3.290546875,,,False,10.0,True,79.0,True,Seller 203,"Los Angeles, California, United States",CA,2026-03-27,True,False,False,CA,Standard,Modern (14+),1,88.0,25.0
1066,"Brand New! iPhone 17 Pro Max, 256GB, Unlocked, Deep Blue, MFXJ4LL/A",iPhone 17 Pro Max,17,True,256.0,256GB,256GB,False,New,Second-hand,1449.95,$1300+,5.6638671875,,,False,0.0,False,0.0,False,Seller 039,"New York, New York, United States",NY,2026-03-27,True,False,False,NY,Pro,Modern (14+),14,2710.0,8.176100628930817
1067,"iPhone 17 Pro Max, 512GB, Unlocked, Silver, MFXK4LL/A",iPhone 17 Pro Max,17,True,512.0,512GB,512GB,False,Excellent - Refurbished,Refurbished,1449.95,$1300+,2.83193359375,,,False,0.0,False,0.0,False,Seller 039,"New York, New York, United States",NY,2026-03-27,True,False,False,NY,Pro,Modern (14+),14,2710.0,8.176100628930817
1068,Apple iPhone 16 - Unlocked - Black - 256GB - Good,iPhone 16,16,False,256.0,256GB,256GB,False,Good - Refurbished,Refurbished,579.0,$400-599,2.26171875,,,False,2.0,True,0.0,False,Seller 028,"Chandler, Arizona, United States",AZ,2026-03-27,True,False,False,AZ,Standard,Modern (14+),6,639.5,7.207207207207207
1069,Apple iPhone 17 Pro Max 256GB Unlocked Very Good Condition - All Colors,iPhone 17 Pro Max,17,True,256.0,256GB,256GB,False,Very Good - Refurbished,Refurbished,1249.99,$900-1299,4.8827734375,,,False,2.0,True,1.0,True,Seller 084,"Sanford, Florida, United States",FL,2026-03-27,True,False,False,FL,Pro,Modern (14+),19,2710.0,8.176100628930817
1070,Apple iPhone 12 - 128 GB - Blue (All Carriers) Fair Refurbished,iPhone 12,12,False,128.0,128GB,128GB,False,Good - Refurbished,Refurbished,183.99,<$200,1.437421875,879.99,79.09,True,5.0,True,5.0,True,Seller 108,"Long Island City, New York, United States",NY,2026-03-27,True,False,False,NY,Standard,Mid-Gen (12-13),24,4428.01,45.073891625615765
1071,Apple iPhone 17 Pro Max 1TB Silver Unlocked - NEW & SEALED,iPhone 17 Pro Max,17,True,1024.0,1024GB,1024GB,False,New,Second-hand,1849.99,$1300+,1.806630859375,,,False,0.0,False,2.0,True,Seller 084,"Sanford, FL, United States",FL,2026-03-27,True,False,False,FL,Pro,Modern (14+),19,2710.0,8.176100628930817
1072,Apple iPhone 17 - Unlocked 256GB White - Excellent,iPhone 17,17,False,256.0,256GB,256GB,False,Excellent - Refurbished,Refurbished,789.0,$600-899,3.08203125,,,False,4.0,True,3.0,True,Seller 028,"Tempe, Arizona, United States",AZ,2026-03-27,True,False,False,AZ,Standard,Modern (14+),8,1000.99,7.857142857142857
1073,Apple iPhone 16 - 128GB 256GB 512GB - All Colors - Excellent Condition,iPhone 16,16,False,128.0,128GB,128GB|256GB|512GB,False,Excellent - Refurbished,Refurbished,525.0,$400-599,4.1015625,,,False,0.0,False,13.0,True,Seller 028,"Tempe, Arizona, United States",AZ,2026-03-27,True,False,False,AZ,Standard,Modern (14+),6,639.5,7.207207207207207
1074,Apple iPhone 17 Pro Max 512GB Silver Unlocked - NEW & SEALED,iPhone 17 Pro Max,17,True,512.0,512GB,512GB,False,New,Second-hand,1649.99,$1300+,3.22263671875,,,False,0.0,False,2.0,True,Seller 084,"Sanford, FL, United States",FL,2026-03-27,True,False,False,FL,Pro,Modern (14+),19,2710.0,8.176100628930817
1075,Apple iPhone 17 - Unlocked 256GB Black - New,iPhone 17,17,False,256.0,256GB,256GB,False,New,Second-hand,837.0,$600-899,3.26953125,,,False,2.0,True,6.0,True,Seller 028,"Tempe, Arizona, United States",AZ,2026-03-27,True,False,False,AZ,Standard,Modern (14+),8,1000.99,7.857142857142857
1076,Apple iPhone 17 Pro Max 1TB Unlocked Very Good Condition - All Colors,iPhone 17 Pro Max,17,True,1024.0,1024GB,1024GB,False,Very Good - Refurbished,Refurbished,1679.99,$1300+,1.640615234375,,,False,0.0,False,1.0,True,Seller 084,"Sanford, Florida, United States",FL,2026-03-27,True,False,False,FL,Pro,Modern (14+),19,2710.0,8.176100628930817
1077,Apple iPhone 14 128GB 256GB 512GB Unlocked Smartphone - Very Good,iPhone 14,14,False,128.0,128GB,128GB|256GB|512GB,False,Very Good - Refurbished,Refurbished,334.99,$200-399,2.617109375,,,False,0.0,False,189.0,True,Seller 089,"Moonachie, New Jersey, United States",NJ,2026-03-27,True,False,False,NJ,Standard,Modern (14+),40,1329.99,21.492537313432834
1078,Apple iPhone 17 - Unlocked 256GB Black - Excellent,iPhone 17,17,False,256.0,256GB,256GB,False,Excellent - Refurbished,Refurbished,789.0,$600-899,3.08203125,,,False,10.0,True,3.0,True,Seller 028,"Tempe, Arizona, United States",AZ,2026-03-27,True,False,False,AZ,Standard,Modern (14+),8,1000.99,7.857142857142857
1079,Apple iPhone 17 - Unlocked 256GB Lavender - Excellent,iPhone 17,17,False,256.0,256GB,256GB,False,Excellent - Refurbished,Refurbished,789.0,$600-899,3.08203125,,,False,3.0,True,0.0,False,Seller 028,"Tempe, Arizona, United States",AZ,2026-03-27,True,False,False,AZ,Standard,Modern (14+),8,1000.99,7.857142857142857
1080,"Apple iPhone 14, 128GB-256GB-512GB, Unlocked - Refurbished B Grade",iPhone 14,14,False,128.0,128GB,128GB|256GB|512GB,False,Very Good - Refurbished,Refurbished,289.99,$200-399,2.265546875,,,False,0.0,False,24.0,True,Seller 061,"Brooklyn, New York, United States",NY,2026-03-27,True,False,False,NY,Standard,Modern (14+),29,1329.99,21.492537313432834
1081,Apple iPhone 15 A2846 (Unlocked) 128GB Black (Good),iPhone 15,15,False,128.0,128GB,128GB,False,Good - Refurbished,Refurbished,390.59,$200-399,3.051484375,,,False,10.0,True,28.0,True,Seller 203,"Los Angeles, California, United States",CA,2026-03-27,True,False,False,CA,Standard,Modern (14+),10,171.96000000000004,13.636363636363635
1082,"iPhone 16, 128GB, Unlocked, Teal, MYAW3LL/A",iPhone 16,16,False,128.0,128GB,128GB,False,Excellent - Refurbished,Refurbished,549.95,$400-599,4.296484375,,,False,0.0,False,0.0,False,Seller 039,"New York, New York, United States",NY,2026-03-27,True,False,False,NY,Standard,Modern (14+),19,639.5,7.207207207207207
1083,Apple iPhone 13 128GB SIM Unlocked Midnight - Excellent Condition ✅ Ships Today!,iPhone 13,13,False,128.0,128GB,128GB,False,Open Box,Like New,268.87,$200-399,2.100546875,,,False,10.0,True,0.0,False,Seller 099,"Scottsdale, Arizona, United States",AZ,2026-03-27,True,False,False,AZ,Standard,Mid-Gen (12-13),3,4935.0,20.909090909090907
1084,Apple iPhone 17 Pro Max 512GB Unlocked Very Good Condition - All Colors,iPhone 17 Pro Max,17,True,512.0,512GB,512GB,False,Very Good - Refurbished,Refurbished,1329.99,$1300+,2.59763671875,,,False,5.0,True,0.0,False,Seller 084,"Sanford, Florida, United States",FL,2026-03-27,True,False,False,FL,Pro,Modern (14+),19,2710.0,8.176100628930817
1085,Apple iPhone 12 Pro Max 512GB – Unlocked – Good Condition – Fast Shipping,iPhone 12 Pro Max,12,True,512.0,512GB,512GB,False,Good - Refurbished,Refurbished,609.0,$600-899,1.189453125,,,False,4.0,True,0.0,False,Seller 162,"Encino, California, United States",CA,2026-03-27,True,False,False,CA,Pro,Mid-Gen (12-13),10,4867.01,4.6875
1086,Apple iPhone 17 256GB Black Unlocked - NEW & SEALED,iPhone 17,17,False,256.0,256GB,256GB,False,New,Second-hand,899.99,$600-899,3.5155859375,,,False,6.0,True,0.0,False,Seller 084,"Sanford, FL, United States",FL,2026-03-27,True,False,False,FL,Standard,Modern (14+),10,1000.99,7.857142857142857
1087,Apple iPhone 14 256GB Factory Unlocked AT&T T-Mobile Verizon Fair Condition,iPhone 14,14,False,256.0,256GB,256GB,False,Used,Second-hand,249.95,$200-399,0.9763671875,899.0,72.2,True,9.0,True,1190.0,True,Seller 165,"Lawrence, Kansas, United States",KS,2026-03-27,True,False,False,KS,Standard,Modern (14+),9,1329.99,21.492537313432834
1088,Apple iPhone 14 Pro Max UNLOCKED 128GB 256GB 512GB All Colors A2633 ~ Very Good!,iPhone 14 Pro Max,14,True,128.0,128GB,128GB|256GB|512GB,False,Used,Second-hand,571.6,$400-599,4.465625,,,False,0.0,False,20.0,True,Seller 163,"Brooklyn, New York, United States",NY,2026-03-27,True,False,False,NY,Pro,Modern (14+),31,2750.0,8.085106382978724
1089,Apple iPhone 13 512GB White A2482 (Unlocked) GSM World Phone VF5336,iPhone 13,13,False,512.0,512GB,512GB,False,Used,Second-hand,262.45,$200-399,0.51259765625,349.95,25.0,True,0.0,False,0.0,False,Seller 158,"Oklahoma City, Oklahoma, United States",OK,2026-03-27,True,False,False,OK,Standard,Mid-Gen (12-13),3,4935.0,20.909090909090907
1090,Apple iPhone 16 - 128GB - Black (AT&T/Cricket ONLY) - Open Box,iPhone 16,16,False,128.0,128GB,128GB,False,Open Box,Like New,469.99,$400-599,3.671796875,,,False,0.0,False,0.0,False,Seller 071,"Oldsmar, Florida, United States",FL,2026-03-27,True,False,False,FL,Standard,Modern (14+),25,639.5,7.207207207207207
1091,Apple iPhone 16 - 128GB - Black (Unlocked) - Open Box,iPhone 16,16,False,128.0,128GB,128GB,False,Open Box,Like New,569.99,$400-599,4.453046875,,,False,2.0,True,3.0,True,Seller 071,"Oldsmar, Florida, United States",FL,2026-03-27,True,False,False,FL,Standard,Modern (14+),25,639.5,7.207207207207207
1092,Apple iPhone 13 - 128GB Blue (Untested),iPhone 13,13,False,128.0,128GB,128GB,False,Used,Second-hand,200.0,$200-399,1.5625,,,False,0.0,False,0.0,False,Seller 622,"Morristown, Tennessee, United States",TN,2026-03-27,True,False,False,TN,Standard,Mid-Gen (12-13),6,4935.0,20.909090909090907
1093,"Apple iPhone 14 Pro Max 128/256/512GB/1TB, Fully Unlocked - Used Good",iPhone 14 Pro Max,14,True,512.0,512GB,512GB|1024GB,False,Used,Second-hand,469.99,$400-599,0.91794921875,,,False,0.0,False,18.0,True,Seller 061,"Brooklyn, New York, United States",NY,2026-03-27,True,False,False,NY,Pro,Modern (14+),31,2750.0,8.085106382978724
1094,Apple iPhone 16 - 256GB - Black (Unlocked) - Open Box,iPhone 16,16,False,256.0,256GB,256GB,False,Open Box,Like New,679.99,$600-899,2.6562109375,,,False,0.0,False,0.0,False,Seller 071,"Oldsmar, Florida, United States",FL,2026-03-27,True,False,False,FL,Standard,Modern (14+),25,639.5,7.207207207207207
1095,"Apple iPhone 12 Pro Max, 128/256/512GB - Unlocked - Refurbished Excellent",iPhone 12 Pro Max,12,True,512.0,512GB,512GB,False,Excellent - Refurbished,Refurbished,339.99,$200-399,0.66404296875,,,False,0.0,False,432.0,True,Seller 061,"Brooklyn, New York, United States",NY,2026-03-27,True,False,False,NY,Pro,Mid-Gen (12-13),22,4867.01,4.6875
1096,Apple iPhone 16 - 128GB - Ultramarine (Unlocked) - Open Box,iPhone 16,16,False,128.0,128GB,128GB,False,Open Box,Like New,579.99,$400-599,4.531171875,,,False,0.0,False,2.0,True,Seller 071,"Oldsmar, Florida, United States",FL,2026-03-27,True,False,False,FL,Standard,Modern (14+),25,639.5,7.207207207207207
1097,Apple iPhone 13 128GB Black A2482 (Unlocked) 80% to 89% Battery Health DG7767,iPhone 13,13,False,128.0,128GB,128GB,False,Used,Second-hand,234.35,$200-399,1.830859375,251.95,6.99,True,0.0,False,0.0,False,Seller 158,"Oklahoma City, Oklahoma, United States",OK,2026-03-27,True,False,False,OK,Standard,Mid-Gen (12-13),3,4935.0,20.909090909090907
1098,Apple iPhone 16 - 128GB - Black (T-Mobile ONLY) - Very Good Condition,iPhone 16,16,False,128.0,128GB,128GB,False,Very Good - Refurbished,Refurbished,429.99,$400-599,3.359296875,,,False,0.0,False,0.0,False,Seller 071,"Oldsmar, Florida, United States",FL,2026-03-27,True,False,False,FL,Standard,Modern (14+),25,639.5,7.207207207207207
1099,Apple iPhone 13 - 128GB Dark Blue (Untested),iPhone 13,13,False,128.0,128GB,128GB,False,Used,Second-hand,200.0,$200-399,1.5625,,,False,0.0,False,0.0,False,Seller 622,"Morristown, Tennessee, United States",TN,2026-03-27,True,False,False,TN,Standard,Mid-Gen (12-13),6,4935.0,20.909090909090907
1100,Apple iPhone 17e 256GB Black Verizon Locked New Sealed,iPhone 17,17,False,256.0,256GB,256GB,False,New,Second-hand,549.99,$400-599,2.1483984375,,,False,0.0,False,0.0,False,Seller 094,"Port Chester, New York, United States",NY,2026-03-27,True,False,False,NY,Standard,Modern (14+),20,1000.99,7.857142857142857
1101,Apple iPhone 13 128GB Unlocked - Excellent,iPhone 13,13,False,128.0,128GB,128GB,False,For Parts Or Not Working,Damaged,289.99,$200-399,2.265546875,,,False,4.0,True,0.0,False,Seller 361,"Indianapolis, Indiana, United States",IN,2026-03-27,True,False,False,IN,Standard,Mid-Gen (12-13),3,4935.0,20.909090909090907
1102,Apple iPhone 12 - 64GB | 128GB - A2172 (Unlocked) Smartphone - Very Good,iPhone 12,12,False,64.0,64GB,64GB|128GB,False,Very Good - Refurbished,Refurbished,194.7,<$200,3.0421875,204.95,5.0,True,10.0,True,25.0,True,Seller 083,"Spartanburg, South Carolina, United States",SC,2026-03-27,True,False,False,SC,Standard,Mid-Gen (12-13),2,4428.01,45.073891625615765
1103,Unlocked Apple iPhone 14 - 128GB Black - READ,iPhone 14,14,False,128.0,128GB,128GB,False,Used,Second-hand,220.0,$200-399,1.71875,,,False,0.0,False,0.0,False,Seller 276,"Austin, Texas, United States",TX,2026-03-27,True,False,False,TX,Standard,Modern (14+),150,1329.99,21.492537313432834
1104,Apple iPhone 17 Pro Max - 256GB - Cosmic Orange (Unlocked) - Open Box,iPhone 17 Pro Max,17,True,256.0,256GB,256GB,False,Open Box,Like New,1299.99,$900-1299,5.0780859375,,,False,0.0,False,2.0,True,Seller 071,"Oldsmar, Florida, United States",FL,2026-03-27,True,False,False,FL,Pro,Modern (14+),19,2710.0,8.176100628930817
1105,Apple iPhone 13 mini 512GB Red - Unlocked AT&T T-Mobile Verizon GSM 7631644,iPhone 13 Mini,13,False,512.0,512GB,512GB,False,Used,Second-hand,280.0,$200-399,0.546875,999.0,71.97,True,0.0,False,0.0,False,Seller 184,"Orlando, Florida, United States",FL,2026-03-27,True,False,False,FL,Standard,Mid-Gen (12-13),9,491.95,6.462585034013606
1106,Apple iPhone 15 A2846 MTLV3LL/A 128GB Unlocked Clean ESN Good (DSM),iPhone 15,15,False,128.0,128GB,128GB,False,Good - Refurbished,Refurbished,359.95,$200-399,2.812109375,,,False,8.0,True,9.0,True,Seller 020,"Jacksonville, Florida, United States",FL,2026-03-27,True,False,False,FL,Standard,Modern (14+),3,171.96000000000004,13.636363636363635
1107,Apple iPhone 17 256 GB Lavender Factory Unlocked Brand New Sealed Box,iPhone 17,17,False,256.0,256GB,256GB,False,New,Second-hand,869.0,$600-899,3.39453125,,,False,0.0,False,3.0,True,Seller 199,"Greenlawn, New York, United States",NY,2026-03-27,True,False,False,NY,Standard,Modern (14+),20,1000.99,7.857142857142857
1108,Apple iPhone 12 Pro Max 256GB Unlocked Good Condition - All Colors,iPhone 12 Pro Max,12,True,256.0,256GB,256GB,False,Good - Refurbished,Refurbished,319.99,$200-399,1.2499609375,,,False,4.0,True,234.0,True,Seller 084,"Sanford, Florida, United States",FL,2026-03-27,True,False,False,FL,Pro,Mid-Gen (12-13),21,4867.01,4.6875
1109,Apple iPhone 15 Plus 128GB Unlocked AT&T T-Mobile Verizon Very Good Condition,iPhone 15 Plus,15,False,128.0,128GB,128GB,False,Very Good - Refurbished,Refurbished,406.95,$400-599,3.179296875,899.0,54.73,True,0.0,False,1274.0,True,Seller 165,"Lawrence, Kansas, United States",KS,2026-03-27,True,False,False,KS,Standard,Modern (14+),1,88.0,25.0
1110,Apple iPhone 16 256GB Factory Unlocked AT&T T-Mobile Verizon Very Good Condition,iPhone 16,16,False,256.0,256GB,256GB,False,Very Good - Refurbished,Refurbished,590.95,$400-599,2.3083984375,,,False,18.0,True,768.0,True,Seller 165,"Lawrence, Kansas, United States",KS,2026-03-27,True,False,False,KS,Standard,Modern (14+),9,639.5,7.207207207207207
1111,Apple iPhone 14 Plus A2632 - Factory Unlocked - 128GB - Yellow - OPEN BOX,iPhone 14 Plus,14,False,128.0,128GB,128GB,False,Open Box,Like New,389.99,$200-399,3.046796875,,,False,3.0,True,1.0,True,Seller 178,"La Puente, California, United States",CA,2026-03-27,True,False,False,CA,Standard,Modern (14+),19,3410.0,31.343283582089555
1112,UNLOCKED - Apple iPhone 14 Pro Max A2651 512GB Space Black - Good Condition,iPhone 14 Pro Max,14,True,512.0,512GB,512GB,False,Used,Second-hand,559.99,$400-599,1.09373046875,,,False,3.0,True,0.0,False,Seller 178,"La Puente, California, United States",CA,2026-03-27,True,False,False,CA,Pro,Modern (14+),58,2750.0,8.085106382978724
1113,Apple iPhone 12 64BG Unlocked all Carriers - Good condition,iPhone 12,12,False,,Tidak Diketahui,,False,Used,Second-hand,180.0,<$200,,,,False,0.0,False,0.0,False,Seller 434,"Canyon Country, California, United States",CA,2026-03-27,True,False,False,CA,Standard,Mid-Gen (12-13),23,4428.01,45.073891625615765
1114,Apple iPhone 16 (6.1-in) Smartphone A3081 Unlocked - 128GB/White (90%+ Battery),iPhone 16,16,False,128.0,128GB,128GB,False,Open Box,Like New,634.99,$600-899,4.960859375,,,False,0.0,False,0.0,False,Seller 150,"Sykesville, Maryland, United States",MD,2026-03-27,True,False,False,MD,Standard,Modern (14+),6,639.5,7.207207207207207
1115,Apple iPhone 12 - 64GB - Black - Fully Unlocked MGH63LL/A A2172 • Poor Condition,iPhone 12,12,False,64.0,64GB,64GB,False,Used,Second-hand,119.0,<$200,1.859375,,,False,2.0,True,41.0,True,Seller 074,"Warminster, Pennsylvania, United States",PA,2026-03-27,True,False,False,PA,Standard,Mid-Gen (12-13),3,4428.01,45.073891625615765
1116,Apple iPhone 12 - 64GB - Black - Unlocked MGH63LL/A A2172 • Fair Cond.,iPhone 12,12,False,64.0,64GB,64GB,False,Used,Second-hand,129.0,<$200,2.015625,,,False,0.0,False,6.0,True,Seller 074,"Warminster, Pennsylvania, United States",PA,2026-03-27,True,False,False,PA,Standard,Mid-Gen (12-13),3,4428.01,45.073891625615765
1117,Apple iPhone 14 128GB 256GB 512GB Unlocked Smartphone - Heavy Scratch,iPhone 14,14,False,128.0,128GB,128GB|256GB|512GB,False,Used,Second-hand,239.99,$200-399,1.874921875,,,False,10.0,True,118.0,True,Seller 089,"Moonachie, New Jersey, United States",NJ,2026-03-27,True,False,False,NJ,Standard,Modern (14+),40,1329.99,21.492537313432834
1118,Apple iPhone 17 A3258 Unlocked 256GB Lavender Good,iPhone 17,17,False,256.0,256GB,256GB,False,Good - Refurbished,Refurbished,759.98,$600-899,2.968671875,,,False,2.0,True,0.0,False,Seller 208,"Clive, Iowa, United States",IA,2026-03-27,True,False,False,IA,Standard,Modern (14+),7,1000.99,7.857142857142857
1119,Apple iPhone 12 • 64GB • Black • Fully Unlocked MGH63LL/A A2172 • Good Cond.,iPhone 12,12,False,64.0,64GB,64GB,False,Good - Refurbished,Refurbished,179.0,<$200,2.796875,,,False,2.0,True,0.0,False,Seller 074,"Warminster, Pennsylvania, United States",PA,2026-03-27,True,False,False,PA,Standard,Mid-Gen (12-13),3,4428.01,45.073891625615765
1120,Apple iPhone 17 Pro Max 256GB A3257 Deep Blue Unlocked US Model • Very Good Cond,iPhone 17 Pro Max,17,True,256.0,256GB,256GB,False,Very Good - Refurbished,Refurbished,1249.0,$900-1299,4.87890625,,,False,0.0,False,0.0,False,Seller 074,"Warminster, Pennsylvania, United States",PA,2026-03-27,True,False,False,PA,Pro,Modern (14+),5,2710.0,8.176100628930817
1121,NEW*  Apple iPhone 17 | 256GB | Factory Unlocked ESIM | All Colors,iPhone 17,17,False,256.0,256GB,256GB,False,Open Box,Like New,829.99,$600-899,3.2421484375,899.0,7.68,True,0.0,False,7.0,True,Seller 015,"Bella Vista, Arkansas, United States",AR,2026-03-27,True,False,False,AR,Standard,Modern (14+),1,1000.99,7.857142857142857
1122,Apple iPhone 16 512GB Blue - Unlocked AT&T T-Mobile Verizon 7631123,iPhone 16,16,False,512.0,512GB,512GB,False,Open Box,Like New,675.0,$600-899,1.318359375,899.99,25.0,True,0.0,False,0.0,False,Seller 184,"Orlando, Florida, United States",FL,2026-03-27,True,False,False,FL,Standard,Modern (14+),25,639.5,7.207207207207207
1123,Apple iPhone 17 512GB Factory Unlocked AT&T T-Mobile Verizon Excellent Condition,iPhone 17,17,False,512.0,512GB,512GB,False,Excellent - Refurbished,Refurbished,949.95,$900-1299,1.85537109375,999.0,4.91,True,1.0,True,0.0,False,Seller 165,"Lawrence, Kansas, United States",KS,2026-03-27,True,False,False,KS,Standard,Modern (14+),1,1000.99,7.857142857142857
1124,Apple iPhone 14 512GB Factory Unlocked AT&T T-Mobile Verizon Fair Condition,iPhone 14,14,False,512.0,512GB,512GB,False,Used,Second-hand,279.95,$200-399,0.54677734375,1099.0,74.53,True,0.0,False,154.0,True,Seller 165,"Lawrence, Kansas, United States",KS,2026-03-27,True,False,False,KS,Standard,Modern (14+),9,1329.99,21.492537313432834
1125,Apple iPhone 17 Black 256GB MG494LL/A iOS 26.1 Wi-Fi Bluetooth NFC Smartphone,iPhone 17,17,False,256.0,256GB,256GB,False,New,Second-hand,450.0,$400-599,1.7578125,,,False,0.0,False,0.0,False,Seller 632,"Birmingham, Alabama, United States",AL,2026-03-27,True,False,False,AL,Standard,Modern (14+),1,1000.99,7.857142857142857
1126,Apple iPhone 14 Plus A2632 128GB 256GB 512GB Unlocked Smartphone - Heavy Scratch,iPhone 14 Plus,14,False,128.0,128GB,128GB|256GB|512GB,False,Used,Second-hand,319.99,$200-399,2.499921875,,,False,0.0,False,22.0,True,Seller 089,"Moonachie, New Jersey, United States",NJ,2026-03-27,True,False,False,NJ,Standard,Modern (14+),4,3410.0,31.343283582089555
1127,Blue Apple iPhone 16 128gb unlocked,iPhone 16,16,False,128.0,128GB,128GB,False,Open Box,Like New,589.0,$400-599,4.6015625,,,False,0.0,False,0.0,False,Seller 517,"Valley Stream, New York, United States",NY,2026-03-27,True,False,False,NY,Standard,Modern (14+),19,639.5,7.207207207207207
1128,Apple iPhone 12 Smartphone Verizon AT&T T-Mobile GSM Factory Unlocked Phone,iPhone 12,12,False,,Tidak Diketahui,,False,Used,Second-hand,179.95,<$200,,,,False,21.0,True,357.0,True,Seller 045,"Harriman, New York, United States",NY,2026-03-27,True,False,False,NY,Standard,Mid-Gen (12-13),24,4428.01,45.073891625615765
1129,Apple iPhone 15 128GB Unlocked Very Good Condition - All Colors,iPhone 15,15,False,128.0,128GB,128GB,False,Very Good - Refurbished,Refurbished,369.99,$200-399,2.890546875,,,False,0.0,False,60.0,True,Seller 084,"Sanford, Florida, United States",FL,2026-03-27,True,False,False,FL,Standard,Modern (14+),3,171.96000000000004,13.636363636363635
1130,Apple iPhone 17 - Unlocked 512GB Black - Excellent,iPhone 17,17,False,512.0,512GB,512GB,False,Excellent - Refurbished,Refurbished,929.0,$900-1299,1.814453125,,,False,4.0,True,0.0,False,Seller 028,"Tempe, Arizona, United States",AZ,2026-03-27,True,False,False,AZ,Standard,Modern (14+),8,1000.99,7.857142857142857
1131,Apple iPhone 17 256GB Lavender Unlocked - NEW & SEALED,iPhone 17,17,False,256.0,256GB,256GB,False,New,Second-hand,919.99,$900-1299,3.5937109375,,,False,0.0,False,0.0,False,Seller 084,"Sanford, FL, United States",FL,2026-03-27,True,False,False,FL,Standard,Modern (14+),10,1000.99,7.857142857142857
1132,Apple iPhone 17 (6.3-in) Smartphone (A3258) Unlocked - 256GB LAVENDER /EXCELLENT,iPhone 17,17,False,256.0,256GB,256GB,False,Excellent - Refurbished,Refurbished,749.0,$600-899,2.92578125,,,False,0.0,False,0.0,False,Seller 558,"Lewisville, Texas, United States",TX,2026-03-27,True,False,False,TX,Standard,Modern (14+),23,1000.99,7.857142857142857
1133,Apple iPhone 17 (6.3-in) Smartphone (A3258) Unlocked - 256GB / BLUE / EXCELLENT,iPhone 17,17,False,256.0,256GB,256GB,False,Excellent - Refurbished,Refurbished,749.0,$600-899,2.92578125,,,False,0.0,False,0.0,False,Seller 558,"Lewisville, Texas, United States",TX,2026-03-27,True,False,False,TX,Standard,Modern (14+),23,1000.99,7.857142857142857
1134,Apple iPhone 12 A2172 64 GB iOS 26.3.1 (Wi-Fi + 4G) Unlocked,iPhone 12,12,False,64.0,64GB,64GB,False,Used,Second-hand,169.99,<$200,2.65609375,,,False,0.0,False,0.0,False,Seller 393,"Indianapolis, Indiana, United States",IN,2026-03-27,True,False,False,IN,Standard,Mid-Gen (12-13),1,4428.01,45.073891625615765
1135,"Apple iPhone 13 5G 256GB 6.1"" Factory Unlocked Smartphone Midnight",iPhone 13,13,False,256.0,256GB,256GB,False,Used,Second-hand,260.99,$200-399,1.0194921875,384.99,32.21,True,0.0,False,0.0,False,Seller 009,"Cass City, Michigan, United States",MI,2026-03-27,True,False,False,MI,Standard,Mid-Gen (12-13),6,4935.0,20.909090909090907
1136,Apple iPhone 12 Pro Max - 256 GB - Graphite (Unlocked) Smartphone,iPhone 12 Pro Max,12,True,256.0,256GB,256GB,False,Used,Second-hand,265.0,$200-399,1.03515625,,,False,0.0,False,0.0,False,Seller 211,"New York, New York, United States",NY,2026-03-27,True,False,False,NY,Pro,Mid-Gen (12-13),22,4867.01,4.6875
1137,Apple iPhone 12 64GB – Fully Unlocked - VERY GOOD CONDITION - Unlocked - Purple,iPhone 12,12,False,64.0,64GB,64GB,False,Very Good - Refurbished,Refurbished,259.99,$200-399,4.06234375,,,False,0.0,False,0.0,False,Seller 162,"Encino, California, United States",CA,2026-03-27,True,False,False,CA,Standard,Mid-Gen (12-13),23,4428.01,45.073891625615765
1138,Apple iPhone 12 Pro Max 256GB Unlocked Very Good Condition - All Colors,iPhone 12 Pro Max,12,True,256.0,256GB,256GB,False,Very Good - Refurbished,Refurbished,339.99,$200-399,1.3280859375,,,False,7.0,True,262.0,True,Seller 084,"Sanford, Florida, United States",FL,2026-03-27,True,False,False,FL,Pro,Mid-Gen (12-13),21,4867.01,4.6875
1139,Apple IPhone 14 Pro Max 5G 512GB Factory Unlocked CDMA + GSM,iPhone 14 Pro Max,14,True,512.0,512GB,512GB,False,Used,Second-hand,526.99,$400-599,1.02927734375,647.99,18.67,True,0.0,False,0.0,False,Seller 009,"Cass City, Michigan, United States",MI,2026-03-27,True,False,False,MI,Pro,Modern (14+),2,2750.0,8.085106382978724
1140,Apple iPhone 14 Pro Max 128GB 256GB 512GB Unlocked Smartphone - Heavy Scratch,iPhone 14 Pro Max,14,True,128.0,128GB,128GB|256GB|512GB,False,Used,Second-hand,399.99,$200-399,3.124921875,,,False,0.0,False,29.0,True,Seller 089,"Moonachie, New Jersey, United States",NJ,2026-03-27,True,False,False,NJ,Pro,Modern (14+),73,2750.0,8.085106382978724
1141,"Apple iPhone 17 - 256 GB - Black (Unlocked) BRAND NEW, SEALED!",iPhone 17,17,False,256.0,256GB,256GB,False,New,Second-hand,799.0,$600-899,3.12109375,,,False,0.0,False,0.0,False,Seller 148,"Silver Spring, Maryland, United States",MD,2026-03-27,True,False,False,MD,Standard,Modern (14+),5,1000.99,7.857142857142857
1142,Apple iPhone 13 A2482 - Midnight - 128GB (Unlocked) - Fair Condition,iPhone 13,13,False,128.0,128GB,128GB,False,Used,Second-hand,253.99,$200-399,1.984296875,,,False,0.0,False,0.0,False,Seller 164,"Mentor, Ohio, United States",OH,2026-03-27,True,False,False,OH,Standard,Mid-Gen (12-13),1,4935.0,20.909090909090907
1143,Apple iPhone 14 128GB Black Unlocked Smartphone - Heavy Scratch,iPhone 14,14,False,128.0,128GB,128GB,False,Used,Second-hand,229.99,$200-399,1.796796875,,,False,10.0,True,8.0,True,Seller 089,"Moonachie, New Jersey, United States",NJ,2026-03-27,True,False,False,NJ,Standard,Modern (14+),40,1329.99,21.492537313432834
1144,Apple iPhone 15 eSim (5G) 512GB | 256GB | 128GB | GSM+CDMA Factory Unlocked,iPhone 15,15,False,128.0,128GB,128GB|256GB|512GB,False,Open Box,Like New,409.88,$400-599,3.2021875,,,False,2.0,True,93.0,True,Seller 110,"Brooklyn, New York, United States",NY,2026-03-27,True,False,False,NY,Standard,Modern (14+),10,171.96000000000004,13.636363636363635
1145,Apple iPhone 16 - Unlocked - Ultramarine - 128GB - Excellent,iPhone 16,16,False,128.0,128GB,128GB,False,Excellent - Refurbished,Refurbished,569.0,$400-599,4.4453125,,,False,0.0,False,6.0,True,Seller 028,"Chandler, Arizona, United States",AZ,2026-03-27,True,False,False,AZ,Standard,Modern (14+),6,639.5,7.207207207207207
1146,Apple iPhone 17 US Version 256GB Black - Unlocked - Excellent,iPhone 17,17,False,256.0,256GB,256GB,False,Excellent - Refurbished,Refurbished,799.99,$600-899,3.1249609375,,,False,10.0,True,2.0,True,Seller 018,"Addison, Texas, United States",TX,2026-03-27,True,False,False,TX,Standard,Modern (14+),23,1000.99,7.857142857142857
1147,EC. Apple iPhone 14 Pro Max - 1Tb - White - Factory & Telco unlocked (pre-owned),iPhone 14 Pro Max,14,True,1024.0,1024GB,1024GB,False,Used,Second-hand,1750.0,$1300+,1.708984375,,,False,0.0,False,0.0,False,Seller 661,"Werribee, VIC, Australia",INTL,2026-03-27,True,False,False,INTL,Pro,Modern (14+),17,2750.0,8.085106382978724
1148,Apple iPhone 14 Pro Max 128GB (Network Unlocked) US E Sim Gold,iPhone 14 Pro Max,14,True,128.0,128GB,128GB,False,Used,Second-hand,413.99,$400-599,3.234296875,1080.99,61.7,True,0.0,False,0.0,False,Seller 009,"Cass City, Michigan, United States",MI,2026-03-27,True,False,False,MI,Pro,Modern (14+),2,2750.0,8.085106382978724
1149,Apple iPhone 17 - Unlocked - 256GB - Mist Blue - Excellent,iPhone 17,17,False,256.0,256GB,256GB,False,Excellent - Refurbished,Refurbished,789.0,$600-899,3.08203125,,,False,4.0,True,3.0,True,Seller 028,"Tempe, Arizona, United States",AZ,2026-03-27,True,False,False,AZ,Standard,Modern (14+),8,1000.99,7.857142857142857
1150,Apple iPhone 16 (6.1-inch) Smartphone (A3081) Unlocked - 128GB / White,iPhone 16,16,False,128.0,128GB,128GB,False,Excellent - Refurbished,Refurbished,634.99,$600-899,4.960859375,,,False,0.0,False,0.0,False,Seller 150,"Sykesville, Maryland, United States",MD,2026-03-27,True,False,False,MD,Standard,Modern (14+),6,639.5,7.207207207207207
1151,Apple iPhone 16 - Unlocked - Black - 128GB - Very Good,iPhone 16,16,False,128.0,128GB,128GB,False,Very Good - Refurbished,Refurbished,557.0,$400-599,4.3515625,,,False,0.0,False,0.0,False,Seller 028,"Chandler, AZ, United States",AZ,2026-03-27,True,False,False,AZ,Standard,Modern (14+),6,639.5,7.207207207207207
1152,Apple iPhone 16 512GB White Unlocked AT&T T-Mobile Verizon w/ 100% batt! 7631142,iPhone 16,16,False,512.0,512GB,512GB,False,Open Box,Like New,700.0,$600-899,1.3671875,899.99,22.22,True,0.0,False,0.0,False,Seller 184,"Orlando, Florida, United States",FL,2026-03-27,True,False,False,FL,Standard,Modern (14+),25,639.5,7.207207207207207
1153,Apple iPhone 16 A3081 Unlocked 256GB Black Good,iPhone 16,16,False,256.0,256GB,256GB,False,Good - Refurbished,Refurbished,570.01,$400-599,2.2266015625,,,False,2.0,True,2.0,True,Seller 208,"Clive, Iowa, United States",IA,2026-03-27,True,False,False,IA,Standard,Modern (14+),2,639.5,7.207207207207207
1154,APPLE IPHONE 15 128GB 256GB 512GB (FACTORY UNLOCKED) 🔋 100% BATTERY 🔋 ❖SEALED❖,iPhone 15,15,False,128.0,128GB,128GB|256GB|512GB,False,New,Second-hand,526.95,$400-599,4.116796875,,,False,10.0,True,664.0,True,Seller 146,"Los Angeles, California, United States",CA,2026-03-27,True,False,False,CA,Standard,Modern (14+),10,171.96000000000004,13.636363636363635
1155,"Apple iPhone 12 Pro Max, 128/256/512GB - Unlocked - Good",iPhone 12 Pro Max,12,True,512.0,512GB,512GB,False,Good - Refurbished,Refurbished,609.0,$600-899,1.189453125,,,False,4.0,True,0.0,False,Seller 162,"Encino, California, United States",CA,2026-03-27,True,False,False,CA,Pro,Mid-Gen (12-13),10,4867.01,4.6875
1156,New in Sealed Apple iPhone 13 Mini A2481 5G 128/256/512G 5.4in Unlocked Phones,iPhone 13 Mini,13,False,,Tidak Diketahui,,False,New,Second-hand,321.43,$200-399,,,,False,1.0,True,0.0,False,Seller 648,"Los Angeles, California, United States",CA,2026-03-28,True,False,False,CA,Standard,Mid-Gen (12-13),54,491.95,6.462585034013606
1157,New Apple iPhone 14 A2649 128GB Factory Unlocked GSM+CDMA All Carriers 2Yr Wty,iPhone 14,14,False,128.0,128GB,128GB,False,New,Second-hand,403.95,$400-599,3.155859375,,,False,5.0,True,0.0,False,Seller 194,"Austin, Texas, United States",TX,2026-03-28,True,False,False,TX,Standard,Modern (14+),150,1329.99,21.492537313432834
1158,NEW IN Apple iPhone 14/14 Pro max 5G 128G-1TB GSM CDMA FACTORY UNLOCKED US STOCK,iPhone 14,14,False,1024.0,1024GB,1024GB,False,New,Second-hand,408.03,$400-599,0.398466796875,,,False,10.0,True,0.0,False,Seller 648,"Whippany, New Jersey, United States",NJ,2026-03-28,True,False,False,NJ,Standard,Modern (14+),40,1329.99,21.492537313432834
1159,Apple iPhone 12 PRO Max Verizon AT&T T-Mobile GSM Factory Unlocked Phone - Good,iPhone 12 Pro Max,12,True,,Tidak Diketahui,,False,Used,Second-hand,279.95,$200-399,,,,False,8.0,True,254.0,True,Seller 045,"Harriman, New York, United States",NY,2026-03-28,True,False,False,NY,Pro,Mid-Gen (12-13),22,4867.01,4.6875
1160,NEW*  Apple iPhone 17 Pro Max | 256GB Cosmic Orange | Factory Unlocked ESIM,iPhone 17 Pro Max,17,True,256.0,256GB,256GB,False,Open Box,Like New,1329.99,$1300+,5.1952734375,,,False,0.0,False,28.0,True,Seller 015,"Bella Vista, Arkansas, United States",AR,2026-03-28,True,False,False,AR,Pro,Modern (14+),4,2710.0,8.176100628930817
1161,New-Sealed Apple iPhone 13 MINI A2481 128GB 256GB Factory Unlocked Smartphones,iPhone 13 Mini,13,False,128.0,128GB,128GB|256GB,False,New,Second-hand,322.99,$200-399,2.523359375,,,False,5.0,True,3.0,True,Seller 053,"Shenzhen, China",INTL,2026-03-28,True,False,False,INTL,Standard,Mid-Gen (12-13),26,491.95,6.462585034013606
1162,Apple iPhone 13 Mini - Verizon AT&T T-Mobile GSM Factory Unlocked Phone - Good,iPhone 13 Mini,13,False,,Tidak Diketahui,,False,Used,Second-hand,209.95,$200-399,,,,False,17.0,True,73.0,True,Seller 045,"Harriman, New York, United States",NY,2026-03-28,True,False,False,NY,Standard,Mid-Gen (12-13),31,491.95,6.462585034013606
1163,New in Sealed Box Apple iPhone 14 PRO MAX 5G Factory Unlocked USA Fast Shipping,iPhone 14 Pro Max,14,True,,Tidak Diketahui,,False,New,Second-hand,675.99,$600-899,,,,False,2.0,True,0.0,False,Seller 021,"Whippany, New Jersey, United States",NJ,2026-03-28,True,False,False,NJ,Pro,Modern (14+),73,2750.0,8.085106382978724
1164,"iPhone 14 Powers On, Has Sound/vibration black Screen After Water Damage",iPhone 14,14,False,,Tidak Diketahui,,False,For Parts Or Not Working,Damaged,149.0,<$200,,,,False,0.0,False,0.0,False,Seller 277,"Cibolo, Texas, United States",TX,2026-03-28,True,False,False,TX,Standard,Modern (14+),150,1329.99,21.492537313432834
1165,✨NEW Sealed✨ Apple Iphone 13 Mini/13/12 Mini 256G/128GB Factory Unlocked USA,iPhone 13 Mini,13,False,128.0,128GB,128GB,False,New,Second-hand,335.99,$200-399,,,,False,3.0,True,3.0,True,Seller 053,"Whippany, New Jersey, United States",NJ,2026-03-28,True,True,False,NJ,Standard,Mid-Gen (12-13),151,491.95,6.462585034013606
1166,New Sealed Box Apple iPhone 14 5G 128/256GB Factory Unlocked GSM+CDMA USA SHIP,iPhone 14,14,False,256.0,256GB,256GB,False,New,Second-hand,403.95,$400-599,1.5779296875,,,False,5.0,True,0.0,False,Seller 512,"Austin, Texas, United States",TX,2026-03-28,True,False,False,TX,Standard,Modern (14+),150,1329.99,21.492537313432834
1167,NEW SEALED APPLE IPHONE 14 128GB 256/512G 6.1 in FACTORY UNLOCKED ALL GSM+CDMA,iPhone 14,14,False,128.0,128GB,128GB,False,New,Second-hand,389.99,$200-399,3.046796875,,,False,5.0,True,0.0,False,Seller 172,"Whippany, New Jersey, United States",NJ,2026-03-28,True,False,False,NJ,Standard,Modern (14+),40,1329.99,21.492537313432834
1168,Apple Iphone 13 Mini 5G 512GB 256GB 128GB Factory Unlocked ALL CARRIER GSM CDMA,iPhone 13 Mini,13,False,128.0,128GB,128GB|256GB|512GB,False,New,Second-hand,323.99,$200-399,2.531171875,,,False,2.0,True,0.0,False,Seller 508,"Whippany, New Jersey, United States",NJ,2026-03-28,True,False,False,NJ,Standard,Mid-Gen (12-13),151,491.95,6.462585034013606
1169,New Sealed Apple iPhone 13 MINI/14/iPhone 14 Pro Max/Factory Unlocked GSM+CDMA,iPhone 14 Pro Max,14,True,,Tidak Diketahui,,False,New,Second-hand,332.01,$200-399,,,,False,3.0,True,1.0,True,Seller 172,"Los Angeles, California, United States",CA,2026-03-28,True,True,False,CA,Pro,Modern (14+),58,2750.0,8.085106382978724
1170,New Sealed Apple iPhone 14 Pro Max 6.7 in 128/256/512G Factory Unlocked GSM+CDMA,iPhone 14 Pro Max,14,True,,Tidak Diketahui,,False,New,Second-hand,745.12,$600-899,,,,False,2.0,True,0.0,False,Seller 531,"Whippany, New Jersey, United States",NJ,2026-03-28,True,False,False,NJ,Pro,Modern (14+),73,2750.0,8.085106382978724
1171,"Apple iPhone 17 256GB 6.3"" 5G Fully Unlocked US Version - Excellent",iPhone 17,17,False,256.0,256GB,256GB,False,Excellent - Refurbished,Refurbished,789.99,$600-899,3.0858984375,,,False,9.0,True,89.0,True,Seller 177,"Carrollton, Texas, United States",TX,2026-03-28,True,False,False,TX,Standard,Modern (14+),23,1000.99,7.857142857142857
1172,✨NEW Sealed✨ Apple Iphone 13 Mini 5G 128GB~512GB Factory Unlocked All Carriers,iPhone 13 Mini,13,False,128.0,128GB,128GB|512GB,False,New,Second-hand,322.99,$200-399,2.523359375,,,False,5.0,True,2.0,True,Seller 053,"Whippany, New Jersey, United States",NJ,2026-03-28,True,False,False,NJ,Standard,Mid-Gen (12-13),151,491.95,6.462585034013606
1173,✨NEW Sealed✨ Apple Iphone 13 Mini 128GB~256GB Factory Unlocked All Carriers,iPhone 13 Mini,13,False,128.0,128GB,128GB|256GB,False,New,Second-hand,333.88,$200-399,2.6084375,,,False,5.0,True,0.0,False,Seller 053,"Whippany, New Jersey, United States",NJ,2026-03-28,True,False,False,NJ,Standard,Mid-Gen (12-13),151,491.95,6.462585034013606
1174,NEW SEALED Apple iPhone 13 /13MINI /13 pro max/14/14 Pro Max/ 12 MINIUnlocked,iPhone 13,13,False,,Tidak Diketahui,,False,New,Second-hand,332.01,$200-399,,,,False,3.0,True,0.0,False,Seller 531,"Whippany, New Jersey, United States",NJ,2026-03-28,True,True,False,NJ,Standard,Mid-Gen (12-13),28,4935.0,20.909090909090907
1175,New-Sealed Apple iPhone 13 MINI A2481 128GB 256GB Unlocked GSM CDMA Smartphones,iPhone 13 Mini,13,False,128.0,128GB,128GB|256GB,False,New,Second-hand,322.99,$200-399,2.523359375,,,False,5.0,True,11.0,True,Seller 053,"Shenzhen, China",INTL,2026-03-28,True,False,False,INTL,Standard,Mid-Gen (12-13),26,491.95,6.462585034013606
1176,New Apple Iphone 13 Mini A2481 128GB 256GB Unlocked 2 YEAR WARRANTY GSM CDMA,iPhone 13 Mini,13,False,128.0,128GB,128GB|256GB,False,New,Second-hand,323.99,$200-399,2.531171875,,,False,2.0,True,0.0,False,Seller 508,"Whippany, New Jersey, United States",NJ,2026-03-28,True,False,False,NJ,Standard,Mid-Gen (12-13),151,491.95,6.462585034013606
1177,NEW Apple Iphone 13 Mini A2481 128GB 256GB 512GB Factory Unlocked (ALL CARRIER),iPhone 13 Mini,13,False,128.0,128GB,128GB|256GB|512GB,False,New,Second-hand,323.99,$200-399,2.531171875,,,False,2.0,True,0.0,False,Seller 508,"Whippany, New Jersey, United States",NJ,2026-03-28,True,False,False,NJ,Standard,Mid-Gen (12-13),151,491.95,6.462585034013606
1178,New in Box APPLE IPHONE 14 PRO MAX 512G/256/128GB Factory Unlocked ALL GSM+CDMA,iPhone 14 Pro Max,14,True,128.0,128GB,128GB,False,New,Second-hand,745.12,$600-899,5.82125,,,False,2.0,True,0.0,False,Seller 172,"Whippany, New Jersey, United States",NJ,2026-03-28,True,False,False,NJ,Pro,Modern (14+),73,2750.0,8.085106382978724
1179,New in Sealed Box Apple iPhone 14 5G 128/256/512GB A2649 USA Unlocked Smartphone,iPhone 14,14,False,512.0,512GB,512GB,False,New,Second-hand,403.95,$400-599,0.78896484375,,,False,5.0,True,0.0,False,Seller 021,"Austin, Texas, United States",TX,2026-03-28,True,False,False,TX,Standard,Modern (14+),150,1329.99,21.492537313432834
1180,Apple Iphone 13 Mini 5G 128GB~512GB GSM CDMA Unlocked All Carrier Smartphones,iPhone 13 Mini,13,False,128.0,128GB,128GB|512GB,False,New,Second-hand,323.99,$200-399,2.531171875,,,False,5.0,True,0.0,False,Seller 650,"Whippany, New Jersey, United States",NJ,2026-03-28,True,False,False,NJ,Standard,Mid-Gen (12-13),151,491.95,6.462585034013606
1181,"New in Sealed Box Apple iPhone 13 Mini A2481 5G 128/256/512G 5.4"" Unlocked Phone",iPhone 13 Mini,13,False,,Tidak Diketahui,,False,New,Second-hand,321.43,$200-399,,,,False,1.0,True,0.0,False,Seller 648,"Los Angeles, California, United States",CA,2026-03-28,True,False,False,CA,Standard,Mid-Gen (12-13),54,491.95,6.462585034013606
1182,NEW SEALED APPLE IPHONE 14 5G 128-512GB FACTORY UNLOCKED GSM CDMA FAST SHIPPING,iPhone 14,14,False,512.0,512GB,512GB,False,New,Second-hand,403.95,$400-599,0.78896484375,,,False,5.0,True,0.0,False,Seller 021,"Whippany, New Jersey, United States",NJ,2026-03-28,True,False,False,NJ,Standard,Modern (14+),40,1329.99,21.492537313432834
1183,NEW SEALED APPLE IPHONE 14 5G 512-128GB FACTORY UNLOCKED SMARTPHONES US STOCK,iPhone 14,14,False,128.0,128GB,128GB,False,New,Second-hand,403.95,$400-599,3.155859375,,,False,5.0,True,0.0,False,Seller 512,"Austin, Texas, United States",TX,2026-03-28,True,False,False,TX,Standard,Modern (14+),150,1329.99,21.492537313432834
1184,"New Sealed Apple iPhone 13 Mini/12 Mini 128GB - USA Stock, Factory Unlocked",iPhone 13 Mini,13,False,128.0,128GB,128GB,False,New,Second-hand,335.99,$200-399,,,,False,3.0,True,44.0,True,Seller 650,"Whippany, New Jersey, United States",NJ,2026-03-28,True,True,False,NJ,Standard,Mid-Gen (12-13),151,491.95,6.462585034013606
1185,New Apple Iphone 13 Mini 5G A2481 128GB 256GB 512GB FULLY UNLOCKED ALL GSM CDMA,iPhone 13 Mini,13,False,128.0,128GB,128GB|256GB|512GB,False,New,Second-hand,321.43,$200-399,2.511171875,,,False,1.0,True,0.0,False,Seller 655,"Los Angeles, California, United States",CA,2026-03-28,True,False,False,CA,Standard,Mid-Gen (12-13),54,491.95,6.462585034013606
1186,"New Apple iPhone 13, 128/256/512GB - Factory Unlocked - Sealed Box - All colors",iPhone 13,13,False,512.0,512GB,512GB,False,New,Second-hand,432.12,$400-599,0.843984375,,,False,2.0,True,2.0,True,Seller 021,"Whippany, New Jersey, United States",NJ,2026-03-28,True,False,False,NJ,Standard,Mid-Gen (12-13),28,4935.0,20.909090909090907
1187,✨NEW Sealed✨ Apple Iphone 13 Mini /Iphone 12 Mini 128GB Factory Unlocked USA,iPhone 13 Mini,13,False,128.0,128GB,128GB,False,New,Second-hand,335.99,$200-399,,,,False,3.0,True,1.0,True,Seller 053,"Whippany, New Jersey, United States",NJ,2026-03-28,True,True,False,NJ,Standard,Mid-Gen (12-13),151,491.95,6.462585034013606
1188,✨NEW Sealed✨ Apple Iphone 13 Mini 512GB 256GB 128GB Factory Unlocked All Carrier,iPhone 13 Mini,13,False,128.0,128GB,128GB|256GB|512GB,False,New,Second-hand,323.99,$200-399,2.531171875,,,False,5.0,True,0.0,False,Seller 053,"Whippany, New Jersey, United States",NJ,2026-03-28,True,False,False,NJ,Standard,Mid-Gen (12-13),151,491.95,6.462585034013606
1189,Apple iPhone 13 MINI A2481 128/256/512GB Desbloqueado Envío Rápido -Excelente A+-,iPhone 13 Mini,13,False,512.0,512GB,512GB,False,Open Box,Like New,362.97,$200-399,0.70892578125,,,False,0.0,False,0.0,False,Seller 385,"Whippany, New Jersey, Estados Unidos",NJ,2026-03-28,True,False,False,NJ,Standard,Mid-Gen (12-13),151,491.95,6.462585034013606
1190,💯NEW SEALED Apple iPhone 13 MINI 128/256/512GB FACTORY UNLOCKED All Carriers,iPhone 13 Mini,13,False,512.0,512GB,512GB,False,New,Second-hand,322.01,$200-399,0.62892578125,,,False,2.0,True,1.0,True,Seller 172,"Los Angeles, California, United States",CA,2026-03-28,True,False,False,CA,Standard,Mid-Gen (12-13),54,491.95,6.462585034013606
1191,New Sealed Apple iPhone 13/iPhone 14/14 Pro Max Factory Unlocked GSM+CDMA US,iPhone 13,13,False,,Tidak Diketahui,,False,New,Second-hand,409.95,$400-599,,,,False,10.0,True,7.0,True,Seller 021,"Whippany, New Jersey, United States",NJ,2026-03-28,True,True,False,NJ,Standard,Mid-Gen (12-13),28,4935.0,20.909090909090907
1192,✨NEW Sealed✨ Apple Iphone 13 Mini 128GB/256GB Factory Unlocked USA All Carriers,iPhone 13 Mini,13,False,128.0,128GB,128GB|256GB,False,New,Second-hand,322.99,$200-399,2.523359375,,,False,5.0,True,3.0,True,Seller 053,"Whippany, New Jersey, United States",NJ,2026-03-28,True,False,False,NJ,Standard,Mid-Gen (12-13),151,491.95,6.462585034013606
1193,✨NEW Sealed✨ Apple Iphone 13 Mini 128GB 256GB 512GB Factory Unlocked All Carrier,iPhone 13 Mini,13,False,128.0,128GB,128GB|256GB|512GB,False,New,Second-hand,323.99,$200-399,2.531171875,,,False,5.0,True,0.0,False,Seller 053,"Whippany, New Jersey, United States",NJ,2026-03-28,True,False,False,NJ,Standard,Mid-Gen (12-13),151,491.95,6.462585034013606
1194,Apple iPhone 17 Pro Max | 256GB Cosmic Orange | Factory Unlocked | Excellent,iPhone 17 Pro Max,17,True,256.0,256GB,256GB,False,Excellent - Refurbished,Refurbished,1329.99,$1300+,5.1952734375,,,False,0.0,False,16.0,True,Seller 015,"Bella Vista, Arkansas, United States",AR,2026-03-28,True,False,False,AR,Pro,Modern (14+),4,2710.0,8.176100628930817
1195,New Sealed Apple iPhone 12 Pro/12 Mini/13 Mini 13 Pro Max Unlocked Fast delivery,iPhone 12 Pro,12,True,,Tidak Diketahui,,False,New,Second-hand,332.01,$200-399,,,,False,3.0,True,6.0,True,Seller 172,"Whippany, New Jersey, United States",NJ,2026-03-28,True,True,False,NJ,Pro,Mid-Gen (12-13),5,4685.89,10.0
1196,FACTORY NEW SEALED Apple iPhone 14 5G 512-256-128GB FULLY UNLOCKED US STOCK SHIP,iPhone 14,14,False,128.0,128GB,128GB,False,New,Second-hand,403.95,$400-599,3.155859375,,,False,5.0,True,0.0,False,Seller 021,"Austin, Texas, United States",TX,2026-03-28,True,False,False,TX,Standard,Modern (14+),150,1329.99,21.492537313432834
1197,iPhone 17 256gb AT&T Locked- Open Box,iPhone 17,17,False,256.0,256GB,256GB,False,Open Box,Like New,649.99,$600-899,2.5390234375,,,False,7.0,True,0.0,False,Seller 062,"West Chester, Ohio, United States",OH,2026-03-28,True,False,False,OH,Standard,Modern (14+),7,1000.99,7.857142857142857
1198,New sealed Apple iPhone 14 5G 128-256-512GB Factory Unlocked USA STOCK GSM CDMA,iPhone 14,14,False,512.0,512GB,512GB,False,New,Second-hand,389.01,$200-399,0.75978515625,,,False,1.0,True,0.0,False,Seller 648,"Whippany, New Jersey, United States",NJ,2026-03-28,True,False,False,NJ,Standard,Modern (14+),40,1329.99,21.492537313432834
1199,Apple iPhone 17 Pro Max - 1 TB - Cosmic Orange (Unlocked),iPhone 17 Pro Max,17,True,1024.0,1024GB,1024GB,False,New,Second-hand,1100.0,$900-1299,1.07421875,,,False,0.0,False,0.0,False,Seller 495,"Evansville, Indiana, United States",IN,2026-03-28,True,False,False,IN,Pro,Modern (14+),2,2710.0,8.176100628930817
1200,New sealed Apple iPhone 14 PRO MAX 5G 128/256/512G/1TB Unlocked US fast shipping,iPhone 14 Pro Max,14,True,1024.0,1024GB,1024GB,False,New,Second-hand,745.12,$600-899,0.72765625,,,False,2.0,True,0.0,False,Seller 172,"Whippany, New Jersey, United States",NJ,2026-03-28,True,False,False,NJ,Pro,Modern (14+),73,2750.0,8.085106382978724
1201,New Apple iPhone 13 MINI 5G 128GB Unlocked GSM Verizon T-Mobile At&T Phone,iPhone 13 Mini,13,False,128.0,128GB,128GB,False,New,Second-hand,323.99,$200-399,2.531171875,,,False,5.0,True,0.0,False,Seller 650,"Whippany, New Jersey, United States",NJ,2026-03-28,True,False,False,NJ,Standard,Mid-Gen (12-13),151,491.95,6.462585034013606
1202,New in Sealed Apple iPhone 14 5G USA 128/256/512G Unlocked US STOCK Free shippin,iPhone 14,14,False,,Tidak Diketahui,,False,New,Second-hand,389.01,$200-399,,,,False,1.0,True,0.0,False,Seller 655,"Los Angeles, California, United States",CA,2026-03-28,True,False,False,CA,Standard,Modern (14+),40,1329.99,21.492537313432834
1203,New Apple iPhone 13 MINI 13 PRO MAX 128GB 256GB 512GB A2176 A2484 US Unlocked,iPhone 13 Mini,13,False,128.0,128GB,128GB|256GB|512GB,False,New,Second-hand,322.99,$200-399,2.523359375,,,False,3.0,True,12.0,True,Seller 508,"Whippany, New Jersey, United States",NJ,2026-03-28,True,False,False,NJ,Standard,Mid-Gen (12-13),151,491.95,6.462585034013606
1204,New in Sealed Box Apple iPhone 14 5G A2649 128/256GB Factory Unlocked Smartphone,iPhone 14,14,False,256.0,256GB,256GB,False,New,Second-hand,403.95,$400-599,1.5779296875,,,False,5.0,True,0.0,False,Seller 512,"Austin, Texas, United States",TX,2026-03-28,True,False,False,TX,Standard,Modern (14+),150,1329.99,21.492537313432834
1205,Apple Iphone 13 Mini A2481 128GB 256GB Unlocked GSM CDMA AT&T T-MOBILE VERIZON,iPhone 13 Mini,13,False,128.0,128GB,128GB|256GB,False,New,Second-hand,323.99,$200-399,2.531171875,,,False,2.0,True,0.0,False,Seller 508,"Whippany, New Jersey, United States",NJ,2026-03-28,True,False,False,NJ,Standard,Mid-Gen (12-13),151,491.95,6.462585034013606
1206,"Apple iPhone 13, 128/256/512GB - Unlocked - Refurbished Excellent",iPhone 13,13,False,512.0,512GB,512GB,False,Excellent - Refurbished,Refurbished,339.99,$200-399,0.66404296875,,,False,0.0,False,330.0,True,Seller 061,"Brooklyn, New York, United States",NY,2026-03-28,True,False,False,NY,Standard,Mid-Gen (12-13),27,4935.0,20.909090909090907
1207,New Apple iPhone 13 MINI A2481 5G 128GB Unlocked GSM Verizon T-Mobile At&T,iPhone 13 Mini,13,False,128.0,128GB,128GB,False,New,Second-hand,323.99,$200-399,2.531171875,,,False,5.0,True,0.0,False,Seller 650,"Whippany, New Jersey, United States",NJ,2026-03-28,True,False,False,NJ,Standard,Mid-Gen (12-13),151,491.95,6.462585034013606
1208,New Apple Iphone 13 Mini A2481 128GB 256GB FULLY UNLOCKED ALL GSM CDMA CARRIERS,iPhone 13 Mini,13,False,128.0,128GB,128GB|256GB,False,New,Second-hand,321.43,$200-399,2.511171875,,,False,1.0,True,0.0,False,Seller 655,"Los Angeles, California, United States",CA,2026-03-28,True,False,False,CA,Standard,Mid-Gen (12-13),54,491.95,6.462585034013606
1209,New sealed Apple iPhone 14 PRO MAX 5G 128/256/512G/1TB Unlocked US Free shipping,iPhone 14 Pro Max,14,True,1024.0,1024GB,1024GB,False,New,Second-hand,629.51,$600-899,0.614755859375,,,False,0.0,False,2.0,True,Seller 655,"Los Angeles, California, United States",CA,2026-03-28,True,False,False,CA,Pro,Modern (14+),58,2750.0,8.085106382978724
1210,New Apple iPhone 13 MINI 13 PRO MAX 128GB 256GB 512GB A2176 A2484 US Unlocked,iPhone 13 Mini,13,False,128.0,128GB,128GB|256GB|512GB,False,New,Second-hand,321.43,$200-399,2.511171875,,,False,0.0,False,3.0,True,Seller 655,"Los Angeles, California, United States",CA,2026-03-28,True,False,False,CA,Standard,Mid-Gen (12-13),54,491.95,6.462585034013606
1211,BRAND NEW Apple iPhone 13 MINI 128/256/512GB Factory Unlocked A2481 US Delivere,iPhone 13 Mini,13,False,512.0,512GB,512GB,False,New,Second-hand,321.42,$200-399,0.6277734375,,,False,1.0,True,0.0,False,Seller 385,"Los Angeles, California, United States",CA,2026-03-28,True,False,False,CA,Standard,Mid-Gen (12-13),54,491.95,6.462585034013606
1212,FACTORY NEW SEALED Apple iPhone 13 MINI 5G 512-256-128GB UNLOCKED 2 Yr Warranty,iPhone 13 Mini,13,False,128.0,128GB,128GB,False,New,Second-hand,321.42,$200-399,2.51109375,,,False,0.0,False,2.0,True,Seller 385,"Whippany, New Jersey, United States",NJ,2026-03-28,True,False,False,NJ,Standard,Mid-Gen (12-13),151,491.95,6.462585034013606
1213,New Apple iPhone 14 Pro Max 5G 128/256/512GB Factory Unlocked 2Yr Wty US Stock,iPhone 14 Pro Max,14,True,512.0,512GB,512GB,False,New,Second-hand,675.99,$600-899,1.32029296875,,,False,2.0,True,0.0,False,Seller 512,"Whippany, New Jersey, United States",NJ,2026-03-28,True,False,False,NJ,Pro,Modern (14+),73,2750.0,8.085106382978724
1214,NEW SEALED Apple iPhone 13 mini (5G) A2481 128GB/256GB/512GB Unlocked Smartphone,iPhone 13 Mini,13,False,128.0,128GB,128GB|256GB|512GB,False,New,Second-hand,332.05,$200-399,2.594140625,,,False,8.0,True,18.0,True,Seller 385,"Whippany, New Jersey, United States",NJ,2026-03-28,True,False,False,NJ,Standard,Mid-Gen (12-13),151,491.95,6.462585034013606
1215,Apple Iphone 13 Mini A2481 128GB 256GB Factory Unlocked ALL CARRIERS GSM CDMA,iPhone 13 Mini,13,False,128.0,128GB,128GB|256GB,False,New,Second-hand,323.99,$200-399,2.531171875,,,False,2.0,True,0.0,False,Seller 508,"Whippany, New Jersey, United States",NJ,2026-03-28,True,False,False,NJ,Standard,Mid-Gen (12-13),151,491.95,6.462585034013606
1216,NEW SEALED APPLE IPHONE 14 PRO MAX 128GB/256GB/512GB FACTORY UNLOCKED GSM CDMA,iPhone 14 Pro Max,14,True,128.0,128GB,128GB|256GB|512GB,False,New,Second-hand,673.99,$600-899,5.265546875,,,False,2.0,True,8.0,True,Seller 508,"Whippany, New Jersey, United States",NJ,2026-03-28,True,False,False,NJ,Pro,Modern (14+),73,2750.0,8.085106382978724
1217,Apple Iphone 13 Mini 5G A2481 128GB 256GB Factory Unlocked AT&T T-MOBILE VERIZON,iPhone 13 Mini,13,False,128.0,128GB,128GB|256GB,False,New,Second-hand,321.43,$200-399,2.511171875,,,False,0.0,False,1.0,True,Seller 655,"Los Angeles, California, United States",CA,2026-03-28,True,False,False,CA,Standard,Mid-Gen (12-13),54,491.95,6.462585034013606
1218,【NEW】Apple iPhone 13 MINI 5G A2481 128GB 256GB 512GB US Unlocked ALL Carriers,iPhone 13 Mini,13,False,128.0,128GB,128GB|256GB|512GB,False,New,Second-hand,323.99,$200-399,2.531171875,,,False,5.0,True,1.0,True,Seller 053,"Shenzhen, China",INTL,2026-03-28,True,False,False,INTL,Standard,Mid-Gen (12-13),26,491.95,6.462585034013606
1219,New Apple iPhone 13 MINI A2481 128GB/256GB USA UNLOCKED T-Mobile AT&T Verizon,iPhone 13 Mini,13,False,128.0,128GB,128GB|256GB,False,New,Second-hand,323.99,$200-399,2.531171875,,,False,5.0,True,0.0,False,Seller 053,"Shenzhen, China",INTL,2026-03-28,True,False,False,INTL,Standard,Mid-Gen (12-13),26,491.95,6.462585034013606
1220,"Apple iPhone 14 Pro Max 128/256/512GB/1TB, Fully Unlocked - Used Very Good",iPhone 14 Pro Max,14,True,512.0,512GB,512GB|1024GB,False,Used,Second-hand,454.99,$400-599,0.88865234375,,,False,0.0,False,108.0,True,Seller 061,"Brooklyn, New York, United States",NY,2026-03-28,True,False,False,NY,Pro,Modern (14+),31,2750.0,8.085106382978724
1221,NEW Apple iPhone 13 MINI A2481 128/256GB Unlocked GSM CDMA All Carrier,iPhone 13 Mini,13,False,256.0,256GB,256GB,False,New,Second-hand,323.99,$200-399,1.2655859375,,,False,5.0,True,5.0,True,Seller 053,"Shenzhen, China",INTL,2026-03-28,True,False,False,INTL,Standard,Mid-Gen (12-13),26,491.95,6.462585034013606
1222,New in box Apple iPhone 13 Mini/12 Mini/12 Pro/13 Pro max 5G Unlocked All Colors,iPhone 13 Mini,13,False,,Tidak Diketahui,,False,New,Second-hand,331.98,$200-399,,,,False,5.0,True,0.0,False,Seller 385,"Los Angeles, California, United States",CA,2026-03-28,True,True,False,CA,Standard,Mid-Gen (12-13),54,491.95,6.462585034013606
1223,NEW SEALED In BOX APPLE IPHONE 14 PRO MAX 128GB 256G UNLOCKED W/2 YEAR WARRANTY,iPhone 14 Pro Max,14,True,128.0,128GB,128GB,False,New,Second-hand,699.88,$600-899,5.4678125,,,False,2.0,True,0.0,False,Seller 021,"Whippany, New Jersey, United States",NJ,2026-03-28,True,False,False,NJ,Pro,Modern (14+),73,2750.0,8.085106382978724
1224,New in Sealed Apple iPhone 13 MINI A2481 128/256GB USA Fully Unlocked Smartphone,iPhone 13 Mini,13,False,256.0,256GB,256GB,False,New,Second-hand,322.99,$200-399,1.2616796875,,,False,5.0,True,12.0,True,Seller 053,"Shenzhen, China",INTL,2026-03-28,True,False,False,INTL,Standard,Mid-Gen (12-13),26,491.95,6.462585034013606
1225,NEW SEALED Apple Iphone 13 Mini A2481 128GB 256GB Unlocked AT&T T-MOBILE VERIZON,iPhone 13 Mini,13,False,128.0,128GB,128GB|256GB,False,New,Second-hand,321.43,$200-399,2.511171875,,,False,0.0,False,2.0,True,Seller 655,"Los Angeles, California, United States",CA,2026-03-28,True,False,False,CA,Standard,Mid-Gen (12-13),54,491.95,6.462585034013606
1226,Factory New sealed Apple iPhone 14 5G 128-256-512GB Unlocked GSM+CDMA Smartphone,iPhone 14,14,False,512.0,512GB,512GB,False,New,Second-hand,389.02,$200-399,0.7598046875,,,False,0.0,False,6.0,True,Seller 385,"Whippany, New Jersey, United States",NJ,2026-03-28,True,False,False,NJ,Standard,Modern (14+),40,1329.99,21.492537313432834
1227,NEW Apple iPhone 13 MINI A2481 128/256GB 5G USA FACTORY Unlocked Smartphones,iPhone 13 Mini,13,False,256.0,256GB,256GB,False,New,Second-hand,332.08,$200-399,1.2971875,,,False,5.0,True,4.0,True,Seller 655,"Los Angeles, California, United States",CA,2026-03-28,True,False,False,CA,Standard,Mid-Gen (12-13),54,491.95,6.462585034013606
1228,New Apple Iphone 13 Mini A2481 128GB 256GB FULLY UNLOCKED GSM CDMA ALL CARRIERS,iPhone 13 Mini,13,False,128.0,128GB,128GB|256GB,False,New,Second-hand,321.43,$200-399,2.511171875,,,False,1.0,True,0.0,False,Seller 655,"Los Angeles, California, United States",CA,2026-03-28,True,False,False,CA,Standard,Mid-Gen (12-13),54,491.95,6.462585034013606
1229,New Apple iPhone 13 Mini /12 Mini /12 Pro Factory Unlocked All Carriers & Colors,iPhone 13 Mini,13,False,,Tidak Diketahui,,False,New,Second-hand,332.08,$200-399,,,,False,5.0,True,3.0,True,Seller 655,"Los Angeles, California, United States",CA,2026-03-28,True,True,False,CA,Standard,Mid-Gen (12-13),54,491.95,6.462585034013606
1230,Apple Iphone 13 Mini 5G A2481 128GB 256GB Factory Unlocked ALL CARRIERS GSM CDMA,iPhone 13 Mini,13,False,128.0,128GB,128GB|256GB,False,New,Second-hand,323.99,$200-399,2.531171875,,,False,2.0,True,0.0,False,Seller 508,"Whippany, New Jersey, United States",NJ,2026-03-28,True,False,False,NJ,Standard,Mid-Gen (12-13),151,491.95,6.462585034013606
1231,NEW SEALEDApple iPhone 14 5G FACTORY UNLOCKED 512G/256GB/128GB 2 YEAR WARRANTY,iPhone 14,14,False,128.0,128GB,128GB|256GB,False,New,Second-hand,403.95,$400-599,3.155859375,,,False,5.0,True,1.0,True,Seller 021,"Whippany, New Jersey, United States",NJ,2026-03-28,True,False,False,NJ,Standard,Modern (14+),40,1329.99,21.492537313432834
1232,BRAND NEW Apple iPhone 13 MINI 128/256/512GB Factory Unlocked A2481 US SHIPPING,iPhone 13 Mini,13,False,512.0,512GB,512GB,False,New,Second-hand,321.42,$200-399,0.6277734375,,,False,1.0,True,0.0,False,Seller 385,"Los Angeles, California, United States",CA,2026-03-28,True,False,False,CA,Standard,Mid-Gen (12-13),54,491.95,6.462585034013606
1233,New-Sealed Apple iPhone 13 MINI 256GB 128GB Factory Unlocked 2 YEARS WARRANTY l,iPhone 13 Mini,13,False,128.0,128GB,128GB|256GB,False,New,Second-hand,327.55,$200-399,2.558984375,,,False,5.0,True,2.0,True,Seller 650,"Whippany, New Jersey, United States",NJ,2026-03-28,True,False,False,NJ,Standard,Mid-Gen (12-13),151,491.95,6.462585034013606
1234,"Apple Iphone 13 Mini A2481 128/256/512GB 5.4"" Unlocked Verizon T-Mobile At&T US",iPhone 13 Mini,13,False,512.0,512GB,512GB,False,New,Second-hand,323.99,$200-399,0.63279296875,,,False,5.0,True,0.0,False,Seller 053,"Shenzhen, China",INTL,2026-03-28,True,False,False,INTL,Standard,Mid-Gen (12-13),26,491.95,6.462585034013606
1235,New Apple iPhone 14 PRO MAX A2651 128/256/512GB Unlocked ALL COLOR & MEMORY USA,iPhone 14 Pro Max,14,True,512.0,512GB,512GB,False,New,Second-hand,699.88,$600-899,1.366953125,,,False,2.0,True,1.0,True,Seller 021,"Whippany, New Jersey, United States",NJ,2026-03-28,True,False,False,NJ,Pro,Modern (14+),73,2750.0,8.085106382978724
1236,New Apple iPhone 12 MINI/ 14/14 Pro Max /13 /13MINI /13 pro max Factory Unlocked,iPhone 12 Mini,12,False,,Tidak Diketahui,,False,New,Second-hand,332.01,$200-399,,,,False,3.0,True,0.0,False,Seller 531,"Whippany, New Jersey, United States",NJ,2026-03-28,True,True,False,NJ,Standard,Mid-Gen (12-13),5,17.96999999999997,28.57142857142857
1237,Apple iPhone 13 Mini 128GB A2481 Factory Unlocked for All Carriers 1 Yr Warranty,iPhone 13 Mini,13,False,128.0,128GB,128GB,False,Open Box,Like New,279.99,$200-399,2.187421875,,,False,11.0,True,94.0,True,Seller 505,"Dunellen, New Jersey, United States",NJ,2026-03-28,True,False,False,NJ,Standard,Mid-Gen (12-13),151,491.95,6.462585034013606
1238,New Apple iPhone 13 MINI A2481 5G 128GB Unlocked GSM CDMA Verizon T-Mobile At&T,iPhone 13 Mini,13,False,128.0,128GB,128GB,False,New,Second-hand,323.99,$200-399,2.531171875,,,False,5.0,True,0.0,False,Seller 650,"Whippany, New Jersey, United States",NJ,2026-03-28,True,False,False,NJ,Standard,Mid-Gen (12-13),151,491.95,6.462585034013606
1239,New Sealed Apple iPhone 13 MINI A2481 128GB 256GB Fully Unlocked Smartphones,iPhone 13 Mini,13,False,128.0,128GB,128GB|256GB,False,New,Second-hand,323.99,$200-399,2.531171875,,,False,2.0,True,0.0,False,Seller 508,"Whippany, New Jersey, United States",NJ,2026-03-28,True,False,False,NJ,Standard,Mid-Gen (12-13),151,491.95,6.462585034013606
1240,New Sealed Apple iPhone 13 MINI A2481 128GB 256GB 512GB Factory Unlocked US,iPhone 13 Mini,13,False,128.0,128GB,128GB|256GB|512GB,False,New,Second-hand,323.99,$200-399,2.531171875,,,False,2.0,True,1.0,True,Seller 508,"Whippany, New Jersey, United States",NJ,2026-03-28,True,False,False,NJ,Standard,Mid-Gen (12-13),151,491.95,6.462585034013606
1241,New Apple iPhone 13 MINI 5G 128GB Unlocked GSM CDMA Verizon T-Mobile At&T,iPhone 13 Mini,13,False,128.0,128GB,128GB,False,New,Second-hand,323.99,$200-399,2.531171875,,,False,5.0,True,0.0,False,Seller 650,"Whippany, New Jersey, United States",NJ,2026-03-28,True,False,False,NJ,Standard,Mid-Gen (12-13),151,491.95,6.462585034013606
1242,"Apple iPhone 13 Mini (A2481) - 128/256/512GB, Unlocked, New & Sealed, Fast Ship",iPhone 13 Mini,13,False,512.0,512GB,512GB,False,New,Second-hand,323.99,$200-399,0.63279296875,,,False,5.0,True,0.0,False,Seller 053,"Shenzhen, China",INTL,2026-03-28,True,False,False,INTL,Standard,Mid-Gen (12-13),26,491.95,6.462585034013606
1243,Apple iPhone 12 256GB No Face ID Factory Unlocked Used in Good Condition 94% Bat,iPhone 12,12,False,256.0,256GB,256GB,False,Used,Second-hand,169.99,<$200,0.6640234375,,,False,0.0,False,0.0,False,Seller 505,"Dunellen, New Jersey, United States",NJ,2026-03-28,True,False,False,NJ,Standard,Mid-Gen (12-13),5,4428.01,45.073891625615765
1244,New in Box Apple iPhone 13 MINI A2481 128/256GB USA Unlocked Smartphone,iPhone 13 Mini,13,False,256.0,256GB,256GB,False,New,Second-hand,322.99,$200-399,1.2616796875,,,False,5.0,True,2.0,True,Seller 053,"Shenzhen, China",INTL,2026-03-28,True,False,False,INTL,Standard,Mid-Gen (12-13),26,491.95,6.462585034013606
1245,New Apple iPhone 13 Mini 128GB/256/512 A2626 Factory Unlocked for All Carriers,iPhone 13 Mini,13,False,128.0,128GB,128GB,False,New,Second-hand,322.01,$200-399,2.515703125,,,False,2.0,True,6.0,True,Seller 531,"Whippany, New Jersey, United States",NJ,2026-03-28,True,False,False,NJ,Standard,Mid-Gen (12-13),151,491.95,6.462585034013606
1246,NEW Apple iPhone 13 MINI 5G 128/256/512GB Factory Unlocked USA stock GSM CDMA,iPhone 13 Mini,13,False,512.0,512GB,512GB,False,New,Second-hand,321.42,$200-399,0.6277734375,,,False,0.0,False,4.0,True,Seller 385,"Los Angeles, California, United States",CA,2026-03-28,True,False,False,CA,Standard,Mid-Gen (12-13),54,491.95,6.462585034013606
1247,FACTORY New Apple iPhone 14 PRO MAX 128/256/512GB UNLOCKED ALL COLORS&CARRIER US,iPhone 14 Pro Max,14,True,512.0,512GB,512GB,False,New,Second-hand,629.51,$600-899,1.22951171875,,,False,0.0,False,1.0,True,Seller 155,"Whippany, New Jersey, United States",NJ,2026-03-28,True,False,False,NJ,Pro,Modern (14+),73,2750.0,8.085106382978724
1248,Apple iPhone 16 - 128 GB 256 GB 512 GB - Fully Unlocked - 100% Battery Excellent,iPhone 16,16,False,128.0,128GB,128GB|256GB|512GB,False,Excellent - Refurbished,Refurbished,569.0,$400-599,4.4453125,711.25,20.0,True,2.0,True,71.0,True,Seller 055,"Norwalk, California, United States",CA,2026-03-28,True,False,False,CA,Standard,Modern (14+),14,639.5,7.207207207207207
1249,New Apple Iphone 13 Mini 5G A2481 128GB Factory Unlocked AT&T T-MOBILE VERIZON,iPhone 13 Mini,13,False,128.0,128GB,128GB,False,New,Second-hand,321.43,$200-399,2.511171875,,,False,0.0,False,3.0,True,Seller 655,"Los Angeles, California, United States",CA,2026-03-28,True,False,False,CA,Standard,Mid-Gen (12-13),54,491.95,6.462585034013606
1250,FACTORY NEW Apple iPhone 14 PRO MAX 5G 128/256/512GB/1TB Unlocked 2 YRS WARRANTY,iPhone 14 Pro Max,14,True,512.0,512GB,512GB|1024GB,False,New,Second-hand,629.51,$600-899,1.22951171875,,,False,0.0,False,1.0,True,Seller 648,"Whippany, New Jersey, United States",NJ,2026-03-28,True,False,False,NJ,Pro,Modern (14+),73,2750.0,8.085106382978724
1251,New Apple iPhone 13 Mini12 Mini 128GB 256GB Unlocked 2 YEAR WARRANTY GSM CDMA,iPhone 13 Mini,13,False,128.0,128GB,128GB|256GB,False,New,Second-hand,332.08,$200-399,,,,False,5.0,True,0.0,False,Seller 655,"Los Angeles, California, United States",CA,2026-03-28,True,True,False,CA,Standard,Mid-Gen (12-13),54,491.95,6.462585034013606
1252,NEW SEALED APPLE IPHONE 14 PRO MAX 128GB 256G 512G FACTORY UNLOCKED ALL GSM+CDMA,iPhone 14 Pro Max,14,True,128.0,128GB,128GB,False,New,Second-hand,745.12,$600-899,5.82125,,,False,2.0,True,3.0,True,Seller 118,"Whippany, New Jersey, United States",NJ,2026-03-28,True,False,False,NJ,Pro,Modern (14+),73,2750.0,8.085106382978724
1253,Apple Iphone 13 Mini 128/256/512GB Factory Unlocked ALL CARRIERS GSM CDMA A+,iPhone 13 Mini,13,False,512.0,512GB,512GB,False,Open Box,Like New,327.55,$200-399,0.63974609375,,,False,2.0,True,1.0,True,Seller 508,"Whippany, New Jersey, United States",NJ,2026-03-28,True,False,False,NJ,Standard,Mid-Gen (12-13),151,491.95,6.462585034013606
1254,FACTORY NEW SEALED Apple iPhone 13 MINI 128/256/512GB UNLOCKED All Carriers💯,iPhone 13 Mini,13,False,512.0,512GB,512GB,False,New,Second-hand,322.01,$200-399,0.62892578125,,,False,2.0,True,0.0,False,Seller 172,"Los Angeles, California, United States",CA,2026-03-28,True,False,False,CA,Standard,Mid-Gen (12-13),54,491.95,6.462585034013606
1255,Factory New Sealed Box Apple iPhone 14 Pro Max 128-512GB 1TB Unlocked GSM+CDMA,iPhone 14 Pro Max,14,True,512.0,512GB,512GB|1024GB,False,New,Second-hand,699.88,$600-899,1.366953125,,,False,2.0,True,2.0,True,Seller 512,"Whippany, New Jersey, United States",NJ,2026-03-28,True,False,False,NJ,Pro,Modern (14+),73,2750.0,8.085106382978724
1256,Factory New sealed Apple iPhone 14 5G 128GB-256GB-512GB USA Unlocked Smartphone,iPhone 14,14,False,128.0,128GB,128GB|256GB|512GB,False,New,Second-hand,389.02,$200-399,3.03921875,,,False,0.0,False,3.0,True,Seller 385,"Los Angeles, California, United States",CA,2026-03-28,True,False,False,CA,Standard,Modern (14+),40,1329.99,21.492537313432834
1257,New Apple iPhone 13 MINI A2481 128/256/512GB Unlocked All Carrie Fast shipping,iPhone 13 Mini,13,False,512.0,512GB,512GB,False,New,Second-hand,321.43,$200-399,0.62779296875,,,False,1.0,True,0.0,False,Seller 648,"Whippany, New Jersey, United States",NJ,2026-03-28,True,False,False,NJ,Standard,Mid-Gen (12-13),151,491.95,6.462585034013606
1258,Factory NEW Apple iPhone 13 MINI 5G 128/256/512GB Unlocked USA stock All carrier,iPhone 13 Mini,13,False,512.0,512GB,512GB,False,New,Second-hand,321.42,$200-399,0.6277734375,,,False,1.0,True,0.0,False,Seller 385,"Los Angeles, California, United States",CA,2026-03-28,True,False,False,CA,Standard,Mid-Gen (12-13),54,491.95,6.462585034013606
1259,FACTORY NEW Apple iPhone 14 PRO MAX 5G 128/256/512GB/1TB Unlocked US Free shippi,iPhone 14 Pro Max,14,True,512.0,512GB,512GB|1024GB,False,New,Second-hand,629.51,$600-899,1.22951171875,,,False,1.0,True,0.0,False,Seller 648,"Los Angeles, California, United States",CA,2026-03-28,True,False,False,CA,Pro,Modern (14+),58,2750.0,8.085106382978724
1260,New Sealed Box Apple iPhone 13 Mini Factory Unlocked Compatible with all carrier,iPhone 13 Mini,13,False,,Tidak Diketahui,,False,New,Second-hand,322.01,$200-399,,,,False,2.0,True,0.0,False,Seller 118,"Brooklyn, New York, United States",NY,2026-03-28,True,False,False,NY,Standard,Mid-Gen (12-13),31,491.95,6.462585034013606
1261,NEW SEALED APPLE IPHONE 14 PRO MAX 128GB 256G 512G 1TB FACTORY UNLOCKED 2YR WATY,iPhone 14 Pro Max,14,True,128.0,128GB,128GB|1024GB,False,New,Second-hand,745.12,$600-899,5.82125,,,False,2.0,True,0.0,False,Seller 118,"Los Angeles, California, United States",CA,2026-03-28,True,False,False,CA,Pro,Modern (14+),58,2750.0,8.085106382978724
1262,Factory NEW Apple iPhone 13 MINI 5G 128/256/512GB Unlocked USA stock 2 Yr Wty,iPhone 13 Mini,13,False,512.0,512GB,512GB,False,New,Second-hand,321.42,$200-399,0.6277734375,,,False,1.0,True,0.0,False,Seller 385,"Los Angeles, California, United States",CA,2026-03-28,True,False,False,CA,Standard,Mid-Gen (12-13),54,491.95,6.462585034013606
1263,Apple iPhone 14 Plus A2632 128GB Factory Unlocked All Carriers 1 Yr Warranty,iPhone 14 Plus,14,False,128.0,128GB,128GB,False,Open Box,Like New,329.99,$200-399,2.578046875,,,False,9.0,True,30.0,True,Seller 505,"Dunellen, New Jersey, United States",NJ,2026-03-28,True,False,False,NJ,Standard,Modern (14+),4,3410.0,31.343283582089555
1264,New Apple Iphone 13 Mini 128GB /256GB GSM CDMA Unlocked All Carrier Smartphones,iPhone 13 Mini,13,False,128.0,128GB,128GB|256GB,False,New,Second-hand,323.99,$200-399,2.531171875,,,False,5.0,True,0.0,False,Seller 650,"Whippany, New Jersey, United States",NJ,2026-03-28,True,False,False,NJ,Standard,Mid-Gen (12-13),151,491.95,6.462585034013606
1265,Factory New Sealed Box Apple iPhone 14 Pro Max 128GB 256G 512G Unlocked GSM+CDMA,iPhone 14 Pro Max,14,True,128.0,128GB,128GB,False,New,Second-hand,699.88,$600-899,5.4678125,,,False,2.0,True,1.0,True,Seller 512,"Whippany, New Jersey, United States",NJ,2026-03-28,True,False,False,NJ,Pro,Modern (14+),73,2750.0,8.085106382978724
1266,Factory New Sealed Apple iPhone 13 MINI/14/iPhone 14 Pro Max 128G-512GB Unlocked,iPhone 14 Pro Max,14,True,512.0,512GB,512GB,False,New,Second-hand,332.01,$200-399,,,,False,3.0,True,6.0,True,Seller 118,"Whippany, New Jersey, United States",NJ,2026-03-28,True,True,False,NJ,Pro,Modern (14+),73,2750.0,8.085106382978724
1267,Apple Iphone 13 Mini 5G A2481 128GB~256GB Factory Unlocked ALL CARRIER GSM CDMA,iPhone 13 Mini,13,False,128.0,128GB,128GB|256GB,False,New,Second-hand,323.99,$200-399,2.531171875,,,False,2.0,True,0.0,False,Seller 508,"Whippany, New Jersey, United States",NJ,2026-03-28,True,False,False,NJ,Standard,Mid-Gen (12-13),151,491.95,6.462585034013606
1268,NewSealed Apple iPhone 13 MINI A2481 5G 128/256/512GB Unlocked USA Free shipping,iPhone 13 Mini,13,False,512.0,512GB,512GB,False,New,Second-hand,321.43,$200-399,0.62779296875,,,False,0.0,False,2.0,True,Seller 648,"Whippany, New Jersey, United States",NJ,2026-03-28,True,False,False,NJ,Standard,Mid-Gen (12-13),151,491.95,6.462585034013606
1269,New Apple iPhone 13/13 Mini 5G 128/256GB A2481 A2482 Factory Unlocked All Colors,iPhone 13,13,False,256.0,256GB,256GB,False,New,Second-hand,321.43,$200-399,1.2555859375,,,False,0.0,False,2.0,True,Seller 648,"Whippany, New Jersey, United States",NJ,2026-03-28,True,False,False,NJ,Standard,Mid-Gen (12-13),28,4935.0,20.909090909090907
1270,New Apple Iphone 13 Mini 128GB /256GB Factory Unlocked GSM CDMA All Carriers,iPhone 13 Mini,13,False,128.0,128GB,128GB|256GB,False,New,Second-hand,323.99,$200-399,2.531171875,,,False,2.0,True,1.0,True,Seller 508,"Whippany, New Jersey, United States",NJ,2026-03-28,True,False,False,NJ,Standard,Mid-Gen (12-13),151,491.95,6.462585034013606
1271,New Apple iPhone 13 MINI A2481 128/256GB Unlocked USA stock Sealed Box 2Yrs Wty❤,iPhone 13 Mini,13,False,256.0,256GB,256GB,False,New,Second-hand,321.42,$200-399,1.255546875,,,False,1.0,True,0.0,False,Seller 655,"Austin, Texas, United States",TX,2026-03-28,True,False,False,TX,Standard,Mid-Gen (12-13),12,491.95,6.462585034013606
1272,New Sealed Box Apple iPhone 13 MINI 128/256G/512G Factory Unlocked 2YR WARRANTY,iPhone 13 Mini,13,False,,Tidak Diketahui,,False,New,Second-hand,322.01,$200-399,,,,False,2.0,True,2.0,True,Seller 172,"Whippany, New Jersey, United States",NJ,2026-03-28,True,False,False,NJ,Standard,Mid-Gen (12-13),151,491.95,6.462585034013606
1273,New Apple iPhone 14 Pro Max 128GB 256GB Factory Unlocked AT&T T-Mobile Verizon,iPhone 14 Pro Max,14,True,128.0,128GB,128GB|256GB,False,New,Second-hand,745.12,$600-899,5.82125,,,False,2.0,True,0.0,False,Seller 118,"Whippany, New Jersey, United States",NJ,2026-03-28,True,False,False,NJ,Pro,Modern (14+),73,2750.0,8.085106382978724
1274,New Sealed Apple iPhone 13 MINI 5G 128/256/512GB Unlocked USA All colors&carrier,iPhone 13 Mini,13,False,512.0,512GB,512GB,False,New,Second-hand,321.43,$200-399,0.62779296875,,,False,0.0,False,2.0,True,Seller 648,"Whippany, New Jersey, United States",NJ,2026-03-28,True,False,False,NJ,Standard,Mid-Gen (12-13),151,491.95,6.462585034013606
1275,Apple Iphone 13 Mini A2481 5G 128GB 256GB Factory Unlocked ALL CARRIER GSM CDMA,iPhone 13 Mini,13,False,128.0,128GB,128GB|256GB,False,New,Second-hand,323.99,$200-399,2.531171875,,,False,2.0,True,0.0,False,Seller 508,"Whippany, New Jersey, United States",NJ,2026-03-28,True,False,False,NJ,Standard,Mid-Gen (12-13),151,491.95,6.462585034013606
1276,New Apple iPhone 13 Mini 5G 128GB-512GB Factory Unlocked AT&T T-Mobile Verizon,iPhone 13 Mini,13,False,128.0,128GB,128GB|512GB,False,New,Second-hand,322.01,$200-399,2.515703125,,,False,2.0,True,2.0,True,Seller 531,"Los Angeles, California, United States",CA,2026-03-28,True,False,False,CA,Standard,Mid-Gen (12-13),54,491.95,6.462585034013606
1277,NEW SEALED APPLE IPHONE 14 PRO MAX 128G 256G 512GB FACTORY UNLOCKED USA STOCK,iPhone 14 Pro Max,14,True,512.0,512GB,512GB,False,New,Second-hand,745.12,$600-899,1.4553125,,,False,2.0,True,4.0,True,Seller 118,"Whippany, New Jersey, United States",NJ,2026-03-28,True,False,False,NJ,Pro,Modern (14+),73,2750.0,8.085106382978724
1278,NEW SEALED APPLE IPHONE 14 PRO MAX 128/256G 512G FACTORY UNLOCKED FAST Delivered,iPhone 14 Pro Max,14,True,,Tidak Diketahui,,False,New,Second-hand,745.12,$600-899,,,,False,2.0,True,0.0,False,Seller 118,"Los Angeles, California, United States",CA,2026-03-28,True,False,False,CA,Pro,Modern (14+),58,2750.0,8.085106382978724
1279,Apple iPhone 13 Mini/12 Mini Factory Unlocked 256GB/128GB ALL Carrier,iPhone 13 Mini,13,False,128.0,128GB,128GB|256GB,False,Open Box,Like New,382.01,$200-399,,,,False,7.0,True,2.0,True,Seller 118,"Whippany, New Jersey, United States",NJ,2026-03-28,True,True,False,NJ,Standard,Mid-Gen (12-13),151,491.95,6.462585034013606
1280,New Apple iPhone 14 128GB Purple A2649 128GB Factory Unlocked All Carriers,iPhone 14,14,False,128.0,128GB,128GB,False,New,Second-hand,374.99,$200-399,2.929609375,,,False,5.0,True,0.0,False,Seller 505,"Dunellen, New Jersey, United States",NJ,2026-03-28,True,False,False,NJ,Standard,Modern (14+),40,1329.99,21.492537313432834
1281,NEW SEALED APPLE IPHONE 14 PRO MAX 5G 128G 256G 512G FACTORY UNLOCKED USA STOCK,iPhone 14 Pro Max,14,True,,Tidak Diketahui,,False,New,Second-hand,745.12,$600-899,,,,False,2.0,True,0.0,False,Seller 118,"Whippany, New Jersey, United States",NJ,2026-03-28,True,False,False,NJ,Pro,Modern (14+),73,2750.0,8.085106382978724
1282,New Apple Iphone 13 Mini 5G 512~128GB GSM CDMA Unlocked All Carrier Smartphones,iPhone 13 Mini,13,False,128.0,128GB,128GB,False,New,Second-hand,323.99,$200-399,2.531171875,,,False,5.0,True,0.0,False,Seller 650,"Whippany, New Jersey, United States",NJ,2026-03-28,True,False,False,NJ,Standard,Mid-Gen (12-13),151,491.95,6.462585034013606
1283,New in box Apple iPhone 14 5G US 128/256/512GB Fully Unlocked All colors&carrier,iPhone 14,14,False,512.0,512GB,512GB,False,New,Second-hand,389.01,$200-399,0.75978515625,,,False,0.0,False,1.0,True,Seller 648,"Los Angeles, California, United States",CA,2026-03-28,True,False,False,CA,Standard,Modern (14+),40,1329.99,21.492537313432834
1284,New Apple iPhone 14 5G 128/256/512GB Factory Unlocked GSM CDMA USA Smartphone,iPhone 14,14,False,512.0,512GB,512GB,False,New,Second-hand,389.01,$200-399,0.75978515625,,,False,0.0,False,1.0,True,Seller 648,"Whippany, New Jersey, United States",NJ,2026-03-28,True,False,False,NJ,Standard,Modern (14+),40,1329.99,21.492537313432834
1285,New Sealed Apple iPhone 12 Mini/13 Mini/12 Pro/13 Pro Max Unlocked 2 Yr warranty,iPhone 12 Mini,12,False,,Tidak Diketahui,,False,New,Second-hand,332.08,$200-399,,,,False,5.0,True,1.0,True,Seller 648,"Whippany, New Jersey, United States",NJ,2026-03-28,True,True,False,NJ,Standard,Mid-Gen (12-13),5,17.96999999999997,28.57142857142857
1286,NEW SEALED APPLE IPHONE 14 PRO MAX 128GB 256G 512G FACTORY UNLOCKED All Carrier,iPhone 14 Pro Max,14,True,128.0,128GB,128GB,False,New,Second-hand,745.12,$600-899,5.82125,,,False,2.0,True,0.0,False,Seller 118,"Los Angeles, California, United States",CA,2026-03-28,True,False,False,CA,Pro,Modern (14+),58,2750.0,8.085106382978724
1287,BRAND NEW Apple iPhone 13 MINI 128/256GB Factory Unlocked GSM+CDMA ALL Carrier,iPhone 13 Mini,13,False,256.0,256GB,256GB,False,New,Second-hand,321.42,$200-399,1.255546875,,,False,1.0,True,0.0,False,Seller 385,"Los Angeles, California, United States",CA,2026-03-28,True,False,False,CA,Standard,Mid-Gen (12-13),54,491.95,6.462585034013606
1288,FACTORY NEW Apple iPhone 14 PRO MAX 5G 128/256/512GB/1TB Unlocked US CDMA& GSM,iPhone 14 Pro Max,14,True,512.0,512GB,512GB|1024GB,False,New,Second-hand,629.51,$600-899,1.22951171875,,,False,1.0,True,0.0,False,Seller 648,"Los Angeles, California, United States",CA,2026-03-28,True,False,False,CA,Pro,Modern (14+),58,2750.0,8.085106382978724
1289,NEW SEALED APPLE IPHONE 14 PRO MAX 128GB 256G 512G FACTORY UNLOCKED ALL Carriers,iPhone 14 Pro Max,14,True,128.0,128GB,128GB,False,New,Second-hand,745.12,$600-899,5.82125,,,False,2.0,True,2.0,True,Seller 118,"Los Angeles, California, United States",CA,2026-03-28,True,False,False,CA,Pro,Modern (14+),58,2750.0,8.085106382978724
1290,NEW SEALED Apple iPhone 13 MINI 512GB-128GB 5.4 in FACTORY UNLOCKED ALL GSM CDMA,iPhone 13 Mini,13,False,128.0,128GB,128GB|512GB,False,New,Second-hand,322.01,$200-399,2.515703125,,,False,2.0,True,8.0,True,Seller 118,"Whippany, New Jersey, United States",NJ,2026-03-28,True,False,False,NJ,Standard,Mid-Gen (12-13),151,491.95,6.462585034013606
1291,New in Sealed Box Apple iPhone 13 MINI 128/256 /512Factory Unlocked US fast ship,iPhone 13 Mini,13,False,,Tidak Diketahui,,False,New,Second-hand,322.01,$200-399,,,,False,2.0,True,9.0,True,Seller 118,"Los Angeles, California, United States",CA,2026-03-28,True,False,False,CA,Standard,Mid-Gen (12-13),54,491.95,6.462585034013606
1292,Factory New Sealed Apple iPhone 13 Mini /iPhone 13/12 Mini Unlocked GSM+CDMA,iPhone 13 Mini,13,False,,Tidak Diketahui,,False,New,Second-hand,332.01,$200-399,,,,False,3.0,True,4.0,True,Seller 118,"Los Angeles, California, United States",CA,2026-03-28,True,True,False,CA,Standard,Mid-Gen (12-13),54,491.95,6.462585034013606
1293,New in Sealed Box Apple iPhone 13 Mini 5G 128GB-512GB FULLY UNLOCKED 2 Years WTY,iPhone 13 Mini,13,False,128.0,128GB,128GB|512GB,False,New,Second-hand,322.01,$200-399,2.515703125,,,False,2.0,True,7.0,True,Seller 118,"Los Angeles, California, United States",CA,2026-03-28,True,False,False,CA,Standard,Mid-Gen (12-13),54,491.95,6.462585034013606
1294,New Sealed Apple iPhone 13 MINI A2481 128GB 256GB Factory Unlocked Smartphone US,iPhone 13 Mini,13,False,128.0,128GB,128GB|256GB,False,New,Second-hand,321.43,$200-399,2.511171875,,,False,0.0,False,4.0,True,Seller 648,"Los Angeles, California, United States",CA,2026-03-28,True,False,False,CA,Standard,Mid-Gen (12-13),54,491.95,6.462585034013606
1295,Apple iPhone 17 Pro Max - 1 TB - Cosmic Orange (Unlocked),iPhone 17 Pro Max,17,True,1024.0,1024GB,1024GB,False,New,Second-hand,1200.0,$900-1299,1.171875,,,False,0.0,False,1.0,True,Seller 647,"Saint Paul, Minnesota, United States",MN,2026-03-28,True,False,False,MN,Pro,Modern (14+),1,2710.0,8.176100628930817
1296,Factory New Sealed Apple iPhone 14 Pro Max 6.7 in 128-512G Unlocked ALL GSM+CDMA,iPhone 14 Pro Max,14,True,,Tidak Diketahui,,False,New,Second-hand,745.12,$600-899,,,,False,2.0,True,0.0,False,Seller 118,"Whippany, New Jersey, United States",NJ,2026-03-28,True,False,False,NJ,Pro,Modern (14+),73,2750.0,8.085106382978724
1297,Factory New Apple iPhone 13 MINI /13/13 pro max/ 12 MINI/ 14/14 Pro Max Unlocked,iPhone 13 Mini,13,False,,Tidak Diketahui,,False,New,Second-hand,332.01,$200-399,,,,False,3.0,True,5.0,True,Seller 118,"Whippany, New Jersey, United States",NJ,2026-03-28,True,True,False,NJ,Standard,Mid-Gen (12-13),151,491.95,6.462585034013606
1298,New in Sealed Apple iPhone 13 MINI A2481 128/256GB/512 Fully Unlocked Smartphone,iPhone 13 Mini,13,False,256.0,256GB,256GB,False,New,Second-hand,322.01,$200-399,1.2578515625,,,False,2.0,True,1.0,True,Seller 531,"Whippany, New Jersey, United States",NJ,2026-03-28,True,False,False,NJ,Standard,Mid-Gen (12-13),151,491.95,6.462585034013606
1299,New Apple iPhone 14 PRO MAX 5G 128/256/512GB/1TB Unlocked All carrier Smartphone,iPhone 14 Pro Max,14,True,512.0,512GB,512GB|1024GB,False,New,Second-hand,629.51,$600-899,1.22951171875,,,False,1.0,True,0.0,False,Seller 385,"Whippany, New Jersey, United States",NJ,2026-03-28,True,False,False,NJ,Pro,Modern (14+),73,2750.0,8.085106382978724
1300,【NEW SEALED】Apple iPhone 13 MINI 512GB-128GB FACTORY UNLOCKED GSM CDMA US STOCK,iPhone 13 Mini,13,False,128.0,128GB,128GB|512GB,False,New,Second-hand,322.01,$200-399,2.515703125,,,False,2.0,True,67.0,True,Seller 118,"Whippany, New Jersey, United States",NJ,2026-03-28,True,False,False,NJ,Standard,Mid-Gen (12-13),151,491.95,6.462585034013606
1301,New Apple iPhone 12 Mini/13 Mini/12 Pro/13 Pro Max Unlocked All Memory &Colors,iPhone 12 Mini,12,False,,Tidak Diketahui,,False,New,Second-hand,332.08,$200-399,,,,False,5.0,True,2.0,True,Seller 648,"Whippany, New Jersey, United States",NJ,2026-03-28,True,True,False,NJ,Standard,Mid-Gen (12-13),5,17.96999999999997,28.57142857142857
1302,Factory NEW Apple iPhone 14 PRO MAX 5G 128/256/512G FULLY UNLOCKED ALL GSM CDMA,iPhone 14 Pro Max,14,True,,Tidak Diketahui,,False,New,Second-hand,629.51,$600-899,,,,False,1.0,True,0.0,False,Seller 155,"Los Angeles, California, United States",CA,2026-03-28,True,False,False,CA,Pro,Modern (14+),58,2750.0,8.085106382978724
1303,New Apple Iphone 13 Mini 5G 128GB 256 GSM CDMA Unlocked All Carrier Smartphones,iPhone 13 Mini,13,False,128.0,128GB,128GB,False,New,Second-hand,323.99,$200-399,2.531171875,,,False,5.0,True,0.0,False,Seller 650,"Whippany, New Jersey, United States",NJ,2026-03-28,True,False,False,NJ,Standard,Mid-Gen (12-13),151,491.95,6.462585034013606
1304,NEW Apple iPhone 14 PRO MAX 5G 128/256/512GB FULLY UNLOCKED ALL MEMORY&COLORS US,iPhone 14 Pro Max,14,True,512.0,512GB,512GB,False,New,Second-hand,629.51,$600-899,1.22951171875,,,False,1.0,True,0.0,False,Seller 155,"Whippany, New Jersey, United States",NJ,2026-03-28,True,False,False,NJ,Pro,Modern (14+),73,2750.0,8.085106382978724
1305,Factory New Apple iPhone 14 PRO MAX 5G 128/256/512GB/1TB Unlocked US All memory,iPhone 14 Pro Max,14,True,512.0,512GB,512GB|1024GB,False,New,Second-hand,629.51,$600-899,1.22951171875,,,False,1.0,True,0.0,False,Seller 385,"Whippany, New Jersey, United States",NJ,2026-03-28,True,False,False,NJ,Pro,Modern (14+),73,2750.0,8.085106382978724
1306,Apple iPhone 16 - 128 GB 256 GB 512 GB - Fully Unlocked - 90%+ Battery Excellent,iPhone 16,16,False,128.0,128GB,128GB|256GB|512GB,False,Excellent - Refurbished,Refurbished,559.0,$400-599,4.3671875,698.75,20.0,True,1.0,True,0.0,False,Seller 055,"Norwalk, California, United States",CA,2026-03-28,True,False,False,CA,Standard,Modern (14+),14,639.5,7.207207207207207
1307,Apple iPhone 16 - 128 GB 256 GB - All Colors - Unlocked - 90%+ Battery Very Good,iPhone 16,16,False,128.0,128GB,128GB|256GB,False,Very Good - Refurbished,Refurbished,539.0,$400-599,4.2109375,673.75,20.0,True,0.0,False,12.0,True,Seller 055,"Norwalk, California, United States",CA,2026-03-28,True,False,False,CA,Standard,Modern (14+),14,639.5,7.207207207207207
1308,New in box Apple iPhone 14 PRO MAX 128/256/512GB UNLOCKED US STOCK 2 YR WARRANTY,iPhone 14 Pro Max,14,True,512.0,512GB,512GB,False,New,Second-hand,629.51,$600-899,1.22951171875,,,False,0.0,False,4.0,True,Seller 155,"Whippany, New Jersey, United States",NJ,2026-03-28,True,False,False,NJ,Pro,Modern (14+),73,2750.0,8.085106382978724
1309,New in Sealed Box Apple iPhone 14 PRO MAX 5G 128-512GB FULLY UNLOCKED All Colors,iPhone 14 Pro Max,14,True,512.0,512GB,512GB,False,New,Second-hand,629.51,$600-899,1.22951171875,,,False,0.0,False,2.0,True,Seller 155,"Los Angeles, California, United States",CA,2026-03-28,True,False,False,CA,Pro,Modern (14+),58,2750.0,8.085106382978724
1310,"Sealed Apple iPhone 13 Mini A2481 5G 128/256/512GB 5.4""USA Fully Unlocked Phone",iPhone 13 Mini,13,False,512.0,512GB,512GB,False,New,Second-hand,321.43,$200-399,0.62779296875,,,False,0.0,False,1.0,True,Seller 648,"Los Angeles, California, United States",CA,2026-03-28,True,False,False,CA,Standard,Mid-Gen (12-13),54,491.95,6.462585034013606
1311,FACTORY NEW Apple iPhone 14 PRO MAX 5G 128/256/512GB/1TB Unlocked Free delivered,iPhone 14 Pro Max,14,True,512.0,512GB,512GB|1024GB,False,New,Second-hand,629.51,$600-899,1.22951171875,,,False,1.0,True,0.0,False,Seller 155,"Los Angeles, California, United States",CA,2026-03-28,True,False,False,CA,Pro,Modern (14+),58,2750.0,8.085106382978724
1312,New Sealed Box Apple iPhone 13 MINI 128/256GB Factory Unlocked GSM+CDMA US SHIP,iPhone 13 Mini,13,False,256.0,256GB,256GB,False,New,Second-hand,321.88,$200-399,1.25734375,,,False,2.0,True,0.0,False,Seller 373,"Whippany, New Jersey, United States",NJ,2026-03-28,True,False,False,NJ,Standard,Mid-Gen (12-13),151,491.95,6.462585034013606
1313,New in Apple iPhone 12 Pro 12 Mini 13 Mini 13 Pro max 5G Fully Unlocked CDMA GSM,iPhone 12 Pro,12,True,,Tidak Diketahui,,False,New,Second-hand,332.08,$200-399,,,,False,5.0,True,0.0,False,Seller 655,"Los Angeles, California, United States",CA,2026-03-28,True,True,False,CA,Pro,Mid-Gen (12-13),1,4685.89,10.0
1314,Factory New in box Apple iPhone 14 5G 128-512G Unlocked GSM CDMA Free shipping,iPhone 14,14,False,,Tidak Diketahui,,False,New,Second-hand,389.01,$200-399,,,,False,0.0,False,4.0,True,Seller 155,"Whippany, New Jersey, United States",NJ,2026-03-28,True,False,False,NJ,Standard,Modern (14+),40,1329.99,21.492537313432834
1315,FACTORY NEW Apple iPhone 13 MINI 5G 512-256-128G FULLY UNLOCKED FREE DELIVERED,iPhone 13 Mini,13,False,,Tidak Diketahui,,False,New,Second-hand,321.43,$200-399,,,,False,0.0,False,35.0,True,Seller 155,"Whippany, New Jersey, United States",NJ,2026-03-28,True,False,False,NJ,Standard,Mid-Gen (12-13),151,491.95,6.462585034013606
1316,NEW Apple iPhone 13 MINI 5G A2481 128/256GB Factory Unlocked ALL Carriers&Colors,iPhone 13 Mini,13,False,256.0,256GB,256GB,False,New,Second-hand,321.42,$200-399,1.255546875,,,False,1.0,True,0.0,False,Seller 385,"Los Angeles, California, United States",CA,2026-03-28,True,False,False,CA,Standard,Mid-Gen (12-13),54,491.95,6.462585034013606
1317,FACTORY NEW Apple iPhone 13 MINI 5G 512-256-128G FULLY UNLOCKED US FREE SHIPPING,iPhone 13 Mini,13,False,,Tidak Diketahui,,False,New,Second-hand,321.43,$200-399,,,,False,0.0,False,5.0,True,Seller 155,"Whippany, New Jersey, United States",NJ,2026-03-28,True,False,False,NJ,Standard,Mid-Gen (12-13),151,491.95,6.462585034013606
1318,New Apple Iphone 13 Mini A2481 128GB 256GB Unlocked All Carrier 2 YEAR WARRANTY,iPhone 13 Mini,13,False,128.0,128GB,128GB|256GB,False,New,Second-hand,321.43,$200-399,2.511171875,,,False,1.0,True,0.0,False,Seller 655,"Austin, Texas, United States",TX,2026-03-28,True,False,False,TX,Standard,Mid-Gen (12-13),12,491.95,6.462585034013606
1319,BRAND NEW iPhone 17 - T Mobile - 256GB - Black,iPhone 17,17,False,256.0,256GB,256GB,False,New,Second-hand,685.0,$600-899,2.67578125,,,False,0.0,False,0.0,False,Seller 399,"Renton, Washington, United States",WA,2026-03-28,True,False,False,WA,Standard,Modern (14+),2,1000.99,7.857142857142857
1320,Brand New Apple Iphone 13 Mini 128GB GSM CDMA Unlocked All Carrier Smartphone,iPhone 13 Mini,13,False,128.0,128GB,128GB,False,New,Second-hand,323.99,$200-399,2.531171875,,,False,5.0,True,0.0,False,Seller 650,"Whippany, New Jersey, United States",NJ,2026-03-28,True,False,False,NJ,Standard,Mid-Gen (12-13),151,491.95,6.462585034013606
1321,New Apple iPhone 14 A2649 256GB Factory Unlocked All Mobile Carriers and Colors,iPhone 14,14,False,256.0,256GB,256GB,False,New,Second-hand,409.99,$400-599,1.6015234375,,,False,2.0,True,8.0,True,Seller 505,"Dunellen, New Jersey, United States",NJ,2026-03-28,True,False,False,NJ,Standard,Modern (14+),40,1329.99,21.492537313432834
1322,New Sealed Apple iPhone 14 PRO MAX 128/256/512GB FULLY UNLOCKED 2 YEAR WARRANTY,iPhone 14 Pro Max,14,True,512.0,512GB,512GB,False,New,Second-hand,629.51,$600-899,1.22951171875,,,False,0.0,False,2.0,True,Seller 155,"Whippany, New Jersey, United States",NJ,2026-03-28,True,False,False,NJ,Pro,Modern (14+),73,2750.0,8.085106382978724
1323,FACTORY NEW Apple iPhone 13 MINI 5G 512-256-128GB UNLOCKED 2 YEARS WARRANTY USA,iPhone 13 Mini,13,False,128.0,128GB,128GB,False,New,Second-hand,321.43,$200-399,2.511171875,,,False,1.0,True,0.0,False,Seller 385,"Los Angeles, California, United States",CA,2026-03-28,True,False,False,CA,Standard,Mid-Gen (12-13),54,491.95,6.462585034013606
1324,Apple iPhone 16 - 128 GB 256 GB - All Colors - Unlocked - 100% Battery Very Good,iPhone 16,16,False,128.0,128GB,128GB|256GB,False,Very Good - Refurbished,Refurbished,549.0,$400-599,4.2890625,686.25,20.0,True,0.0,False,39.0,True,Seller 055,"Norwalk, California, United States",CA,2026-03-28,True,False,False,CA,Standard,Modern (14+),14,639.5,7.207207207207207
1325,Factory NEW Sealed Apple iPhone 13 5G -128GB/256GB/512GB UNLOCKED US Smartphone,iPhone 13,13,False,128.0,128GB,128GB|256GB|512GB,False,New,Second-hand,430.69,$400-599,3.364765625,,,False,0.0,False,4.0,True,Seller 155,"Whippany, New Jersey, United States",NJ,2026-03-28,True,False,False,NJ,Standard,Mid-Gen (12-13),28,4935.0,20.909090909090907
1326,Brand New Apple Iphone 13 Mini 256GB GSM CDMA Unlocked All Carrier Smartphones,iPhone 13 Mini,13,False,256.0,256GB,256GB,False,New,Second-hand,323.99,$200-399,1.2655859375,,,False,5.0,True,0.0,False,Seller 650,"Whippany, New Jersey, United States",NJ,2026-03-28,True,False,False,NJ,Standard,Mid-Gen (12-13),151,491.95,6.462585034013606
1327,NEW Apple iPhone 13 MINI 5G 512/256/128G UNLOCKED ALL Colors&Carrier Smartphone,iPhone 13 Mini,13,False,,Tidak Diketahui,,False,New,Second-hand,321.42,$200-399,,,,False,1.0,True,0.0,False,Seller 155,"Whippany, New Jersey, United States",NJ,2026-03-28,True,False,False,NJ,Standard,Mid-Gen (12-13),151,491.95,6.462585034013606
1328,New Apple iPhone 13 MINI 128/256/512GB Fully Unlocked USA Sealed Box 2 Yrs Wty❤,iPhone 13 Mini,13,False,512.0,512GB,512GB,False,New,Second-hand,321.42,$200-399,0.6277734375,,,False,0.0,False,3.0,True,Seller 655,"Los Angeles, California, United States",CA,2026-03-28,True,False,False,CA,Standard,Mid-Gen (12-13),54,491.95,6.462585034013606
1329,New Apple iPhone 13 MINI/13 PRO MAX 128GB 256GB 512GB USA Unlocked Smartphone,iPhone 13 Mini,13,False,128.0,128GB,128GB|256GB|512GB,False,New,Second-hand,321.43,$200-399,2.511171875,,,False,0.0,False,9.0,True,Seller 648,"Whippany, New Jersey, United States",NJ,2026-03-28,True,False,False,NJ,Standard,Mid-Gen (12-13),151,491.95,6.462585034013606
1330,New Sealed Apple iPhone 12 Pro/12 Mini/13 Mini 5G Factory Unlocked All Carrier,iPhone 12 Pro,12,True,,Tidak Diketahui,,False,New,Second-hand,332.08,$200-399,,,,False,5.0,True,8.0,True,Seller 648,"Whippany, New Jersey, United States",NJ,2026-03-28,True,True,False,NJ,Pro,Mid-Gen (12-13),5,4685.89,10.0
1331,NUEVO Smartphone Apple iPhone 13 MINI 5G 512GB/256GB/128GB DESBLOQUEADO Todos los Colores-,iPhone 13 Mini,13,False,128.0,128GB,128GB|256GB|512GB,False,New,Second-hand,321.42,$200-399,2.51109375,,,False,0.0,False,0.0,False,Seller 155,"Los Angeles, California, Estados Unidos",CA,2026-03-28,True,False,False,CA,Standard,Mid-Gen (12-13),54,491.95,6.462585034013606
1332,NEW IN Apple iPhone 14/14 Pro max 5G GSM CDMA FACTORY UNLOCKED US FREE DELIVERED,iPhone 14,14,False,,Tidak Diketahui,,False,New,Second-hand,408.03,$400-599,,,,False,10.0,True,0.0,False,Seller 155,"Whippany, New Jersey, United States",NJ,2026-03-28,True,False,False,NJ,Standard,Modern (14+),40,1329.99,21.492537313432834
1333,NEW IN BOX Apple iPhone 13 MINI 5G 512GB/256GB/128GB FULLY UNLOCKED Smartphone,iPhone 13 Mini,13,False,128.0,128GB,128GB|256GB|512GB,False,New,Second-hand,321.42,$200-399,2.51109375,,,False,1.0,True,0.0,False,Seller 155,"Los Angeles, California, United States",CA,2026-03-28,True,False,False,CA,Standard,Mid-Gen (12-13),54,491.95,6.462585034013606
1334,New sealed Apple iPhone 13 MINI 5G 128/256/512GB Unlocked All Carrie Fast shipp,iPhone 13 Mini,13,False,512.0,512GB,512GB,False,New,Second-hand,321.41,$200-399,0.62775390625,,,False,0.0,False,1.0,True,Seller 648,"Los Angeles, California, United States",CA,2026-03-28,True,False,False,CA,Standard,Mid-Gen (12-13),54,491.95,6.462585034013606
1335,Factory New Apple iPhone 13 mini/13/13 Pro max 5G Unlocked USA All Colors&memory,iPhone 13 Mini,13,False,,Tidak Diketahui,,False,New,Second-hand,332.08,$200-399,,,,False,5.0,True,0.0,False,Seller 655,"Los Angeles, California, United States",CA,2026-03-28,True,False,False,CA,Standard,Mid-Gen (12-13),54,491.95,6.462585034013606
1336,NEW SEALED Apple Iphone 13 Mini A2481 128GB 256GB Unlocked GSM CDMA All Carrier,iPhone 13 Mini,13,False,128.0,128GB,128GB|256GB,False,New,Second-hand,321.43,$200-399,2.511171875,,,False,0.0,False,1.0,True,Seller 655,"Los Angeles, California, United States",CA,2026-03-28,True,False,False,CA,Standard,Mid-Gen (12-13),54,491.95,6.462585034013606
1337,New Sealed Apple iPhone 13 Mini/12 Mini/iPhone 13 Unlocked 512-128G ALL Carrier,iPhone 13 Mini,13,False,,Tidak Diketahui,,False,New,Second-hand,332.01,$200-399,,,,False,3.0,True,0.0,False,Seller 118,"Los Angeles, California, United States",CA,2026-03-28,True,True,False,CA,Standard,Mid-Gen (12-13),54,491.95,6.462585034013606
1338,NEW SEALED iPhone 13 mini (5G) A2481 - 128GB - Factory Unlocked Smartphone US E,iPhone 13 Mini,13,False,128.0,128GB,128GB,False,New,Second-hand,335.99,$200-399,2.624921875,,,False,5.0,True,0.0,False,Seller 053,"Shenzhen, China",INTL,2026-03-28,True,False,False,INTL,Standard,Mid-Gen (12-13),26,491.95,6.462585034013606
1339,Factory New Sealed Box Apple iPhone 13 MINI A2481 128/256GB Unlocked Smartphone,iPhone 13 Mini,13,False,256.0,256GB,256GB,False,New,Second-hand,321.88,$200-399,1.25734375,,,False,2.0,True,2.0,True,Seller 373,"Whippany, New Jersey, United States",NJ,2026-03-28,True,False,False,NJ,Standard,Mid-Gen (12-13),151,491.95,6.462585034013606
1340,Sealed Apple iPhone 13 mini Smartphone - 128GB - Factory Unlocked - All Colors E,iPhone 13 Mini,13,False,128.0,128GB,128GB,False,New,Second-hand,335.99,$200-399,2.624921875,,,False,5.0,True,0.0,False,Seller 053,"Shenzhen, China",INTL,2026-03-28,True,False,False,INTL,Standard,Mid-Gen (12-13),26,491.95,6.462585034013606
1341,NEW APPLE IPHONE 14 PRO MAX 128GB-512GB AT&T T-Mobile Verizon Factory Unlocked,iPhone 14 Pro Max,14,True,128.0,128GB,128GB|512GB,False,New,Second-hand,673.99,$600-899,5.265546875,,,False,2.0,True,1.0,True,Seller 053,"Brooklyn, New York, United States",NY,2026-03-28,True,False,False,NY,Pro,Modern (14+),31,2750.0,8.085106382978724
1342,"NEW Sealed Apple iPhone 13 Mini 5G A2481 128/256/512GB 5.4"" Factory Unlocked US",iPhone 13 Mini,13,False,512.0,512GB,512GB,False,New,Second-hand,321.88,$200-399,0.628671875,,,False,2.0,True,0.0,False,Seller 373,"Whippany, New Jersey, United States",NJ,2026-03-28,True,False,False,NJ,Standard,Mid-Gen (12-13),151,491.95,6.462585034013606
1343,New in Sealed Box Apple iPhone 13 MINI A2481 128/256 Factory Unlocked Smartphone,iPhone 13 Mini,13,False,,Tidak Diketahui,,False,New,Second-hand,321.88,$200-399,,,,False,2.0,True,0.0,False,Seller 373,"Whippany, New Jersey, United States",NJ,2026-03-28,True,False,False,NJ,Standard,Mid-Gen (12-13),151,491.95,6.462585034013606
1344,Factory New Sealed Box Apple iPhone 13 MINI A2481 128GB USA Unlocked Smartphone,iPhone 13 Mini,13,False,128.0,128GB,128GB,False,New,Second-hand,321.99,$200-399,2.515546875,,,False,2.0,True,0.0,False,Seller 373,"Whippany, New Jersey, United States",NJ,2026-03-28,True,False,False,NJ,Standard,Mid-Gen (12-13),151,491.95,6.462585034013606
1345,Apple iPhone 17 - 256 GB/512 GB - All Color - Unlocked - Very Good Condition,iPhone 17,17,False,256.0,256GB,256GB|512GB,False,Very Good - Refurbished,Refurbished,749.0,$600-899,2.92578125,,,False,2.0,True,0.0,False,Seller 055,"Norwalk, California, United States",CA,2026-03-28,True,False,False,CA,Standard,Modern (14+),15,1000.99,7.857142857142857
1346,Apple iPhone 17 - 256 GB/512 GB - All Color - Unlocked - Excellent Condition,iPhone 17,17,False,256.0,256GB,256GB|512GB,False,Excellent - Refurbished,Refurbished,769.0,$600-899,3.00390625,,,False,2.0,True,2.0,True,Seller 055,"Norwalk, California, United States",CA,2026-03-28,True,False,False,CA,Standard,Modern (14+),15,1000.99,7.857142857142857
1347,Apple iPhone 17 256GB - Sage (Unlocked) (eSIM Only) A3258 MG4A4LL/A Excellent,iPhone 17,17,False,256.0,256GB,256GB,False,Excellent - Refurbished,Refurbished,814.95,$600-899,3.1833984375,,,False,0.0,False,1.0,True,Seller 343,"Plainview, New York, United States",NY,2026-03-28,True,False,False,NY,Standard,Modern (14+),20,1000.99,7.857142857142857
1348,New Apple Iphone 13 Mini 5G 128GB~512GB Factory Unlocked GSM CDMA All Carriers,iPhone 13 Mini,13,False,128.0,128GB,128GB|512GB,False,New,Second-hand,323.99,$200-399,2.531171875,,,False,2.0,True,0.0,False,Seller 508,"Whippany, New Jersey, United States",NJ,2026-03-28,True,False,False,NJ,Standard,Mid-Gen (12-13),151,491.95,6.462585034013606
1349,NEW Apple iPhone 13 MINI 5G 512/256/128G FULLY UNLOCKED ALL Colors Smartphone,iPhone 13 Mini,13,False,,Tidak Diketahui,,False,New,Second-hand,321.42,$200-399,,,,False,0.0,False,4.0,True,Seller 155,"Los Angeles, California, United States",CA,2026-03-28,True,False,False,CA,Standard,Mid-Gen (12-13),54,491.95,6.462585034013606
1350,Apple iPhone 17 - 256 GB eSim - Mist Blue (Unlocked) Brand New Sealed MG484LL/A,iPhone 17,17,False,256.0,256GB,256GB,False,New,Second-hand,824.74,$600-899,3.221640625,,,False,2.0,True,4.0,True,Seller 678,"Columbus, Ohio, United States",OH,2026-03-28,True,False,False,OH,Standard,Modern (14+),7,1000.99,7.857142857142857
1351,Factory New Apple iPhone 14 PRO MAX 5G 128/256/512GB/1TB Unlocked Smartphone,iPhone 14 Pro Max,14,True,512.0,512GB,512GB|1024GB,False,New,Second-hand,629.51,$600-899,1.22951171875,,,False,1.0,True,0.0,False,Seller 385,"Whippany, New Jersey, United States",NJ,2026-03-28,True,False,False,NJ,Pro,Modern (14+),73,2750.0,8.085106382978724
1352,NEW Apple iPhone 13 MINI 5G 512/256/128G UNLOCKED US STOCK T-mobile Verizon ATT,iPhone 13 Mini,13,False,,Tidak Diketahui,,False,New,Second-hand,321.42,$200-399,,,,False,1.0,True,0.0,False,Seller 155,"Whippany, New Jersey, United States",NJ,2026-03-28,True,False,False,NJ,Standard,Mid-Gen (12-13),151,491.95,6.462585034013606
1353,NEW in Apple iPhone 14 PRO MAX 5G 128/256/512GB/1TB Unlocked US stock All Colors,iPhone 14 Pro Max,14,True,512.0,512GB,512GB|1024GB,False,New,Second-hand,629.51,$600-899,1.22951171875,,,False,1.0,True,0.0,False,Seller 648,"Los Angeles, California, United States",CA,2026-03-28,True,False,False,CA,Pro,Modern (14+),58,2750.0,8.085106382978724
1354,NEW SEALED APPLE IPHONE 14 PRO MAX 128GB 256/512GB 1TB FACTORY UNLOCKED GSM+CDMA,iPhone 14 Pro Max,14,True,128.0,128GB,128GB|512GB|1024GB,False,New,Second-hand,675.99,$600-899,5.281171875,,,False,2.0,True,0.0,False,Seller 512,"Whippany, New Jersey, United States",NJ,2026-03-28,True,False,False,NJ,Pro,Modern (14+),73,2750.0,8.085106382978724
1355,"New sealed Apple iPhone 13 MINI A2481 128/256/512GB 5.4"" US Unlocked Smartphone",iPhone 13 Mini,13,False,512.0,512GB,512GB,False,New,Second-hand,323.99,$200-399,0.63279296875,,,False,2.0,True,0.0,False,Seller 024,"Whippany, New Jersey, United States",NJ,2026-03-28,True,False,False,NJ,Standard,Mid-Gen (12-13),151,491.95,6.462585034013606
1356,NEW Apple Iphone 13 Mini A2481 128GB 256GB Unlocked AT&T T-MOBILE VERIZON,iPhone 13 Mini,13,False,128.0,128GB,128GB|256GB,False,New,Second-hand,323.99,$200-399,2.531171875,,,False,2.0,True,1.0,True,Seller 024,"Whippany, New Jersey, United States",NJ,2026-03-28,True,False,False,NJ,Standard,Mid-Gen (12-13),151,491.95,6.462585034013606
1357,In-Box Apple iPhone 13 Mini A2481 512GB 256GB 128GB Factory Unlocked- Excellent,iPhone 13 Mini,13,False,128.0,128GB,128GB|256GB|512GB,False,Open Box,Like New,289.95,$200-399,2.265234375,,,False,10.0,True,145.0,True,Seller 306,"Allen, Texas, United States",TX,2026-03-28,True,False,False,TX,Standard,Mid-Gen (12-13),12,491.95,6.462585034013606
1358,Apple iPhone 14 - 128GB - Black - Fully Unlocked 5G E-Sim - Visible Scratches,iPhone 14,14,False,128.0,128GB,128GB,False,Used,Second-hand,239.99,$200-399,1.874921875,,,False,9.0,True,14.0,True,Seller 209,"Brooklyn, New York, United States",NY,2026-03-28,True,False,False,NY,Standard,Modern (14+),29,1329.99,21.492537313432834
1359,NEW IN BOX Apple Iphone 13 Mini A2481 128GB 256GB Unlocked GSM CDMA All Carrier,iPhone 13 Mini,13,False,128.0,128GB,128GB|256GB,False,New,Second-hand,323.99,$200-399,2.531171875,,,False,2.0,True,1.0,True,Seller 024,"Whippany, New Jersey, United States",NJ,2026-03-28,True,False,False,NJ,Standard,Mid-Gen (12-13),151,491.95,6.462585034013606
1360,New in box Apple iPhone 13 Mini/12 Mini/12 Pro 5G Factory Unlocked All Carriers,iPhone 13 Mini,13,False,,Tidak Diketahui,,False,New,Second-hand,327.55,$200-399,,,,False,3.0,True,32.0,True,Seller 024,"Whippany, New Jersey, United States",NJ,2026-03-28,True,True,False,NJ,Standard,Mid-Gen (12-13),151,491.95,6.462585034013606
1361,Apple iPhone 17 Pro Max - 1 TB - Cosmic Orange (Unlocked),iPhone 17 Pro Max,17,True,1024.0,1024GB,1024GB,False,New,Second-hand,1000.0,$900-1299,0.9765625,,,False,0.0,False,0.0,False,Seller 234,"Sheridan, Wyoming, United States",WY,2026-03-28,True,False,False,WY,Pro,Modern (14+),1,2710.0,8.176100628930817
1362,New Sealed Apple iPhone 13 MINI A2481 128GB/256GB US Factory Unlocked GSM CDMA,iPhone 13 Mini,13,False,128.0,128GB,128GB|256GB,False,New,Second-hand,323.99,$200-399,2.531171875,,,False,2.0,True,1.0,True,Seller 024,"Whippany, New Jersey, United States",NJ,2026-03-28,True,False,False,NJ,Standard,Mid-Gen (12-13),151,491.95,6.462585034013606
1363,Apple iPhone 15 128GB Unlocked - Open Box,iPhone 15,15,False,128.0,128GB,128GB,False,Open Box,Like New,434.99,$400-599,3.398359375,799.0,45.56,True,10.0,True,4.0,True,Seller 029,"Astoria, New York, United States",NY,2026-03-28,True,False,False,NY,Standard,Modern (14+),10,171.96000000000004,13.636363636363635
1364,Apple iPhone 13 A248 128GB - Unlocked -70%+ battery - Used Poor,iPhone 13,13,False,128.0,128GB,128GB,False,Used,Second-hand,175.29,<$200,1.369453125,,,False,1.0,True,0.0,False,Seller 048,"Coppell, Texas, United States",TX,2026-03-28,True,False,False,TX,Standard,Mid-Gen (12-13),141,4935.0,20.909090909090907
1365,"Apple iPhone 13 Mini 128GB A2481 Unlocked 70%+ Battery Very Good, No Face ID",iPhone 13 Mini,13,False,128.0,128GB,128GB,False,Used,Second-hand,174.69,<$200,1.364765625,,,False,1.0,True,0.0,False,Seller 048,"Coppell, Texas, United States",TX,2026-03-28,True,False,False,TX,Standard,Mid-Gen (12-13),12,491.95,6.462585034013606
1366,Apple iPhone 13 A2482 256GB CDMA/GSM Unlocked Smartphone - Heavy Scratch,iPhone 13,13,False,256.0,256GB,256GB,False,Used,Second-hand,197.69,<$200,0.7722265625,,,False,1.0,True,0.0,False,Seller 048,"Coppell, Texas, United States",TX,2026-03-28,True,False,False,TX,Standard,Mid-Gen (12-13),141,4935.0,20.909090909090907
1367,iPhone 14 Pro Max - 128 GB Unlocked Good Condition - Aftermarket Screen Message,iPhone 14 Pro Max,14,True,128.0,128GB,128GB,False,Used,Second-hand,370.0,$200-399,2.890625,,,False,8.0,True,5.0,True,Seller 557,"Inglewood, California, United States",CA,2026-03-28,True,False,False,CA,Pro,Modern (14+),58,2750.0,8.085106382978724
1368,Apple iPhone 14 - 128GB - Midnight (Unlocked) A2649 Brand New Sealed A15 5G,iPhone 14,14,False,128.0,128GB,128GB,False,New,Second-hand,403.0,$400-599,,,,False,2.0,True,1.0,True,Seller 174,"Broken Arrow, Oklahoma, United States",OK,2026-03-28,True,True,False,OK,Standard,Modern (14+),1,1329.99,21.492537313432834
1369,Apple iPhone 17 (6.3-in) Smartphone (A3258) Unlocked - 256GB / White,iPhone 17,17,False,256.0,256GB,256GB,False,Excellent - Refurbished,Refurbished,869.99,$600-899,3.3983984375,,,False,0.0,False,0.0,False,Seller 150,"Sykesville, Maryland, United States",MD,2026-03-28,True,False,False,MD,Standard,Modern (14+),5,1000.99,7.857142857142857
1370,Apple iPhone 13 A2482 256GB CDMA/GSM Unlocked 70%+ Battery - Excellent,iPhone 13,13,False,256.0,256GB,256GB,False,Used,Second-hand,213.89,$200-399,0.8355078125,,,False,1.0,True,0.0,False,Seller 048,"Coppell, Texas, United States",TX,2026-03-28,True,False,False,TX,Standard,Mid-Gen (12-13),141,4935.0,20.909090909090907
1371,Apple iPhone 13 - 128GB | 256GB - (Unlocked) T-Mobile Verizon AT&T - Excellent,iPhone 13,13,False,128.0,128GB,128GB|256GB,False,Excellent - Refurbished,Refurbished,294.45,$200-399,2.300390625,309.95,5.0,True,2.0,True,27.0,True,Seller 190,"Spartanburg, South Carolina, United States",SC,2026-03-28,True,False,False,SC,Standard,Mid-Gen (12-13),4,4935.0,20.909090909090907
1372,Brand New Apple iPhone 13 Mini 64GB/128GB/256GB Unlocked for All Carriers Colors,iPhone 13 Mini,13,False,64.0,64GB,64GB|128GB|256GB,False,New,Second-hand,323.99,$200-399,5.06234375,,,False,2.0,True,0.0,False,Seller 024,"Whippany, New Jersey, United States",NJ,2026-03-28,True,False,False,NJ,Standard,Mid-Gen (12-13),151,491.95,6.462585034013606
1373,Apple iPhone 16 New - Black – 128GB – Unlocked - Dual eSIM- Open Box,iPhone 16,16,False,128.0,128GB,128GB,False,Open Box,Like New,549.0,$400-599,4.2890625,,,False,0.0,False,0.0,False,Seller 448,"Fort Lauderdale, Florida, United States",FL,2026-03-28,True,False,False,FL,Standard,Modern (14+),25,639.5,7.207207207207207
1374,New Sealed Box Apple iPhone 14 5G A2649 512GB-128GB Factory Unlocked All Carrier,iPhone 14,14,False,128.0,128GB,128GB|512GB,False,New,Second-hand,403.95,$400-599,3.155859375,,,False,5.0,True,0.0,False,Seller 560,"Austin, Texas, United States",TX,2026-03-28,True,False,False,TX,Standard,Modern (14+),150,1329.99,21.492537313432834
1375,FACTORY NEW SEALED APPLE IPHONE 14 PRO MAX 128G/256G/512 UNLOCKED 2 YRS WARRANTY,iPhone 14 Pro Max,14,True,,Tidak Diketahui,,False,New,Second-hand,745.12,$600-899,,,,False,2.0,True,0.0,False,Seller 509,"Whippany, New Jersey, United States",NJ,2026-03-28,True,False,False,NJ,Pro,Modern (14+),73,2750.0,8.085106382978724
1376,NEW SEALEDAPPLE IPHONE 14 PRO MAX 128GB 256G 512G 1TB FACTORY UNLOCKED COLORS,iPhone 14 Pro Max,14,True,128.0,128GB,128GB|1024GB,False,New,Second-hand,745.12,$600-899,5.82125,,,False,2.0,True,0.0,False,Seller 509,"Whippany, New Jersey, United States",NJ,2026-03-28,True,False,False,NJ,Pro,Modern (14+),73,2750.0,8.085106382978724
1377,New Apple iPhone 13 Mini 128GB/256/512B A2626 Factory Unlocked for All Carriers,iPhone 13 Mini,13,False,128.0,128GB,128GB,False,New,Second-hand,322.01,$200-399,2.515703125,,,False,2.0,True,58.0,True,Seller 509,"Whippany, New Jersey, United States",NJ,2026-03-28,True,False,False,NJ,Standard,Mid-Gen (12-13),151,491.95,6.462585034013606
1378,Apple iPhone 15 128GB Unlocked Blue -New Sealed,iPhone 15,15,False,128.0,128GB,128GB,False,New,Second-hand,479.99,$400-599,3.749921875,,,False,0.0,False,0.0,False,Seller 044,"Milwaukee, Wisconsin, United States",WI,2026-03-28,True,False,False,WI,Standard,Modern (14+),1,171.96000000000004,13.636363636363635
1379,Apple iPhone 12 64/128/256GB Unlocked -All colors - Used Good (NO FACE ID),iPhone 12,12,False,256.0,256GB,256GB,False,Used,Second-hand,154.99,<$200,0.6054296875,,,False,0.0,False,513.0,True,Seller 061,"Brooklyn, New York, United States",NY,2026-03-28,True,False,False,NY,Standard,Mid-Gen (12-13),24,4428.01,45.073891625615765
1380,iphone 17 pro max unlocked,iPhone 17 Pro Max,17,True,,Tidak Diketahui,,False,Open Box,Like New,1199.0,$900-1299,,,,False,0.0,False,0.0,False,Seller 670,"Johnson City, New York, United States",NY,2026-03-28,True,False,False,NY,Pro,Modern (14+),14,2710.0,8.176100628930817
1381,NEW APPLE IPHONE 14 PRO MAX 128GB-512G AT&T T-Mobile Verizon Factory Unlocked,iPhone 14 Pro Max,14,True,128.0,128GB,128GB,False,New,Second-hand,745.12,$600-899,5.82125,,,False,2.0,True,3.0,True,Seller 509,"Whippany, New Jersey, United States",NJ,2026-03-28,True,False,False,NJ,Pro,Modern (14+),73,2750.0,8.085106382978724
1382,FACTORY NEW SEALED APPLE IPHONE 14 128GB 256G/512 FULLY UNLOCKED ALL GSM CDMA,iPhone 14,14,False,128.0,128GB,128GB,False,New,Second-hand,389.99,$200-399,3.046796875,,,False,5.0,True,1.0,True,Seller 509,"Whippany, New Jersey, United States",NJ,2026-03-28,True,False,False,NJ,Standard,Modern (14+),40,1329.99,21.492537313432834
1383,Apple Iphone 13 Mini 5G 512GB 256GB 128GB Factory Unlocked GSM CDMA Smartphones,iPhone 13 Mini,13,False,128.0,128GB,128GB|256GB|512GB,False,New,Second-hand,323.99,$200-399,2.531171875,,,False,2.0,True,0.0,False,Seller 024,"Whippany, New Jersey, United States",NJ,2026-03-28,True,False,False,NJ,Standard,Mid-Gen (12-13),151,491.95,6.462585034013606
1384,Apple Iphone 13 Mini 5G A2481 128GB 512GB Factory Unlocked GSM CDMA Smartphones,iPhone 13 Mini,13,False,128.0,128GB,128GB|512GB,False,New,Second-hand,323.99,$200-399,2.531171875,,,False,2.0,True,0.0,False,Seller 024,"Whippany, New Jersey, United States",NJ,2026-03-28,True,False,False,NJ,Standard,Mid-Gen (12-13),151,491.95,6.462585034013606
1385,Apple Iphone 13 Mini A2481 128GB 256 512GB Factory Unlocked GSM CDMA Smartphones,iPhone 13 Mini,13,False,128.0,128GB,128GB|512GB,False,New,Second-hand,323.99,$200-399,2.531171875,,,False,2.0,True,0.0,False,Seller 024,"Whippany, New Jersey, United States",NJ,2026-03-28,True,False,False,NJ,Standard,Mid-Gen (12-13),151,491.95,6.462585034013606
1386,New Apple iPhone 13 MINI A2481 128GB/256GB/512GB Fully Unlocked US Version,iPhone 13 Mini,13,False,128.0,128GB,128GB|256GB|512GB,False,New,Second-hand,323.99,$200-399,2.531171875,,,False,2.0,True,1.0,True,Seller 024,"Whippany, New Jersey, United States",NJ,2026-03-28,True,False,False,NJ,Standard,Mid-Gen (12-13),151,491.95,6.462585034013606
1387,"Apple iPhone 12 Pro Max, 128/256/512GB - Unlocked - Refurbished B Grade",iPhone 12 Pro Max,12,True,512.0,512GB,512GB,False,Very Good - Refurbished,Refurbished,349.99,$200-399,0.68357421875,,,False,0.0,False,95.0,True,Seller 061,"Brooklyn, New York, United States",NY,2026-03-28,True,False,False,NY,Pro,Mid-Gen (12-13),22,4867.01,4.6875
1388,NEW SEALED APPLE IPHONE 14 PRO MAX 128GB 256G 512G FACTORY UNLOCKED 2 YEAR WARR,iPhone 14 Pro Max,14,True,128.0,128GB,128GB,False,New,Second-hand,745.12,$600-899,5.82125,,,False,2.0,True,10.0,True,Seller 509,"Whippany, New Jersey, United States",NJ,2026-03-28,True,False,False,NJ,Pro,Modern (14+),73,2750.0,8.085106382978724
1389,New Sealed Box Apple iPhone 14 5G 128GB 256GB Factory Unlocked 2 YEAR WARRANTY,iPhone 14,14,False,128.0,128GB,128GB|256GB,False,New,Second-hand,403.95,$400-599,3.155859375,,,False,5.0,True,0.0,False,Seller 560,"Austin, Texas, United States",TX,2026-03-28,True,False,False,TX,Standard,Modern (14+),150,1329.99,21.492537313432834
1390,Apple iPhone 13 Mini A2481 256GB 128GB Unlocked Excellent - 100% Battery Health,iPhone 13 Mini,13,False,128.0,128GB,128GB|256GB,False,Open Box,Like New,294.95,$200-399,2.304296875,,,False,0.0,False,15.0,True,Seller 180,"Allen, Texas, United States",TX,2026-03-28,True,False,False,TX,Standard,Mid-Gen (12-13),12,491.95,6.462585034013606
1391,Apple iPhone 13 A2482 128GB CDMA/GSM Unlocked Smartphone - Used Poor,iPhone 13,13,False,128.0,128GB,128GB,False,Used,Second-hand,190.89,<$200,1.491328125,,,False,1.0,True,0.0,False,Seller 048,"Coppell, Texas, United States",TX,2026-03-28,True,False,False,TX,Standard,Mid-Gen (12-13),141,4935.0,20.909090909090907
1392,"NUEVO Sellado Apple iPhone 13 MINI A2481 128GB 256GB 5.4"" GSM CDMA-",iPhone 13 Mini,13,False,128.0,128GB,128GB|256GB,False,New,Second-hand,321.99,$200-399,2.515546875,,,False,0.0,False,0.0,False,Seller 559,"Brooklyn, New York, Estados Unidos",NY,2026-03-28,True,False,False,NY,Standard,Mid-Gen (12-13),31,491.95,6.462585034013606
1393,New Apple iPhone 13 Mini 128GB 256GB A2481 Factory Unlocked for All Carriers USA,iPhone 13 Mini,13,False,128.0,128GB,128GB|256GB,False,New,Second-hand,321.99,$200-399,2.515546875,,,False,2.0,True,5.0,True,Seller 559,"Brooklyn, New York, United States",NY,2026-03-28,True,False,False,NY,Standard,Mid-Gen (12-13),31,491.95,6.462585034013606
1394,New Apple iPhone 13 Mini /12 Mini A2176 A2481 64GB/128GB/256GB Factory Unlocked,iPhone 13 Mini,13,False,64.0,64GB,64GB|128GB|256GB,False,New,Second-hand,314.11,$200-399,,,,False,0.0,False,5.0,True,Seller 265,"Whippany, New Jersey, United States",NJ,2026-03-28,True,True,False,NJ,Standard,Mid-Gen (12-13),151,491.95,6.462585034013606
1395,New Sealed Apple iPhone 13 MINI A2481 128GB/256GB Factory Unlocked Smartphone US,iPhone 13 Mini,13,False,128.0,128GB,128GB|256GB,False,New,Second-hand,321.88,$200-399,2.5146875,,,False,2.0,True,6.0,True,Seller 265,"Whippany, New Jersey, United States",NJ,2026-03-28,True,False,False,NJ,Standard,Mid-Gen (12-13),151,491.95,6.462585034013606
1396,Apple iPhone 16 256GB Unlocked Very Good Condition - All Colors,iPhone 16,16,False,256.0,256GB,256GB,False,Very Good - Refurbished,Refurbished,679.99,$600-899,2.6562109375,,,False,0.0,False,5.0,True,Seller 084,"Sanford, Florida, United States",FL,2026-03-28,True,False,False,FL,Standard,Modern (14+),25,639.5,7.207207207207207
1397,New Sealed Apple iPhone 12 Mini13 Mini iPhone 13 Unlocked GSM+CDMA ALL Carri,iPhone 12 Mini,12,False,,Tidak Diketahui,,False,New,Second-hand,332.01,$200-399,,,,False,3.0,True,1.0,True,Seller 510,"Whippany, New Jersey, United States",NJ,2026-03-28,True,True,False,NJ,Standard,Mid-Gen (12-13),5,17.96999999999997,28.57142857142857
1398,New Sealed Box Apple iPhone 13 MINI A2481 128/256GB Factory Unlocked Smartphone,iPhone 13 Mini,13,False,256.0,256GB,256GB,False,New,Second-hand,321.88,$200-399,1.25734375,,,False,2.0,True,17.0,True,Seller 559,"Brooklyn, New York, United States",NY,2026-03-28,True,False,False,NY,Standard,Mid-Gen (12-13),31,491.95,6.462585034013606
1399,New Sealed Apple iPhone 13 128GB/256GB/512GB FACTORY UNLOCKED GSM CDMA ✅2-YR-WAR,iPhone 13,13,False,128.0,128GB,128GB|256GB|512GB,False,New,Second-hand,432.13,$400-599,3.376015625,,,False,0.0,False,46.0,True,Seller 559,"Brooklyn, New York, United States",NY,2026-03-28,True,False,False,NY,Standard,Mid-Gen (12-13),27,4935.0,20.909090909090907
1400,NEW SEALED APPLE IPHONE 14 5G 128GB 256GB 512GB FACTORY UNLOCKED 2 YRS WARRANTY,iPhone 14,14,False,128.0,128GB,128GB|256GB|512GB,False,New,Second-hand,389.01,$200-399,3.039140625,,,False,2.0,True,0.0,False,Seller 574,"Whippany, New Jersey, United States",NJ,2026-03-28,True,False,False,NJ,Standard,Modern (14+),40,1329.99,21.492537313432834
1401,New Apple iPhone 13/12 Mini/13 Mini /SE 3rd (2022) Factory Unlocked All Carrier,iPhone 13,13,False,,Tidak Diketahui,,False,New,Second-hand,314.11,$200-399,,,,False,0.0,False,5.0,True,Seller 265,"Whippany, New Jersey, United States",NJ,2026-03-28,True,True,False,NJ,Standard,Mid-Gen (12-13),28,4935.0,20.909090909090907
1402,New Sealed Apple iPhone 13 MINI 5G A2481 128GB 256GB Factory Unlocked Smartphone,iPhone 13 Mini,13,False,128.0,128GB,128GB|256GB,False,New,Second-hand,321.99,$200-399,2.515546875,,,False,2.0,True,3.0,True,Seller 265,"Whippany, New Jersey, United States",NJ,2026-03-28,True,False,False,NJ,Standard,Mid-Gen (12-13),151,491.95,6.462585034013606
1403,NEW SEALED APPLE IPHONE 14 5G 128/256/512GB FACTORY UNLOCKED GSM+CDMA SMARTPHONE,iPhone 14,14,False,512.0,512GB,512GB,False,New,Second-hand,389.01,$200-399,0.75978515625,,,False,2.0,True,0.0,False,Seller 574,"Whippany, New Jersey, United States",NJ,2026-03-28,True,False,False,NJ,Standard,Modern (14+),40,1329.99,21.492537313432834
1404,New Sealed Apple iPhone 12 Mini/13 Mini/SE (2022)/13 Pro Max Factory Unlocked,iPhone 12 Mini,12,False,,Tidak Diketahui,,False,New,Second-hand,314.11,$200-399,,,,False,0.0,False,2.0,True,Seller 559,"Brooklyn, New York, United States",NY,2026-03-28,True,True,False,NY,Standard,Mid-Gen (12-13),2,17.96999999999997,28.57142857142857
1405,New in Sealed Apple iPhone 13 MINI A2481 128GB 256GB Factory Unlocked Smartphone,iPhone 13 Mini,13,False,128.0,128GB,128GB|256GB,False,New,Second-hand,321.99,$200-399,2.515546875,,,False,2.0,True,1.0,True,Seller 559,"Brooklyn, New York, United States",NY,2026-03-28,True,False,False,NY,Standard,Mid-Gen (12-13),31,491.95,6.462585034013606
1406,New in Sealed Box Apple iPhone 13 128/256/512GB FACTORY UNLOCKED 2 YR WARNTY USA,iPhone 13,13,False,512.0,512GB,512GB,False,New,Second-hand,432.13,$400-599,0.84400390625,,,False,0.0,False,19.0,True,Seller 265,"Whippany, New Jersey, United States",NJ,2026-03-28,True,False,False,NJ,Standard,Mid-Gen (12-13),28,4935.0,20.909090909090907
1407,Apple iPhone 14 256GB A2649 Unlocked Smartphone - Excellent,iPhone 14,14,False,256.0,256GB,256GB,False,Excellent - Refurbished,Refurbished,308.29,$200-399,1.2042578125,,,False,0.0,False,1.0,True,Seller 048,"Coppell, Texas, United States",TX,2026-03-28,True,False,False,TX,Standard,Modern (14+),150,1329.99,21.492537313432834
1408,NEW SEALED BOX APPLE IPHONE 14 128GB/256GB FACTORY UNLOCKED GSM+CDMA ALL COLORS,iPhone 14,14,False,128.0,128GB,128GB|256GB,False,New,Second-hand,389.01,$200-399,3.039140625,,,False,2.0,True,0.0,False,Seller 574,"Whippany, New Jersey, United States",NJ,2026-03-28,True,False,False,NJ,Standard,Modern (14+),40,1329.99,21.492537313432834
1409,Factory Sealed New Apple iPhone 13 Mini 256/128G Fully Unlocked for All Carrier,iPhone 13 Mini,13,False,,Tidak Diketahui,,False,New,Second-hand,322.01,$200-399,,,,False,2.0,True,5.0,True,Seller 510,"Whippany, New Jersey, United States",NJ,2026-03-28,True,False,False,NJ,Standard,Mid-Gen (12-13),151,491.95,6.462585034013606
1410,New Open Box Apple iPhone 16 128GB Black Unlocked *Never Used* Battery cycle 0,iPhone 16,16,False,128.0,128GB,128GB,False,Open Box,Like New,594.99,$400-599,4.648359375,,,False,2.0,True,1.0,True,Seller 348,"Oakland Gardens, New York, United States",NY,2026-03-28,True,False,False,NY,Standard,Modern (14+),19,639.5,7.207207207207207
1411,Apple iPhone 17 (6.3-in) Smartphone (A3258) Unlocked - 256GB/White 90%+ Battery,iPhone 17,17,False,256.0,256GB,256GB,False,Open Box,Like New,869.99,$600-899,3.3983984375,,,False,0.0,False,0.0,False,Seller 150,"Sykesville, Maryland, United States",MD,2026-03-28,True,False,False,MD,Standard,Modern (14+),5,1000.99,7.857142857142857
1412,Apple iPhone 15 128GB Unlocked Excellent Condition - All Colors,iPhone 15,15,False,128.0,128GB,128GB,False,Excellent - Refurbished,Refurbished,409.99,$400-599,3.203046875,,,False,3.0,True,112.0,True,Seller 084,"Sanford, Florida, United States",FL,2026-03-28,True,False,False,FL,Standard,Modern (14+),3,171.96000000000004,13.636363636363635
1413,Apple iPhone 13 - 128GB | 256GB - Unlocked AT&T T-Mobile Verizon Metro Cricket,iPhone 13,13,False,128.0,128GB,128GB|256GB,False,Open Box,Like New,256.45,$200-399,2.003515625,269.95,5.0,True,7.0,True,125.0,True,Seller 176,"Spartanburg SC, United States",INTL,2026-03-28,True,False,False,INTL,Standard,Mid-Gen (12-13),17,4935.0,20.909090909090907
1414,Apple iPhone 16 128GB Unlocked Very Good Condition - All Colors,iPhone 16,16,False,128.0,128GB,128GB,False,Very Good - Refurbished,Refurbished,549.99,$400-599,4.296796875,,,False,0.0,False,33.0,True,Seller 084,"Sanford, Florida, United States",FL,2026-03-28,True,False,False,FL,Standard,Modern (14+),25,639.5,7.207207207207207
1415,Apple iPhone 12 | 12 mini - 64GB 128GB 256GB - Unlocked AT&T T-Mobile Verizon,iPhone 12,12,False,64.0,64GB,64GB|128GB|256GB,False,Good - Refurbished,Refurbished,142.45,<$200,2.22578125,149.95,5.0,True,5.0,True,203.0,True,Seller 176,"Spartanburg SC, United States",INTL,2026-03-28,True,False,False,INTL,Standard,Mid-Gen (12-13),21,4428.01,45.073891625615765
1416,Factory New Apple iPhone 13 MINI A2481 128G/256GB Unlocked 2 YR WARRANTY US SHIP,iPhone 13 Mini,13,False,256.0,256GB,256GB,False,New,Second-hand,321.99,$200-399,1.2577734375,,,False,2.0,True,0.0,False,Seller 574,"Brooklyn, New York, United States",NY,2026-03-28,True,False,False,NY,Standard,Mid-Gen (12-13),31,491.95,6.462585034013606
1417,Apple iPhone 12 | 12 Pro | 12 Pro Max | 12 mini - Unlocked AT&T T-Mobile Verizon,iPhone 12,12,False,,Tidak Diketahui,,False,Good - Refurbished,Refurbished,142.45,<$200,,149.95,5.0,True,5.0,True,43.0,True,Seller 176,"Spartanburg SC, United States",INTL,2026-03-28,True,False,False,INTL,Standard,Mid-Gen (12-13),21,4428.01,45.073891625615765
1418,Apple iPhone 14 Pro Max A2651 - Factory Unlocked - 128GB Silver - Good Condition,iPhone 14 Pro Max,14,True,128.0,128GB,128GB,False,Used,Second-hand,539.99,$400-599,4.218671875,,,False,0.0,False,0.0,False,Seller 178,"La Puente, California, United States",CA,2026-03-28,True,False,False,CA,Pro,Modern (14+),58,2750.0,8.085106382978724
1419,Apple iPhone 14 Blue 128GB Factory Unlocked,iPhone 14,14,False,128.0,128GB,128GB,False,For Parts Or Not Working,Damaged,149.99,<$200,1.171796875,,,False,0.0,False,0.0,False,Seller 624,"Fort Worth, Texas, United States",TX,2026-03-28,True,False,False,TX,Standard,Modern (14+),150,1329.99,21.492537313432834
1420,⚫Sealed Apple iPhone 12 Pro/12 Mini/13 Mini USA Fully Unlocked Phone 1-yr-wty,iPhone 12 Pro,12,True,,Tidak Diketahui,,False,New,Second-hand,314.11,$200-399,,,,False,0.0,False,7.0,True,Seller 559,"Brooklyn, New York, United States",NY,2026-03-28,True,True,False,NY,Pro,Mid-Gen (12-13),1,4685.89,10.0
1421,New in Sealed Box Apple iPhone 13 Mini /12 Mini /12 Pro 64/128/256GB UNLOCKED US,iPhone 13 Mini,13,False,256.0,256GB,256GB,False,New,Second-hand,314.11,$200-399,,,,False,0.0,False,1.0,True,Seller 559,"Brooklyn, New York, United States",NY,2026-03-28,True,True,False,NY,Standard,Mid-Gen (12-13),31,491.95,6.462585034013606
1422,NEW SEALED APPLE IPHONE 14 PRO MAX 128GB 256GB 512GB FACTORY UNLOCKED ALL COLORS,iPhone 14 Pro Max,14,True,128.0,128GB,128GB|256GB|512GB,False,New,Second-hand,675.95,$600-899,5.280859375,,,False,2.0,True,0.0,False,Seller 574,"Whippany, New Jersey, United States",NJ,2026-03-28,True,False,False,NJ,Pro,Modern (14+),73,2750.0,8.085106382978724
1423,New Unlocked Apple iPhone 12 Mini/13 Mini/12 Pro/13 Pro Max All Memory& Color US,iPhone 12 Mini,12,False,,Tidak Diketahui,,False,New,Second-hand,314.11,$200-399,,,,False,0.0,False,2.0,True,Seller 559,"Brooklyn, New York, United States",NY,2026-03-28,True,True,False,NY,Standard,Mid-Gen (12-13),2,17.96999999999997,28.57142857142857
1424,Apple iPhone 13 - 128GB | 256GB - (Unlocked) AT&T Verizon T-Mobile Metro Cricket,iPhone 13,13,False,128.0,128GB,128GB|256GB,False,Open Box,Like New,256.45,$200-399,2.003515625,269.95,5.0,True,7.0,True,52.0,True,Seller 083,"Spartanburg SC, United States",INTL,2026-03-28,True,False,False,INTL,Standard,Mid-Gen (12-13),17,4935.0,20.909090909090907
1425,New Apple iPhone 14/14 Pro Max /13/13 MINI/12 MINI 5G Factory Unlocked GSM CDMA,iPhone 14,14,False,,Tidak Diketahui,,False,New,Second-hand,335.99,$200-399,,,,False,3.0,True,2.0,True,Seller 024,"Whippany, New Jersey, United States",NJ,2026-03-28,True,True,False,NJ,Standard,Modern (14+),40,1329.99,21.492537313432834
1426,New Sealed Box Apple iPhone 13 Mini Factory Unlocked Fully ALL carrier FAST SHIP,iPhone 13 Mini,13,False,,Tidak Diketahui,,False,New,Second-hand,322.01,$200-399,,,,False,2.0,True,0.0,False,Seller 509,"Brooklyn, New York, United States",NY,2026-03-28,True,False,False,NY,Standard,Mid-Gen (12-13),31,491.95,6.462585034013606
1427,New Sealed Apple iPhone 13 Mini/12 Mini Factory Unlocked 512-128GB ALL Carrier,iPhone 13 Mini,13,False,128.0,128GB,128GB,False,New,Second-hand,332.01,$200-399,,,,False,3.0,True,2.0,True,Seller 151,"Los Angeles, California, United States",CA,2026-03-28,True,True,False,CA,Standard,Mid-Gen (12-13),54,491.95,6.462585034013606
1428,"New Apple iPhone 13 128GB 256GB Unlocked, Verizon, AT&T, T-Mobile -Free Shipping",iPhone 13,13,False,128.0,128GB,128GB|256GB,False,New,Second-hand,432.12,$400-599,3.3759375,,,False,2.0,True,2.0,True,Seller 135,"Whippany, New Jersey, United States",NJ,2026-03-28,True,False,False,NJ,Standard,Mid-Gen (12-13),28,4935.0,20.909090909090907
1429,NEW SEALED APPLE IPHONE 14 PRO MAX 128GB 256G 512G FACTORY UNLOCKED ALL CARRIERS,iPhone 14 Pro Max,14,True,128.0,128GB,128GB,False,New,Second-hand,699.99,$600-899,5.468671875,,,False,3.0,True,1.0,True,Seller 193,"Whippany, New Jersey, United States",NJ,2026-03-28,True,False,False,NJ,Pro,Modern (14+),73,2750.0,8.085106382978724
1430,NEW APPLE IPHONE 14 5G 128GB 256GB FACTORY UNLOCKED ✅2 YEAR WARANTY✅⚫⚪✤SEALED✤,iPhone 14,14,False,128.0,128GB,128GB|256GB,False,New,Second-hand,403.95,$400-599,3.155859375,,,False,5.0,True,0.0,False,Seller 193,"Whippany, New Jersey, United States",NJ,2026-03-28,True,False,False,NJ,Standard,Modern (14+),40,1329.99,21.492537313432834
1431,NEW IN Apple iPhone 14/14 Pro max 5G GSM CDMA FACTORY UNLOCKED 2 YEAR WARRANTY,iPhone 14,14,False,,Tidak Diketahui,,False,New,Second-hand,408.03,$400-599,,,,False,10.0,True,0.0,False,Seller 666,"Whippany, New Jersey, United States",NJ,2026-03-28,True,False,False,NJ,Standard,Modern (14+),40,1329.99,21.492537313432834
1432,New Sealed Apple iPhone 13 MINI 5G 128/256/512GB A2481 Unlocked for All Carrier⚡,iPhone 13 Mini,13,False,512.0,512GB,512GB,False,New,Second-hand,321.43,$200-399,0.62779296875,,,False,0.0,False,3.0,True,Seller 666,"Los Angeles, California, United States",CA,2026-03-28,True,False,False,CA,Standard,Mid-Gen (12-13),54,491.95,6.462585034013606
1433,NEW SEALED Apple iPhone 13 MINI A2481 128~256G Unlocked GSM CDMA Free shipping,iPhone 13 Mini,13,False,,Tidak Diketahui,,False,New,Second-hand,321.41,$200-399,,,,False,0.0,False,1.0,True,Seller 666,"Los Angeles, California, United States",CA,2026-03-28,True,False,False,CA,Standard,Mid-Gen (12-13),54,491.95,6.462585034013606
1434,Factory New Sealed Apple iPhone 14 PRO MAX 128/256/512GB UNLOCKED 2 YEAR WARRANT,iPhone 14 Pro Max,14,True,512.0,512GB,512GB,False,New,Second-hand,699.88,$600-899,1.366953125,,,False,2.0,True,20.0,True,Seller 135,"Los Angeles, California, United States",CA,2026-03-28,True,False,False,CA,Pro,Modern (14+),58,2750.0,8.085106382978724
1435,New Sealed Apple iPhone 12 Pro/12 Mini/13 Mini/13 Pro max Unlocked ALL Carrier,iPhone 12 Pro,12,True,,Tidak Diketahui,,False,New,Second-hand,332.08,$200-399,,,,False,5.0,True,0.0,False,Seller 666,"Whippany, New Jersey, United States",NJ,2026-03-28,True,True,False,NJ,Pro,Mid-Gen (12-13),5,4685.89,10.0
1436,New in Box Apple iPhone 14 PRO MAX 5G 128/256/512G 1TB Unlocked Fast Delivery,iPhone 14 Pro Max,14,True,1024.0,1024GB,1024GB,False,New,Second-hand,629.51,$600-899,0.614755859375,,,False,1.0,True,0.0,False,Seller 666,"Whippany, New Jersey, United States",NJ,2026-03-28,True,False,False,NJ,Pro,Modern (14+),73,2750.0,8.085106382978724
1437,New SEALD Apple iPhone 13 Mini/12 Mini Factory Unlocked All Carriers Smartphone,iPhone 13 Mini,13,False,,Tidak Diketahui,,False,New,Second-hand,332.08,$200-399,,,,False,5.0,True,0.0,False,Seller 666,"Los Angeles, California, United States",CA,2026-03-28,True,True,False,CA,Standard,Mid-Gen (12-13),54,491.95,6.462585034013606
1438,New in Sealed Apple iPhone 13 MINI 5G 128/256GB Factory Unlocked for All Carrier,iPhone 13 Mini,13,False,256.0,256GB,256GB,False,New,Second-hand,321.43,$200-399,1.2555859375,,,False,1.0,True,0.0,False,Seller 666,"Los Angeles, California, United States",CA,2026-03-28,True,False,False,CA,Standard,Mid-Gen (12-13),54,491.95,6.462585034013606
1439,New Sealed in Box Apple iPhone 13/13 Pro Max 5G Factory Unlocked 2 YEAR WARRANTY,iPhone 13,13,False,,Tidak Diketahui,,False,New,Second-hand,432.12,$400-599,,,,False,2.0,True,13.0,True,Seller 135,"Whippany, New Jersey, United States",NJ,2026-03-28,True,False,False,NJ,Standard,Mid-Gen (12-13),28,4935.0,20.909090909090907
1440,NEW SEALED SEALEDAPPLE IPHONE 14 PRO MAX 128-512GB FACTORY UNLOCKED GSM CDMA USA,iPhone 14 Pro Max,14,True,512.0,512GB,512GB,False,New,Second-hand,699.88,$600-899,1.366953125,,,False,2.0,True,0.0,False,Seller 135,"Whippany, New Jersey, United States",NJ,2026-03-28,True,False,False,NJ,Pro,Modern (14+),73,2750.0,8.085106382978724
1441,Factory New Sealed Apple iPhone 14 5G 128/256GB Unlocked AT&T Verizon T-Mobile,iPhone 14,14,False,256.0,256GB,256GB,False,New,Second-hand,403.95,$400-599,1.5779296875,,,False,5.0,True,0.0,False,Seller 135,"Whippany, New Jersey, United States",NJ,2026-03-28,True,False,False,NJ,Standard,Modern (14+),40,1329.99,21.492537313432834
1442,New in Box Apple iPhone 14 PRO MAX 5G 128/256/512G 1TB Fully Unlocked All Colors,iPhone 14 Pro Max,14,True,1024.0,1024GB,1024GB,False,New,Second-hand,629.51,$600-899,0.614755859375,,,False,1.0,True,0.0,False,Seller 666,"Whippany, New Jersey, United States",NJ,2026-03-28,True,False,False,NJ,Pro,Modern (14+),73,2750.0,8.085106382978724
1443,New Apple iPhone 14 128GB 256GB 512GB USA Unlocked Verizon AT&T T-Mobile A2649,iPhone 14,14,False,128.0,128GB,128GB|256GB|512GB,False,New,Second-hand,403.95,$400-599,3.155859375,,,False,5.0,True,0.0,False,Seller 193,"Austin, Texas, United States",TX,2026-03-28,True,False,False,TX,Standard,Modern (14+),150,1329.99,21.492537313432834
1444,Factory New Sealed Apple iPhone 13 A2482 128GB 256GB 512GB Unlocked US SHIPPING,iPhone 13,13,False,128.0,128GB,128GB|256GB|512GB,False,New,Second-hand,432.12,$400-599,3.3759375,,,False,2.0,True,16.0,True,Seller 135,"Austin, Texas, United States",TX,2026-03-28,True,False,False,TX,Standard,Mid-Gen (12-13),141,4935.0,20.909090909090907
1445,Apple iPhone 17 256GB E -SIM US Version - Unlocked - Excellent,iPhone 17,17,False,256.0,256GB,256GB,False,Excellent - Refurbished,Refurbished,789.99,$600-899,3.0858984375,,,False,10.0,True,101.0,True,Seller 018,"Addison, Texas, United States",TX,2026-03-28,True,False,False,TX,Standard,Modern (14+),23,1000.99,7.857142857142857
1446,NEW SEALED APPLE IPHONE 13/IPHONE 14/14 PRO MAX 128GB 256G 512G FACTORY UNLOCKED,iPhone 13,13,False,128.0,128GB,128GB,False,New,Second-hand,409.95,$400-599,,,,False,10.0,True,0.0,False,Seller 193,"Whippany, New Jersey, United States",NJ,2026-03-28,True,True,False,NJ,Standard,Mid-Gen (12-13),28,4935.0,20.909090909090907
1447,Apple iPhone 17 Pro Max - 1 TB - Cosmic Orange (Unlocked),iPhone 17 Pro Max,17,True,1024.0,1024GB,1024GB,False,New,Second-hand,1200.0,$900-1299,1.171875,,,False,0.0,False,0.0,False,Seller 288,"Lynden, Washington, United States",WA,2026-03-28,True,False,False,WA,Pro,Modern (14+),7,2710.0,8.176100628930817
1448,New in Box Apple iPhone 14 PRO MAX 5G 128/256/512GB 1TB Unlocked Smartphone USA,iPhone 14 Pro Max,14,True,512.0,512GB,512GB|1024GB,False,New,Second-hand,629.51,$600-899,1.22951171875,,,False,0.0,False,2.0,True,Seller 666,"Whippany, New Jersey, United States",NJ,2026-03-28,True,False,False,NJ,Pro,Modern (14+),73,2750.0,8.085106382978724
1449,New Sealed Apple iPhone 13 MINI 5G 128/256/512GB A2481 Unlocked 2 year warranty⚡,iPhone 13 Mini,13,False,512.0,512GB,512GB,False,New,Second-hand,321.43,$200-399,0.62779296875,,,False,0.0,False,2.0,True,Seller 666,"Whippany, New Jersey, United States",NJ,2026-03-28,True,False,False,NJ,Standard,Mid-Gen (12-13),151,491.95,6.462585034013606
1450,NEW SEALED APPLE IPHONE 14 PRO MAX 128GB/256/512GB 1TB UNLOCKED GSM CDMA US SHIP,iPhone 14 Pro Max,14,True,128.0,128GB,128GB|512GB|1024GB,False,New,Second-hand,675.99,$600-899,5.281171875,,,False,2.0,True,0.0,False,Seller 135,"Austin, Texas, United States",TX,2026-03-28,True,False,False,TX,Pro,Modern (14+),3,2750.0,8.085106382978724
1451,Factory New Sealed Apple iPhone 14 A2649 128GB 256GB 512GB Unlocked US SHIPPING,iPhone 14,14,False,128.0,128GB,128GB|256GB|512GB,False,New,Second-hand,403.95,$400-599,3.155859375,,,False,5.0,True,0.0,False,Seller 135,"Austin, Texas, United States",TX,2026-03-28,True,False,False,TX,Standard,Modern (14+),150,1329.99,21.492537313432834
1452,Apple iPhone 16 256GB Excellent Condition AT&T,iPhone 16,16,False,256.0,256GB,256GB,False,Open Box,Like New,599.0,$400-599,2.33984375,,,False,0.0,False,0.0,False,Seller 426,"Southampton, New York, United States",NY,2026-03-28,True,False,False,NY,Standard,Modern (14+),19,639.5,7.207207207207207
1453,New Sealed Apple iPhone 14 PRO MAX A2651 128/256GB Factory Unlocked Smartphone,iPhone 14 Pro Max,14,True,256.0,256GB,256GB,False,New,Second-hand,699.99,$600-899,2.7343359375,,,False,3.0,True,0.0,False,Seller 193,"Whippany, New Jersey, United States",NJ,2026-03-28,True,False,False,NJ,Pro,Modern (14+),73,2750.0,8.085106382978724
1454,"New & Sealed Apple iPhone 14 (128GB/256GB) Factory Unlocked, All Mobile Carriers",iPhone 14,14,False,128.0,128GB,128GB|256GB,False,New,Second-hand,403.95,$400-599,3.155859375,,,False,5.0,True,1.0,True,Seller 135,"Austin, Texas, United States",TX,2026-03-28,True,False,False,TX,Standard,Modern (14+),150,1329.99,21.492537313432834
1455,Apple iPhone 17 Pro Max - 1 TB - Cosmic Orange (Unlocked),iPhone 17 Pro Max,17,True,1024.0,1024GB,1024GB,False,New,Second-hand,1200.0,$900-1299,1.171875,,,False,0.0,False,0.0,False,Seller 241,"Whitakers, North Carolina, United States",NC,2026-03-28,True,False,False,NC,Pro,Modern (14+),2,2710.0,8.176100628930817
1456,New Sealed Apple iPhone 13 MINI 128GB/256GB 5G Factory Unlocked GSM CDMA US SHIP,iPhone 13 Mini,13,False,128.0,128GB,128GB|256GB,False,New,Second-hand,321.99,$200-399,2.515546875,,,False,2.0,True,0.0,False,Seller 651,"Whippany, New Jersey, United States",NJ,2026-03-28,True,False,False,NJ,Standard,Mid-Gen (12-13),151,491.95,6.462585034013606
1457,New Sealed Apple iPhone 13 A2482 128-512GB Factory Unlocked All Mobile Carriers,iPhone 13,13,False,512.0,512GB,512GB,False,New,Second-hand,432.12,$400-599,0.843984375,,,False,2.0,True,0.0,False,Seller 135,"Whippany, New Jersey, United States",NJ,2026-03-28,True,False,False,NJ,Standard,Mid-Gen (12-13),28,4935.0,20.909090909090907
1458,New &Sealed Apple iPhone 13 MINI 128/256GB Factory Unlocked ALL GSM CDMA US SHIP,iPhone 13 Mini,13,False,256.0,256GB,256GB,False,New,Second-hand,321.88,$200-399,1.25734375,,,False,2.0,True,0.0,False,Seller 651,"Whippany, New Jersey, United States",NJ,2026-03-28,True,False,False,NJ,Standard,Mid-Gen (12-13),151,491.95,6.462585034013606
1459,New Sealed Box Apple iPhone 13 MINI 128G/256GB Factory Unlocked GSM+CDMA US SHIP,iPhone 13 Mini,13,False,256.0,256GB,256GB,False,New,Second-hand,321.88,$200-399,1.25734375,,,False,2.0,True,0.0,False,Seller 651,"Whippany, New Jersey, United States",NJ,2026-03-28,True,False,False,NJ,Standard,Mid-Gen (12-13),151,491.95,6.462585034013606
1460,FACTORY NEW SEALED APPLE IPHONE 14 512-128GB FULLY UNLOCKED CDMA+GSM SMARTPHONES,iPhone 14,14,False,128.0,128GB,128GB,False,New,Second-hand,403.95,$400-599,3.155859375,,,False,5.0,True,0.0,False,Seller 193,"Whippany, New Jersey, United States",NJ,2026-03-28,True,False,False,NJ,Standard,Modern (14+),40,1329.99,21.492537313432834
1461,"New Sealed Apple iPhone 14 128/256/512GB 6.1"" USA Factory Unlocked SmartPhone",iPhone 14,14,False,512.0,512GB,512GB,False,New,Second-hand,403.95,$400-599,0.78896484375,,,False,5.0,True,0.0,False,Seller 193,"Austin, Texas, United States",TX,2026-03-28,True,False,False,TX,Standard,Modern (14+),150,1329.99,21.492537313432834
1462,Factory New Apple iPhone 14 5G 128-512GB Unlocked Us stock Att T-Mobile Verizon,iPhone 14,14,False,512.0,512GB,512GB,False,New,Second-hand,389.01,$200-399,0.75978515625,,,False,1.0,True,0.0,False,Seller 666,"Whippany, New Jersey, United States",NJ,2026-03-28,True,False,False,NJ,Standard,Modern (14+),40,1329.99,21.492537313432834
1463,"New Sealed Apple iPhone 13 Mini (128/256GB) 5G ,Factory Unlocked (USA Model)",iPhone 13 Mini,13,False,256.0,256GB,256GB,False,New,Second-hand,323.99,$200-399,1.2655859375,,,False,2.0,True,1.0,True,Seller 538,"Whippany, New Jersey, United States",NJ,2026-03-28,True,False,False,NJ,Standard,Mid-Gen (12-13),151,491.95,6.462585034013606
1464,NEW Apple iPhone 14 PRO MAX A2651 128/256/512GB Factory Unlocked 2 YEAR WARRANTY,iPhone 14 Pro Max,14,True,512.0,512GB,512GB,False,New,Second-hand,699.99,$600-899,1.36716796875,,,False,2.0,True,1.0,True,Seller 560,"Whippany, New Jersey, United States",NJ,2026-03-28,True,False,False,NJ,Pro,Modern (14+),73,2750.0,8.085106382978724
1465,Factory New Sealed Box Apple iPhone 14 Pro Max 128GB 256G 512G Unlocked GSM+CDMA,iPhone 14 Pro Max,14,True,128.0,128GB,128GB,False,New,Second-hand,699.99,$600-899,5.468671875,,,False,2.0,True,25.0,True,Seller 560,"Whippany, New Jersey, United States",NJ,2026-03-28,True,False,False,NJ,Pro,Modern (14+),73,2750.0,8.085106382978724
1466,New Sealed Apple iPhone 14/14 Pro Max 128GB 256GB Factory Unlocked GSM+CDMA USA,iPhone 14,14,False,128.0,128GB,128GB|256GB,False,New,Second-hand,403.95,$400-599,3.155859375,,,False,5.0,True,3.0,True,Seller 560,"Whippany, New Jersey, United States",NJ,2026-03-28,True,False,False,NJ,Standard,Modern (14+),40,1329.99,21.492537313432834
1467,New Apple iPhone 14 Pro Max 128/256GB/512 Unlocked T-Mobile AT&T Verizon phone,iPhone 14 Pro Max,14,True,256.0,256GB,256GB,False,New,Second-hand,745.12,$600-899,2.910625,,,False,2.0,True,0.0,False,Seller 151,"Whippany, New Jersey, United States",NJ,2026-03-28,True,False,False,NJ,Pro,Modern (14+),73,2750.0,8.085106382978724
1468,"New Apple iPhone 14 5G Unlocked - 128GB, 256GB, 512GB Factory Sealed in Box, US",iPhone 14,14,False,128.0,128GB,128GB|256GB|512GB,False,New,Second-hand,403.95,$400-599,3.155859375,,,False,5.0,True,1.0,True,Seller 560,"Whippany, New Jersey, United States",NJ,2026-03-28,True,False,False,NJ,Standard,Modern (14+),40,1329.99,21.492537313432834
1469,New In Sealed Box Apple iPhone 14 128-512GB Factory Unlocked GSM+CDMA Smartphone,iPhone 14,14,False,512.0,512GB,512GB,False,New,Second-hand,403.95,$400-599,0.78896484375,,,False,5.0,True,0.0,False,Seller 560,"Whippany, New Jersey, United States",NJ,2026-03-28,True,False,False,NJ,Standard,Modern (14+),40,1329.99,21.492537313432834
1470,New Sealed Apple iPhone 14 Pro Max 5G 128GB/256GB/512G Factory Unlocked GSM+CDMA,iPhone 14 Pro Max,14,True,128.0,128GB,128GB|256GB,False,New,Second-hand,699.99,$600-899,5.468671875,,,False,2.0,True,0.0,False,Seller 560,"Whippany, New Jersey, United States",NJ,2026-03-28,True,False,False,NJ,Pro,Modern (14+),73,2750.0,8.085106382978724
1471,New Apple iPhone 13 Pro Max/14 Pro Max 128/256 Factory Unlocked GSM+CDMA 2-YR-WT,iPhone 13 Pro Max,13,True,,Tidak Diketahui,,False,New,Second-hand,409.95,$400-599,,,,False,10.0,True,1.0,True,Seller 560,"Whippany, New Jersey, United States",NJ,2026-03-28,True,True,False,NJ,Pro,Mid-Gen (12-13),2,112.15999999999997,33.33333333333333
1472,New in Sealed Apple iPhone 13 MINI A2481 128/256GB Fully Unlocked Fast shipping⚡,iPhone 13 Mini,13,False,256.0,256GB,256GB,False,New,Second-hand,323.99,$200-399,1.2655859375,,,False,2.0,True,1.0,True,Seller 538,"Whippany, New Jersey, United States",NJ,2026-03-28,True,False,False,NJ,Standard,Mid-Gen (12-13),151,491.95,6.462585034013606
1473,NEW SEALED APPLE IPHONE 14 PRO MAX 128GB 256G 512G FACTORY UNLOCKED USA STOCK,iPhone 14 Pro Max,14,True,128.0,128GB,128GB,False,New,Second-hand,745.12,$600-899,5.82125,,,False,2.0,True,0.0,False,Seller 151,"Whippany, New Jersey, United States",NJ,2026-03-28,True,False,False,NJ,Pro,Modern (14+),73,2750.0,8.085106382978724
1474,Factory Unlocked ✨ Apple iPhone 14 Pro Max 1TB 6GB RAM 4 Colors 6.7'' - FLAWLESS,iPhone 14 Pro Max,14,True,1024.0,1024GB,1024GB,False,Used,Second-hand,634.99,$600-899,0.620107421875,,,False,1.0,True,0.0,False,Seller 467,"Alhambra, California, United States",CA,2026-03-28,True,False,False,CA,Pro,Modern (14+),58,2750.0,8.085106382978724
1475,NEW SEALED Apple iPhone 13 MINI A2481 128/256GB Unlocked GSM CDMA All Colors,iPhone 13 Mini,13,False,256.0,256GB,256GB,False,New,Second-hand,321.43,$200-399,1.2555859375,,,False,0.0,False,1.0,True,Seller 666,"Whippany, New Jersey, United States",NJ,2026-03-28,True,False,False,NJ,Standard,Mid-Gen (12-13),151,491.95,6.462585034013606
1476,Apple iPhone 12 Pro Max 256GB Unlocked Used- Good condition,iPhone 12 Pro Max,12,True,256.0,256GB,256GB,False,Used,Second-hand,449.99,$400-599,1.7577734375,,,False,0.0,False,0.0,False,Seller 507,"Chittenango, New York, United States",NY,2026-03-28,True,False,False,NY,Pro,Mid-Gen (12-13),22,4867.01,4.6875
1477,New Sealed Apple iPhone 13 Mini 5G 128GB/256/512GB UNLOCKED GSM CDMA All Carrier,iPhone 13 Mini,13,False,128.0,128GB,128GB|512GB,False,New,Second-hand,322.01,$200-399,2.515703125,,,False,2.0,True,1.0,True,Seller 151,"Los Angeles, California, United States",CA,2026-03-28,True,False,False,CA,Standard,Mid-Gen (12-13),54,491.95,6.462585034013606
1478,"🔥 New Sealed Apple iPhone 13 (128/256GB) 5G, Factory Unlocked for All Carriers",iPhone 13,13,False,256.0,256GB,256GB,False,New,Second-hand,432.12,$400-599,1.68796875,,,False,2.0,True,12.0,True,Seller 560,"Whippany, New Jersey, United States",NJ,2026-03-28,True,False,False,NJ,Standard,Mid-Gen (12-13),28,4935.0,20.909090909090907
1479,NEW SEALEDAPPLE IPHONE 14 PRO MAX 128GB 256G 512G 1TB FACTORY UNLOCKED COLORS,iPhone 14 Pro Max,14,True,128.0,128GB,128GB|1024GB,False,New,Second-hand,745.12,$600-899,5.82125,,,False,2.0,True,64.0,True,Seller 151,"Whippany, New Jersey, United States",NJ,2026-03-28,True,False,False,NJ,Pro,Modern (14+),73,2750.0,8.085106382978724
1480,New Sealed Apple iPhone 13 MINI 5G A2481 128GB/256GB Factory Unlocked GSM CDMA,iPhone 13 Mini,13,False,128.0,128GB,128GB|256GB,False,New,Second-hand,323.99,$200-399,2.531171875,,,False,2.0,True,11.0,True,Seller 538,"Whippany, New Jersey, United States",NJ,2026-03-28,True,False,False,NJ,Standard,Mid-Gen (12-13),151,491.95,6.462585034013606
1481,FACTORY NEW SEALED Apple iPhone 13 MINI 512GB-128G FULLY UNLOCKED 2Yr Warranty,iPhone 13 Mini,13,False,512.0,512GB,512GB,False,New,Second-hand,322.01,$200-399,0.62892578125,,,False,2.0,True,17.0,True,Seller 151,"Whippany, New Jersey, United States",NJ,2026-03-28,True,False,False,NJ,Standard,Mid-Gen (12-13),151,491.95,6.462585034013606
1482,New in Sealed BoxSealed Apple iPhone 13 MINI 5G Factory Unlocked for All Carrier,iPhone 13 Mini,13,False,,Tidak Diketahui,,False,New,Second-hand,321.43,$200-399,,,,False,1.0,True,0.0,False,Seller 666,"Los Angeles, California, United States",CA,2026-03-28,True,False,False,CA,Standard,Mid-Gen (12-13),54,491.95,6.462585034013606
1483,New in Sealed Apple iPhone 13 MINI 5G Factory Unlocked for All Carrier USA SHIP,iPhone 13 Mini,13,False,,Tidak Diketahui,,False,New,Second-hand,321.43,$200-399,,,,False,1.0,True,0.0,False,Seller 666,"Los Angeles, California, United States",CA,2026-03-28,True,False,False,CA,Standard,Mid-Gen (12-13),54,491.95,6.462585034013606
1484,NEW SEALED APPLE IPHONE 14 PRO MAX 128-512GB FACTORY UNLOCKED GSM+CDMA US SHIP,iPhone 14 Pro Max,14,True,512.0,512GB,512GB,False,New,Second-hand,699.99,$600-899,1.36716796875,,,False,2.0,True,5.0,True,Seller 135,"Whippany, New Jersey, United States",NJ,2026-03-28,True,False,False,NJ,Pro,Modern (14+),73,2750.0,8.085106382978724
1485,New Apple iPhone 13/iPhone 14/14 Pro Max Factory Unlocked GSM CDMA Smartphones,iPhone 13,13,False,,Tidak Diketahui,,False,New,Second-hand,409.95,$400-599,,,,False,10.0,True,10.0,True,Seller 135,"Whippany, New Jersey, United States",NJ,2026-03-28,True,True,False,NJ,Standard,Mid-Gen (12-13),28,4935.0,20.909090909090907
1486,New in Sealed Box Apple iPhone 14 PRO MAX A2651 128/256GB Unlocked Smartphone US,iPhone 14 Pro Max,14,True,256.0,256GB,256GB,False,New,Second-hand,699.99,$600-899,2.7343359375,,,False,2.0,True,3.0,True,Seller 135,"Whippany, New Jersey, United States",NJ,2026-03-28,True,False,False,NJ,Pro,Modern (14+),73,2750.0,8.085106382978724
1487,Apple iPhone 13 MINI A2481 128/256/512GB Factory Unlocked T-Mobile AT&T Verizon,iPhone 13 Mini,13,False,512.0,512GB,512GB,False,Open Box,Like New,327.55,$200-399,0.63974609375,,,False,2.0,True,2.0,True,Seller 538,"Whippany, New Jersey, United States",NJ,2026-03-28,True,False,False,NJ,Standard,Mid-Gen (12-13),151,491.95,6.462585034013606
1488,New Apple iPhone 13 PRO MAX/13 MINI 128GB 256GB A2176 A2484 US Factory Unlocked,iPhone 13 Pro Max,13,True,128.0,128GB,128GB|256GB,False,New,Second-hand,322.99,$200-399,2.523359375,,,False,3.0,True,7.0,True,Seller 538,"Whippany, New Jersey, United States",NJ,2026-03-28,True,False,False,NJ,Pro,Mid-Gen (12-13),2,112.15999999999997,33.33333333333333
1489,New in Box Apple iPhone 13 MINI A2481 128/256GB USA Unlocked Smartphone,iPhone 13 Mini,13,False,256.0,256GB,256GB,False,New,Second-hand,323.99,$200-399,1.2655859375,,,False,2.0,True,0.0,False,Seller 538,"Whippany, New Jersey, United States",NJ,2026-03-28,True,False,False,NJ,Standard,Mid-Gen (12-13),151,491.95,6.462585034013606
1490,New Sealed Box Apple iPhone 13 MINI A2481 128GB/256GB US Unlocked Smartphones,iPhone 13 Mini,13,False,128.0,128GB,128GB|256GB,False,New,Second-hand,323.99,$200-399,2.531171875,,,False,2.0,True,0.0,False,Seller 538,"Whippany, New Jersey, United States",NJ,2026-03-28,True,False,False,NJ,Standard,Mid-Gen (12-13),151,491.95,6.462585034013606
1491,"New Apple iPhone 13 MINI A2481 128/256/512GB 5.4"" FullyUnlocked ALL COLOR&MEMORY",iPhone 13 Mini,13,False,512.0,512GB,512GB,False,New,Second-hand,322.01,$200-399,0.62892578125,,,False,2.0,True,1.0,True,Seller 151,"Whippany, New Jersey, United States",NJ,2026-03-28,True,False,False,NJ,Standard,Mid-Gen (12-13),151,491.95,6.462585034013606
1492,New Apple iPhone 13 MINI 5G A2481 128/256/512GB Unlocked AT&T T-Mobile Verizon,iPhone 13 Mini,13,False,512.0,512GB,512GB,False,New,Second-hand,322.01,$200-399,0.62892578125,,,False,2.0,True,0.0,False,Seller 151,"Whippany, New Jersey, United States",NJ,2026-03-28,True,False,False,NJ,Standard,Mid-Gen (12-13),151,491.95,6.462585034013606
1493,New-Sealed Apple iPhone 13 MINI A2481 128 256GB 5.4''Unlocked ALL COLOR MEMORY,iPhone 13 Mini,13,False,256.0,256GB,256GB,False,New,Second-hand,323.99,$200-399,1.2655859375,,,False,2.0,True,0.0,False,Seller 538,"Whippany, New Jersey, United States",NJ,2026-03-28,True,False,False,NJ,Standard,Mid-Gen (12-13),151,491.95,6.462585034013606
1494,New 2026 Apple - iPhone 17e A3575 USA eSIM Unlocked,iPhone 17,17,False,,Tidak Diketahui,,False,New,Second-hand,699.99,$600-899,,,,False,0.0,False,14.0,True,Seller 618,"Richardson, Texas, United States",TX,2026-03-28,True,False,False,TX,Standard,Modern (14+),23,1000.99,7.857142857142857
1495,New Apple iPhone 13 Mini / iphone 12Mini 256GB 128GB Unlocked All Carriers Lot,iPhone 13 Mini,13,False,128.0,128GB,128GB|256GB,False,New,Second-hand,335.99,$200-399,,,,False,5.0,True,32.0,True,Seller 538,"Whippany, New Jersey, United States",NJ,2026-03-28,True,True,False,NJ,Standard,Mid-Gen (12-13),151,491.95,6.462585034013606
1496,New Sealed Apple iPhone 13 Mini/13/12 Mini Factory Unlocked 256G/128 ALL Carrier,iPhone 13 Mini,13,False,,Tidak Diketahui,,False,New,Second-hand,332.01,$200-399,,,,False,3.0,True,20.0,True,Seller 151,"Whippany, New Jersey, United States",NJ,2026-03-28,True,True,False,NJ,Standard,Mid-Gen (12-13),151,491.95,6.462585034013606
1497,New Apple iPhone 14 Pro Max 5G 128GB/256GB/512GB Unlocked All Carrier Sealed Box,iPhone 14 Pro Max,14,True,128.0,128GB,128GB|256GB|512GB,False,New,Second-hand,675.95,$600-899,5.280859375,,,False,2.0,True,1.0,True,Seller 265,"Whippany, New Jersey, United States",NJ,2026-03-28,True,False,False,NJ,Pro,Modern (14+),73,2750.0,8.085106382978724
1498,NEW SEALED APPLE IPHONE 14 PRO MAX 128GB 256G 512 1TB FACTORY UNLOCKED FAST SHIP,iPhone 14 Pro Max,14,True,128.0,128GB,128GB|1024GB,False,New,Second-hand,745.12,$600-899,5.82125,,,False,2.0,True,2.0,True,Seller 510,"Whippany, New Jersey, United States",NJ,2026-03-28,True,False,False,NJ,Pro,Modern (14+),73,2750.0,8.085106382978724
1499,Apple iPhone 13 mini A2481 - 128GB - Unlocked AT&T Cricket T-Mobile Verizon,iPhone 13 Mini,13,False,128.0,128GB,128GB,False,Open Box,Like New,213.7,$200-399,1.66953125,224.95,5.0,True,3.0,True,33.0,True,Seller 176,"Spartanburg SC, United States",INTL,2026-03-28,True,False,False,INTL,Standard,Mid-Gen (12-13),26,491.95,6.462585034013606
1500,NEW IN SEALED APPLE IPHONE 14 128G/256/512 FACTORY UNLOCKED T-MOBILE ATT VERIZON,iPhone 14,14,False,,Tidak Diketahui,,False,New,Second-hand,389.99,$200-399,,,,False,5.0,True,1.0,True,Seller 510,"Whippany, New Jersey, United States",NJ,2026-03-28,True,False,False,NJ,Standard,Modern (14+),40,1329.99,21.492537313432834
1501,New Sealed Apple iPhone 13 MINI 5G A2481 128GB 256GB Factory Unlocked Smartphone,iPhone 13 Mini,13,False,128.0,128GB,128GB|256GB,False,New,Second-hand,321.99,$200-399,2.515546875,,,False,2.0,True,0.0,False,Seller 291,"Brooklyn, New York, United States",NY,2026-03-28,True,False,False,NY,Standard,Mid-Gen (12-13),31,491.95,6.462585034013606
1502,Factory New Apple iPhone 13 MINI (5G) 128GB/256GB Unlocked Smartphone 2-YRS-WTY,iPhone 13 Mini,13,False,128.0,128GB,128GB|256GB,False,New,Second-hand,321.88,$200-399,2.5146875,,,False,2.0,True,1.0,True,Seller 291,"Whippany, New Jersey, United States",NJ,2026-03-28,True,False,False,NJ,Standard,Mid-Gen (12-13),151,491.95,6.462585034013606
1503,Apple iPhone 16 | 128GB | Unlocked | Open Box | Excellent Condition,iPhone 16,16,False,128.0,128GB,128GB,False,Open Box,Like New,565.0,$400-599,4.4140625,,,False,0.0,False,0.0,False,Seller 008,"Dublin, Ohio, United States",OH,2026-03-28,True,False,False,OH,Standard,Modern (14+),2,639.5,7.207207207207207
1504,Apple iPhone 14 Plus 512GB Unlocked AT&T T-Mobile Verizon Very Good Condition,iPhone 14 Plus,14,False,512.0,512GB,512GB,False,Very Good - Refurbished,Refurbished,362.95,$200-399,0.70888671875,1199.0,69.73,True,0.0,False,203.0,True,Seller 165,"Lawrence, Kansas, United States",KS,2026-03-28,True,False,False,KS,Standard,Modern (14+),2,3410.0,31.343283582089555
1505,New Sealed Apple iPhone 13 5G FACTORY UNLOCKED 128/256/512GB 2 YR WARNTY US SHIP,iPhone 13,13,False,512.0,512GB,512GB,False,New,Second-hand,432.13,$400-599,0.84400390625,,,False,0.0,False,8.0,True,Seller 347,"Whippany, New Jersey, United States",NJ,2026-03-28,True,False,False,NJ,Standard,Mid-Gen (12-13),28,4935.0,20.909090909090907
1506,Apple iPhone 17 Pro Max - 1 TB - Cosmic Orange (Unlocked),iPhone 17 Pro Max,17,True,1024.0,1024GB,1024GB,False,New,Second-hand,1000.0,$900-1299,0.9765625,,,False,0.0,False,0.0,False,Seller 641,"Ames, Iowa, United States",IA,2026-03-28,True,False,False,IA,Pro,Modern (14+),1,2710.0,8.176100628930817
1507,Brand New Apple iPhone 13 MINI 128GB/256GB A2481 Factory Unlocked Smartphone USA,iPhone 13 Mini,13,False,128.0,128GB,128GB|256GB,False,New,Second-hand,321.99,$200-399,2.515546875,,,False,2.0,True,0.0,False,Seller 291,"Brooklyn, New York, United States",NY,2026-03-28,True,False,False,NY,Standard,Mid-Gen (12-13),31,491.95,6.462585034013606
1508,New Apple iPhone 13 Mini/13/12 Mini/SE 3rd 2022/13 PRO MAX Factory Unlocked LOT,iPhone 13 Mini,13,False,,Tidak Diketahui,,False,New,Second-hand,314.11,$200-399,,,,False,0.0,False,8.0,True,Seller 347,"Whippany, New Jersey, United States",NJ,2026-03-28,True,True,False,NJ,Standard,Mid-Gen (12-13),151,491.95,6.462585034013606
1509,New Sealed Apple iPhone 12 Mini/13 Mini/SE 2022/14 Pro Max Unlocked Memory LOT,iPhone 12 Mini,12,False,,Tidak Diketahui,,False,New,Second-hand,314.11,$200-399,,,,False,0.0,False,3.0,True,Seller 347,"Whippany, New Jersey, United States",NJ,2026-03-28,True,True,False,NJ,Standard,Mid-Gen (12-13),5,17.96999999999997,28.57142857142857
1510,NEW APPLE IPHONE 14 PRO MAX 128GB 256GB 512GB FACTORY UNLOCKED SEALED IN BOX USA,iPhone 14 Pro Max,14,True,128.0,128GB,128GB|256GB|512GB,False,New,Second-hand,675.95,$600-899,5.280859375,,,False,2.0,True,5.0,True,Seller 347,"Whippany, New Jersey, United States",NJ,2026-03-28,True,False,False,NJ,Pro,Modern (14+),73,2750.0,8.085106382978724
1511,New Sealed Apple iPhone 13 128GB/256GB/512GB FACTORY UNLOCKED GSM CDMA 2-YR-WAR✅,iPhone 13,13,False,128.0,128GB,128GB|256GB|512GB,False,New,Second-hand,432.13,$400-599,3.376015625,,,False,0.0,False,4.0,True,Seller 347,"Whippany, New Jersey, United States",NJ,2026-03-28,True,False,False,NJ,Standard,Mid-Gen (12-13),28,4935.0,20.909090909090907
1512,NUEVO SELLADO Apple iPhone 13 Mini/13 5G Desbloqueado De Fábrica TODA LA MEMORIA COLOR STOCK EN EE. UU.-,iPhone 13 Mini,13,False,,Tidak Diketahui,,False,New,Second-hand,331.99,$200-399,,,,False,0.0,False,0.0,False,Seller 347,"Whippany, New Jersey, Estados Unidos",NJ,2026-03-28,True,False,False,NJ,Standard,Mid-Gen (12-13),151,491.95,6.462585034013606
1513,Factory New Sealed Apple iPhone 14 5G 128GB/256GB Unlocked All Color GSM+CDMA US,iPhone 14,14,False,128.0,128GB,128GB|256GB,False,New,Second-hand,389.01,$200-399,3.039140625,,,False,2.0,True,18.0,True,Seller 347,"Whippany, New Jersey, United States",NJ,2026-03-28,True,False,False,NJ,Standard,Modern (14+),40,1329.99,21.492537313432834
1514,Factory New Sealed Apple iPhone 14 5G 128/256GB Unlocked All Color 2-Yr Warranty,iPhone 14,14,False,256.0,256GB,256GB,False,New,Second-hand,389.01,$200-399,1.5195703125,,,False,2.0,True,1.0,True,Seller 347,"Whippany, New Jersey, United States",NJ,2026-03-28,True,False,False,NJ,Standard,Modern (14+),40,1329.99,21.492537313432834
1515,New Sealed Apple iPhone 12 Pro/12 Mini/13 Mini/13/SE 2022 Factory Unlocked LOT,iPhone 12 Pro,12,True,,Tidak Diketahui,,False,New,Second-hand,314.11,$200-399,,,,False,0.0,False,3.0,True,Seller 347,"Whippany, New Jersey, United States",NJ,2026-03-28,True,True,False,NJ,Pro,Mid-Gen (12-13),5,4685.89,10.0
1516,NEW SEALED BOX APPLE IPHONE 14 PRO MAX 128G/256G/512GB FACTORY UNLOCKED GSM+CDMA,iPhone 14 Pro Max,14,True,512.0,512GB,512GB,False,New,Second-hand,675.95,$600-899,1.32021484375,,,False,2.0,True,2.0,True,Seller 347,"Whippany, New Jersey, United States",NJ,2026-03-28,True,False,False,NJ,Pro,Modern (14+),73,2750.0,8.085106382978724
1517,New Apple iPhone 13 MINI 128/256/512GB A2481 Factory Unlocked Smartphone US SHIP,iPhone 13 Mini,13,False,512.0,512GB,512GB,False,New,Second-hand,321.99,$200-399,0.62888671875,,,False,2.0,True,0.0,False,Seller 291,"Whippany, New Jersey, United States",NJ,2026-03-28,True,False,False,NJ,Standard,Mid-Gen (12-13),151,491.95,6.462585034013606
1518,Apple iPhone 17 Pro Max 1TB Unlocked Excellent Condition - All Colors,iPhone 17 Pro Max,17,True,1024.0,1024GB,1024GB,False,Excellent - Refurbished,Refurbished,1799.99,$1300+,1.757802734375,,,False,0.0,False,10.0,True,Seller 084,"Sanford, Florida, United States",FL,2026-03-28,True,False,False,FL,Pro,Modern (14+),19,2710.0,8.176100628930817
1519,NEW SEALED APPLE IPHONE 14 PRO MAX 5G 128GB 256GB 512GB FACTORY UNLOCKED US SHIP,iPhone 14 Pro Max,14,True,128.0,128GB,128GB|256GB|512GB,False,New,Second-hand,675.95,$600-899,5.280859375,,,False,2.0,True,0.0,False,Seller 265,"Whippany, New Jersey, United States",NJ,2026-03-28,True,False,False,NJ,Pro,Modern (14+),73,2750.0,8.085106382978724
1520,Factory New Apple iPhone 13 MINI A2481 128GB 256GB Unlocked Sealed Smartphone US,iPhone 13 Mini,13,False,128.0,128GB,128GB|256GB,False,New,Second-hand,321.99,$200-399,2.515546875,,,False,2.0,True,0.0,False,Seller 265,"Brooklyn, New York, United States",NY,2026-03-28,True,False,False,NY,Standard,Mid-Gen (12-13),31,491.95,6.462585034013606
1521,Apple iPhone 17 - 512 GB - Lavender (Factory Unlocked),iPhone 17,17,False,512.0,512GB,512GB,False,Open Box,Like New,825.0,$600-899,1.611328125,,,False,0.0,False,0.0,False,Seller 395,"McKinney, Texas, United States",TX,2026-03-28,True,False,False,TX,Standard,Modern (14+),23,1000.99,7.857142857142857
1522,New & Sealed Apple iPhone 14 pro max 128GB/256GB 5G Factory UNlocked (GSM+CDMA),iPhone 14 Pro Max,14,True,128.0,128GB,128GB|256GB,False,New,Second-hand,675.95,$600-899,5.280859375,,,False,2.0,True,0.0,False,Seller 265,"Brooklyn, New York, United States",NY,2026-03-28,True,False,False,NY,Pro,Modern (14+),31,2750.0,8.085106382978724
1523,Apple iPhone 15 128GB Black 6.1 inch A16 Bionic 5G eSIM A2846 US Model,iPhone 15,15,False,128.0,128GB,128GB,False,Open Box,Like New,469.0,$400-599,,,,False,0.0,False,0.0,False,Seller 086,"Grovetown, Georgia, United States",GA,2026-03-28,True,True,False,GA,Standard,Modern (14+),1,171.96000000000004,13.636363636363635
1524,Apple iPhone 13 mini 256GB Factory Unlocked AT&T T-Mobile Verizon Good Condition,iPhone 13 Mini,13,False,256.0,256GB,256GB,False,Good - Refurbished,Refurbished,246.95,$200-399,0.9646484375,799.0,69.09,True,2.0,True,454.0,True,Seller 165,"Lawrence, Kansas, United States",KS,2026-03-28,True,False,False,KS,Standard,Mid-Gen (12-13),2,491.95,6.462585034013606
1525,"New Sealed Apple iPhone 13 Mini 5G - 128/256/512GB, Unlocked, 2-Year Warranty US",iPhone 13 Mini,13,False,512.0,512GB,512GB,False,New,Second-hand,321.88,$200-399,0.628671875,,,False,2.0,True,11.0,True,Seller 265,"Whippany, New Jersey, United States",NJ,2026-03-28,True,False,False,NJ,Standard,Mid-Gen (12-13),151,491.95,6.462585034013606
1526,Apple iPhone 13 MINI-128GB-MIDNIGHT BLUE-UNLOCKED-79% BH Excellent Condition,iPhone 13 Mini,13,False,128.0,128GB,128GB,False,Used,Second-hand,169.99,<$200,1.328046875,,,False,0.0,False,0.0,False,Seller 375,"Smyrna, Tennessee, United States",TN,2026-03-28,True,False,False,TN,Standard,Mid-Gen (12-13),1,491.95,6.462585034013606
1527,NEW Sealed Apple iPhone 14/13/12 Mini/13 Mini 5G Factory Unlocked SmartPhone LOT,iPhone 14,14,False,,Tidak Diketahui,,False,New,Second-hand,314.11,$200-399,,,,False,1.0,True,0.0,False,Seller 291,"Brooklyn, New York, United States",NY,2026-03-28,True,True,False,NY,Standard,Modern (14+),29,1329.99,21.492537313432834
1528,NEW Sealed Apple iPhone 14/14Pro max/13/SE/12 Mini/13 Mini Factory Unlocked LOT,iPhone 14,14,False,,Tidak Diketahui,,False,New,Second-hand,314.11,$200-399,,,,False,1.0,True,0.0,False,Seller 291,"Brooklyn, New York, United States",NY,2026-03-28,True,True,False,NY,Standard,Modern (14+),29,1329.99,21.492537313432834
1529,New Sealed Apple iPhone 13 Mini/12 Mini/14 Pro max/14/13/SE 3rd 5G Unlocked LOT,iPhone 13 Mini,13,False,,Tidak Diketahui,,False,New,Second-hand,314.11,$200-399,,,,False,1.0,True,0.0,False,Seller 291,"Whippany, New Jersey, United States",NJ,2026-03-28,True,True,False,NJ,Standard,Mid-Gen (12-13),151,491.95,6.462585034013606
1530,Factory New Sealed Apple iPhone 13 MINI A2481 128/256GB Unlocked 2-Year Warranty,iPhone 13 Mini,13,False,256.0,256GB,256GB,False,New,Second-hand,321.99,$200-399,1.2577734375,,,False,2.0,True,0.0,False,Seller 291,"Brooklyn, New York, United States",NY,2026-03-28,True,False,False,NY,Standard,Mid-Gen (12-13),31,491.95,6.462585034013606
1531,Apple iPhone 16 256GB Unlocked Good Condition - All Colors,iPhone 16,16,False,256.0,256GB,256GB,False,Good - Refurbished,Refurbished,539.99,$400-599,2.1093359375,,,False,2.0,True,4.0,True,Seller 084,"Sanford, Florida, United States",FL,2026-03-28,True,False,False,FL,Standard,Modern (14+),25,639.5,7.207207207207207
1532,"New Apple iPhone 13 MINI A2481 128GB 256GB 512GB 5.4"" Unlocked Smartphone US LOT",iPhone 13 Mini,13,False,128.0,128GB,128GB|256GB|512GB,False,New,Second-hand,321.99,$200-399,,,,False,2.0,True,0.0,False,Seller 291,"Brooklyn, New York, United States",NY,2026-03-28,True,True,False,NY,Standard,Mid-Gen (12-13),31,491.95,6.462585034013606
1533,New Apple iPhone 13 Mini/12 Mini/14 Pro max/14/13/SE 3rd Unlocked in Sealed Box,iPhone 13 Mini,13,False,,Tidak Diketahui,,False,New,Second-hand,314.11,$200-399,,,,False,1.0,True,0.0,False,Seller 291,"Whippany, New Jersey, United States",NJ,2026-03-28,True,True,False,NJ,Standard,Mid-Gen (12-13),151,491.95,6.462585034013606
1534,NEW SEALED APPLE IPHONE 14 PRO MAX 128/256/512GB FACTORY UNLOCKED 2 YRS WARRANTY,iPhone 14 Pro Max,14,True,512.0,512GB,512GB,False,New,Second-hand,675.95,$600-899,1.32021484375,,,False,2.0,True,12.0,True,Seller 347,"Whippany, New Jersey, United States",NJ,2026-03-28,True,False,False,NJ,Pro,Modern (14+),73,2750.0,8.085106382978724
1535,NEW APPLE IPHONE 14 5G 128GB 256GB FACTORY UNLOCKED IN SEALED BOX 2 YRS WARRANTY,iPhone 14,14,False,128.0,128GB,128GB|256GB,False,New,Second-hand,389.01,$200-399,3.039140625,,,False,2.0,True,6.0,True,Seller 347,"Whippany, New Jersey, United States",NJ,2026-03-28,True,False,False,NJ,Standard,Modern (14+),40,1329.99,21.492537313432834
1536,FACTORY NEW SEALED APPLE IPHONE 14 PRO MAX 128/256/512GB UNLOCKED 2 YRS WARRANTY,iPhone 14 Pro Max,14,True,512.0,512GB,512GB,False,New,Second-hand,675.95,$600-899,1.32021484375,,,False,2.0,True,7.0,True,Seller 347,"Whippany, New Jersey, United States",NJ,2026-03-28,True,False,False,NJ,Pro,Modern (14+),73,2750.0,8.085106382978724
1537,NEW SEALED APPLE IPHONE 14 PRO MAX 128~512GB GSM+CDMA FACTORY UNLOCKED ALL COLOR,iPhone 14 Pro Max,14,True,512.0,512GB,512GB,False,New,Second-hand,675.95,$600-899,1.32021484375,,,False,2.0,True,0.0,False,Seller 347,"Whippany, New Jersey, United States",NJ,2026-03-28,True,False,False,NJ,Pro,Modern (14+),73,2750.0,8.085106382978724
1538,Factory New in Sealed Apple iPhone 13 MINI A2481 128G/256GB Unlocked US Shipping,iPhone 13 Mini,13,False,256.0,256GB,256GB,False,New,Second-hand,321.99,$200-399,1.2577734375,,,False,2.0,True,0.0,False,Seller 347,"Brooklyn, New York, United States",NY,2026-03-28,True,False,False,NY,Standard,Mid-Gen (12-13),31,491.95,6.462585034013606
1539,FACTORY NEW SEALED APPLE IPHONE 14 PRO MAX 128~512GB UNLOCKED GSM+CDMA 2 YRS WTY,iPhone 14 Pro Max,14,True,512.0,512GB,512GB,False,New,Second-hand,675.95,$600-899,1.32021484375,,,False,2.0,True,0.0,False,Seller 347,"Whippany, New Jersey, United States",NJ,2026-03-28,True,False,False,NJ,Pro,Modern (14+),73,2750.0,8.085106382978724
1540,FACTORY NEW SEALED APPLE IPHONE 14 PRO MAX 5G 128GB 256GB UNLOCKED 2 YR WARRANTY,iPhone 14 Pro Max,14,True,128.0,128GB,128GB|256GB,False,New,Second-hand,675.95,$600-899,5.280859375,,,False,2.0,True,0.0,False,Seller 347,"Whippany, New Jersey, United States",NJ,2026-03-28,True,False,False,NJ,Pro,Modern (14+),73,2750.0,8.085106382978724
1541,NEW APPLE IPHONE 14 PRO MAX 128GB 256GB 512GB 1TB FACTORY UNLOCKED COLORS SEALED,iPhone 14 Pro Max,14,True,128.0,128GB,128GB|256GB|512GB|1024GB,False,New,Second-hand,675.95,$600-899,5.280859375,,,False,2.0,True,0.0,False,Seller 347,"Whippany, New Jersey, United States",NJ,2026-03-28,True,False,False,NJ,Pro,Modern (14+),73,2750.0,8.085106382978724
1542,Apple iPhone 17 Pro Max 512GB Cosmic Orange Unlocked - NEW & SEALED,iPhone 17 Pro Max,17,True,512.0,512GB,512GB,False,New,Second-hand,1670.0,$1300+,3.26171875,,,False,0.0,False,0.0,False,Seller 334,"Louisville, Kentucky, United States",KY,2026-03-28,True,False,False,KY,Pro,Modern (14+),2,2710.0,8.176100628930817
1543,New Apple iPhone 13/14/12 Mini/13 Mini /14 Pro Max/SE 3rd Unlocked 2yr-wty LOT,iPhone 13,13,False,,Tidak Diketahui,,False,New,Second-hand,314.11,$200-399,,,,False,0.0,False,2.0,True,Seller 291,"Brooklyn, New York, United States",NY,2026-03-28,True,True,False,NY,Standard,Mid-Gen (12-13),27,4935.0,20.909090909090907
1544,💯New Sealed Apple iPhone 13 MINI A2481 128GB /256GB Factory Unlocked Smartphone,iPhone 13 Mini,13,False,128.0,128GB,128GB|256GB,False,New,Second-hand,321.88,$200-399,2.5146875,,,False,2.0,True,5.0,True,Seller 291,"Whippany, New Jersey, United States",NJ,2026-03-28,True,False,False,NJ,Standard,Mid-Gen (12-13),151,491.95,6.462585034013606
1545,New Sealed Apple iPhone 14 Pro Max/13 ProMax/SE 3rd/14/13/13 Mini/12 Mini 5G LOT,iPhone 14 Pro Max,14,True,,Tidak Diketahui,,False,New,Second-hand,314.11,$200-399,,,,False,0.0,False,1.0,True,Seller 291,"Whippany, New Jersey, United States",NJ,2026-03-28,True,True,False,NJ,Pro,Modern (14+),73,2750.0,8.085106382978724
1546,New Sealed in Box Apple iPhone 14 A2649 128GB/256GB/512G USA Unlocked Smartphone,iPhone 14,14,False,128.0,128GB,128GB|256GB,False,New,Second-hand,403.95,$400-599,3.155859375,,,False,5.0,True,8.0,True,Seller 194,"Whippany, New Jersey, United States",NJ,2026-03-28,True,False,False,NJ,Standard,Modern (14+),40,1329.99,21.492537313432834
1547,New Sealed Apple iPhone 14 PRO MAX A2651 128-512GB Factory Unlocked All GSM+CDMA,iPhone 14 Pro Max,14,True,512.0,512GB,512GB,False,New,Second-hand,699.88,$600-899,1.366953125,,,False,2.0,True,0.0,False,Seller 194,"Whippany, New Jersey, United States",NJ,2026-03-28,True,False,False,NJ,Pro,Modern (14+),73,2750.0,8.085106382978724
1548,New Sealed Apple iPhone 14/iPhone 14 Pro Max 128GB 256GB 512G Factory Unlocked,iPhone 14 Pro Max,14,True,128.0,128GB,128GB|256GB,False,New,Second-hand,409.95,$400-599,3.202734375,,,False,10.0,True,0.0,False,Seller 194,"Whippany, New Jersey, United States",NJ,2026-03-28,True,False,False,NJ,Pro,Modern (14+),73,2750.0,8.085106382978724
1549,New Apple iPhone 14 PRO MAX 128/256/512GB AT&T T-Mobile Verizon Factory Unlocked,iPhone 14 Pro Max,14,True,512.0,512GB,512GB,False,New,Second-hand,699.88,$600-899,1.366953125,,,False,2.0,True,0.0,False,Seller 194,"Whippany, New Jersey, United States",NJ,2026-03-28,True,False,False,NJ,Pro,Modern (14+),73,2750.0,8.085106382978724
1550,NEW✤SEALED✤ APPLE IPHONE 14 5G 128GB 256GB FACTORY UNLOCKED GSM+CDMA ALL CARRIER,iPhone 14,14,False,128.0,128GB,128GB|256GB,False,New,Second-hand,403.95,$400-599,3.155859375,,,False,5.0,True,0.0,False,Seller 194,"Whippany, New Jersey, United States",NJ,2026-03-28,True,False,False,NJ,Standard,Modern (14+),40,1329.99,21.492537313432834
1551,Apple iPhone 15 256GB Factory Unlocked CDMA + GSM - Excellent,iPhone 15,15,False,256.0,256GB,256GB,False,Excellent - Refurbished,Refurbished,419.48,$400-599,1.63859375,,,False,5.0,True,85.0,True,Seller 064,"Southfield, Michigan, United States",MI,2026-03-28,True,False,False,MI,Standard,Modern (14+),3,171.96000000000004,13.636363636363635
1552,NEW APPLE IPHONE 14 PRO MAX 128GB 256GB 512GB (FACTORY UNLOCKED) ALL COLORS USA,iPhone 14 Pro Max,14,True,128.0,128GB,128GB|256GB|512GB,False,New,Second-hand,675.95,$600-899,5.280859375,,,False,2.0,True,0.0,False,Seller 347,"Whippany, New Jersey, United States",NJ,2026-03-28,True,False,False,NJ,Pro,Modern (14+),73,2750.0,8.085106382978724
1553,FACTORY NEW SEALED APPLE IPHONE 14 PRO MAX 128GB /256GB 512GB UNLOCKED 2 YRS WTY,iPhone 14 Pro Max,14,True,128.0,128GB,128GB|256GB|512GB,False,New,Second-hand,675.95,$600-899,5.280859375,,,False,2.0,True,0.0,False,Seller 347,"Whippany, New Jersey, United States",NJ,2026-03-28,True,False,False,NJ,Pro,Modern (14+),73,2750.0,8.085106382978724
1554,FACTORY NEW SEALED APPLE IPHONE 14 5G 128/256/512GB UNLOCKED GSM+CDMA 2 YRS WTY,iPhone 14,14,False,512.0,512GB,512GB,False,New,Second-hand,389.01,$200-399,0.75978515625,,,False,2.0,True,0.0,False,Seller 347,"Whippany, New Jersey, United States",NJ,2026-03-28,True,False,False,NJ,Standard,Modern (14+),40,1329.99,21.492537313432834
1555,Apple iPhone 12 256GB A2172 Factory Unlocked All Mobile Carriers 1 Yr Warranty,iPhone 12,12,False,256.0,256GB,256GB,False,Open Box,Like New,249.99,$200-399,0.9765234375,,,False,5.0,True,19.0,True,Seller 505,"Dunellen, New Jersey, United States",NJ,2026-03-28,True,False,False,NJ,Standard,Mid-Gen (12-13),5,4428.01,45.073891625615765
1556,New Apple iPhone 14 128GB Yellow A2649 128GB Factory Unlocked All Carriers,iPhone 14,14,False,128.0,128GB,128GB,False,New,Second-hand,374.99,$200-399,2.929609375,,,False,2.0,True,14.0,True,Seller 505,"Dunellen, New Jersey, United States",NJ,2026-03-28,True,False,False,NJ,Standard,Modern (14+),40,1329.99,21.492537313432834
1557,New Apple iPhone 14 Plus White A2632 128GB Factory Unlocked All Mobile Carriers,iPhone 14 Plus,14,False,128.0,128GB,128GB,False,New,Second-hand,397.99,$200-399,3.109296875,,,False,3.0,True,2.0,True,Seller 505,"Dunellen, New Jersey, United States",NJ,2026-03-28,True,False,False,NJ,Standard,Modern (14+),4,3410.0,31.343283582089555
1558,NEW SEALED Apple iPhone 13 MINI 128GB A2481 FACTORY UNLOCKED GSM CDMA US STOCK,iPhone 13 Mini,13,False,128.0,128GB,128GB,False,New,Second-hand,321.88,$200-399,2.5146875,,,False,2.0,True,2.0,True,Seller 347,"Whippany, New Jersey, United States",NJ,2026-03-28,True,False,False,NJ,Standard,Mid-Gen (12-13),151,491.95,6.462585034013606
1559,New Apple iPhone 13 5G 128/256/512GB Unlocked Sealed Box 2 YR WARRANTY US Stock,iPhone 13,13,False,512.0,512GB,512GB,False,New,Second-hand,432.13,$400-599,0.84400390625,,,False,1.0,True,0.0,False,Seller 347,"Whippany, New Jersey, United States",NJ,2026-03-28,True,False,False,NJ,Standard,Mid-Gen (12-13),28,4935.0,20.909090909090907
1560,"New Sealed Apple iPhone 13 5G, 128-512GB, Unlocked, All Colors, 2-Year Warranty",iPhone 13,13,False,512.0,512GB,512GB,False,New,Second-hand,432.13,$400-599,0.84400390625,,,False,1.0,True,0.0,False,Seller 347,"Whippany, New Jersey, United States",NJ,2026-03-28,True,False,False,NJ,Standard,Mid-Gen (12-13),28,4935.0,20.909090909090907
1561,New Apple iPhone 13 MINI 5G 128GB/256GB Factory Unlocked Sealed Box 2 YRS WARNTY,iPhone 13 Mini,13,False,128.0,128GB,128GB|256GB,False,New,Second-hand,321.99,$200-399,2.515546875,,,False,2.0,True,0.0,False,Seller 347,"Whippany, New Jersey, United States",NJ,2026-03-28,True,False,False,NJ,Standard,Mid-Gen (12-13),151,491.95,6.462585034013606
1562,New in Box Apple iPhone 13 MINI A2481 128/256/512GB Unlocked Smartphone US STOCK,iPhone 13 Mini,13,False,512.0,512GB,512GB,False,New,Second-hand,321.99,$200-399,0.62888671875,,,False,2.0,True,0.0,False,Seller 347,"Whippany, New Jersey, United States",NJ,2026-03-28,True,False,False,NJ,Standard,Mid-Gen (12-13),151,491.95,6.462585034013606
1563,Factory New Apple iPhone 13 Mini /12 Mini /14 Pro Max /14/13/SE 3rd Unlocked LOT,iPhone 13 Mini,13,False,,Tidak Diketahui,,False,New,Second-hand,314.11,$200-399,,,,False,0.0,False,3.0,True,Seller 291,"Brooklyn, New York, United States",NY,2026-03-28,True,True,False,NY,Standard,Mid-Gen (12-13),31,491.95,6.462585034013606
1564,New Sealed Apple iPhone 13 MINI A2481 128GB /256GB Factory Unlocked Smartphone,iPhone 13 Mini,13,False,128.0,128GB,128GB|256GB,False,New,Second-hand,321.99,$200-399,2.515546875,,,False,2.0,True,0.0,False,Seller 347,"Whippany, New Jersey, United States",NJ,2026-03-28,True,False,False,NJ,Standard,Mid-Gen (12-13),151,491.95,6.462585034013606
1565,Factory New Apple iPhone 14 Pro Max/13 Pro /SE 3rd/14/12 Pro/12 Mini/13 Mini LOT,iPhone 14 Pro Max,14,True,,Tidak Diketahui,,False,New,Second-hand,314.11,$200-399,,,,False,0.0,False,2.0,True,Seller 291,"Whippany, New Jersey, United States",NJ,2026-03-28,True,True,False,NJ,Pro,Modern (14+),73,2750.0,8.085106382978724
1566,New in Sealed Box Apple iPhone 13 MINI A2481 128/256 Factory Unlocked Smartphone,iPhone 13 Mini,13,False,,Tidak Diketahui,,False,New,Second-hand,321.99,$200-399,,,,False,2.0,True,0.0,False,Seller 347,"Whippany, New Jersey, United States",NJ,2026-03-28,True,False,False,NJ,Standard,Mid-Gen (12-13),151,491.95,6.462585034013606
1567,New Apple iPhone 13 Mini 256GB/128GB 5G Fully Factory Unlocked for All Carrier！,iPhone 13 Mini,13,False,128.0,128GB,128GB|256GB,False,New,Second-hand,321.88,$200-399,2.5146875,,,False,2.0,True,1.0,True,Seller 291,"Brooklyn, New York, United States",NY,2026-03-28,True,False,False,NY,Standard,Mid-Gen (12-13),31,491.95,6.462585034013606
1568,Factory New Apple iPhone 13 MINI A2481 128G/256GB Unlocked Sealed Box Smartphone,iPhone 13 Mini,13,False,256.0,256GB,256GB,False,New,Second-hand,321.99,$200-399,1.2577734375,,,False,2.0,True,0.0,False,Seller 347,"Whippany, New Jersey, United States",NJ,2026-03-28,True,False,False,NJ,Standard,Mid-Gen (12-13),151,491.95,6.462585034013606
1569,NEW SEALED APPLE IPHONE 14 PRO MAX 5G 128/256/512GB FACTORY UNLOCKED ALL COLORS,iPhone 14 Pro Max,14,True,512.0,512GB,512GB,False,New,Second-hand,675.95,$600-899,1.32021484375,,,False,2.0,True,0.0,False,Seller 347,"Whippany, New Jersey, United States",NJ,2026-03-28,True,False,False,NJ,Pro,Modern (14+),73,2750.0,8.085106382978724
1570,Apple iPhone 15 128GB Unlocked Very Good Refurbished,iPhone 15,15,False,128.0,128GB,128GB,False,Very Good - Refurbished,Refurbished,354.99,$200-399,2.773359375,,,False,10.0,True,0.0,False,Seller 108,"Long Island City, New York, United States",NY,2026-03-28,True,False,False,NY,Standard,Modern (14+),10,171.96000000000004,13.636363636363635
1571,New Sealed Apple iPhone 13 MINI A2481 128GB/256GB Unlocked GSM CDMA Smartphone,iPhone 13 Mini,13,False,128.0,128GB,128GB|256GB,False,New,Second-hand,321.99,$200-399,2.515546875,,,False,2.0,True,9.0,True,Seller 574,"Whippany, New Jersey, United States",NJ,2026-03-28,True,False,False,NJ,Standard,Mid-Gen (12-13),151,491.95,6.462585034013606
1572,NEW SEALED APPLE IPHONE 14 PRO MAX 128/256/512GB FACTORY UNLOCKED FAST SHIPPING,iPhone 14 Pro Max,14,True,512.0,512GB,512GB,False,New,Second-hand,699.88,$600-899,1.366953125,,,False,2.0,True,0.0,False,Seller 194,"Los Angeles, California, United States",CA,2026-03-28,True,False,False,CA,Pro,Modern (14+),58,2750.0,8.085106382978724
1573,NEW SEALED APPLE IPHONE 14 5G 128GB 256GB 512GB FACTORY UNLOCKED ALL CARRIER US,iPhone 14,14,False,128.0,128GB,128GB|256GB|512GB,False,New,Second-hand,389.01,$200-399,3.039140625,,,False,2.0,True,0.0,False,Seller 559,"Brooklyn, New York, United States",NY,2026-03-28,True,False,False,NY,Standard,Modern (14+),29,1329.99,21.492537313432834
1574,New Apple iPhone 13 A2482 128GB 256GB Factory Unlocked All Carriers All Colors,iPhone 13,13,False,128.0,128GB,128GB|256GB,False,New,Second-hand,432.13,$400-599,3.376015625,,,False,1.0,True,0.0,False,Seller 559,"Whippany, New Jersey, United States",NJ,2026-03-28,True,False,False,NJ,Standard,Mid-Gen (12-13),28,4935.0,20.909090909090907
1575,NEW SEALED iPhone 13 mini (5G) 128GB/256GB Factory Unlocked Smartphone US A2481,iPhone 13 Mini,13,False,128.0,128GB,128GB|256GB,False,New,Second-hand,321.99,$200-399,2.515546875,,,False,2.0,True,1.0,True,Seller 574,"Whippany, New Jersey, United States",NJ,2026-03-28,True,False,False,NJ,Standard,Mid-Gen (12-13),151,491.95,6.462585034013606
1576,New Sealed Apple iPhone 13 MINI 5G 128GB 256GB A2481 Factory Unlocked US Stock,iPhone 13 Mini,13,False,128.0,128GB,128GB|256GB,False,New,Second-hand,321.99,$200-399,2.515546875,,,False,2.0,True,1.0,True,Seller 574,"Whippany, New Jersey, United States",NJ,2026-03-28,True,False,False,NJ,Standard,Mid-Gen (12-13),151,491.95,6.462585034013606
1577,Factory New Sealed Apple iPhone 14/iPhone 14 Pro Max 128G 256 512GB Unlocked LOT,iPhone 14 Pro Max,14,True,512.0,512GB,512GB,False,New,Second-hand,314.11,$200-399,,,,False,0.0,False,44.0,True,Seller 574,"Whippany, New Jersey, United States",NJ,2026-03-28,True,True,False,NJ,Pro,Modern (14+),73,2750.0,8.085106382978724
1578,New Sealed Apple iPhone 13 5G A2482 128GB Factory Unlocked All Carriers US SHIP,iPhone 13,13,False,128.0,128GB,128GB,False,New,Second-hand,432.13,$400-599,3.376015625,,,False,0.0,False,1.0,True,Seller 559,"Whippany, New Jersey, United States",NJ,2026-03-28,True,False,False,NJ,Standard,Mid-Gen (12-13),28,4935.0,20.909090909090907
1579,New Apple iPhone 13 A2482 128GB Factory Unlocked All Mobile Carriers All Colors,iPhone 13,13,False,128.0,128GB,128GB,False,New,Second-hand,432.13,$400-599,3.376015625,,,False,1.0,True,0.0,False,Seller 265,"Whippany, New Jersey, United States",NJ,2026-03-28,True,False,False,NJ,Standard,Mid-Gen (12-13),28,4935.0,20.909090909090907
1580,New in Sealed Box Apple iPhone 14 PRO MAX A2651 512G 1TB Unlocked Smartphone USA,iPhone 14 Pro Max,14,True,1024.0,1024GB,1024GB,False,New,Second-hand,675.95,$600-899,0.660107421875,,,False,2.0,True,3.0,True,Seller 265,"Whippany, New Jersey, United States",NJ,2026-03-28,True,False,False,NJ,Pro,Modern (14+),73,2750.0,8.085106382978724
1581,New Sealed Apple iPhone 13 128/256/512GB FACTORY UNLOCKED ALL COLOR 2 YRS WARNTY,iPhone 13,13,False,512.0,512GB,512GB,False,New,Second-hand,432.13,$400-599,0.84400390625,,,False,1.0,True,0.0,False,Seller 265,"Whippany, New Jersey, United States",NJ,2026-03-28,True,False,False,NJ,Standard,Mid-Gen (12-13),28,4935.0,20.909090909090907
1582,NEW APPLE IPHONE 14 PRO MAX 128/256/512G/1TFACTORY UNLOCKED GSM CDMA All Carrier,iPhone 14 Pro Max,14,True,,Tidak Diketahui,,False,New,Second-hand,745.12,$600-899,,,,False,2.0,True,0.0,False,Seller 510,"Los Angeles, California, United States",CA,2026-03-28,True,False,False,CA,Pro,Modern (14+),58,2750.0,8.085106382978724
1583,NEW SEALED APPLE IPHONE 14 5G 128GB~512GB FACTORY UNLOCKED ALL CARRIERS & COLORS,iPhone 14,14,False,128.0,128GB,128GB|512GB,False,New,Second-hand,389.01,$200-399,3.039140625,,,False,2.0,True,1.0,True,Seller 574,"Whippany, New Jersey, United States",NJ,2026-03-28,True,False,False,NJ,Standard,Modern (14+),40,1329.99,21.492537313432834
1584,NEW SEALED APPLE IPHONE 14 128GB 256GB/512GB FACTORY UNLOCKED GSM+CDMA 6.1 in US,iPhone 14,14,False,128.0,128GB,128GB|256GB|512GB,False,New,Second-hand,389.01,$200-399,3.039140625,,,False,2.0,True,0.0,False,Seller 559,"Brooklyn, New York, United States",NY,2026-03-28,True,False,False,NY,Standard,Modern (14+),29,1329.99,21.492537313432834
1585,FACTORY NEW APPLE IPHONE 14 PRO MAX 5G 128G 256G 512GB UNLOCKED GSM CDMA US SHIP,iPhone 14 Pro Max,14,True,512.0,512GB,512GB,False,New,Second-hand,675.95,$600-899,1.32021484375,,,False,2.0,True,1.0,True,Seller 559,"Brooklyn, New York, United States",NY,2026-03-28,True,False,False,NY,Pro,Modern (14+),31,2750.0,8.085106382978724
1586,New Apple iPhone 14 Pro Max 5G 128GB/256GB/512GB Factory Unlocked 2 YRS WARRANTY,iPhone 14 Pro Max,14,True,128.0,128GB,128GB|256GB|512GB,False,New,Second-hand,675.95,$600-899,5.280859375,,,False,2.0,True,2.0,True,Seller 574,"Whippany, New Jersey, United States",NJ,2026-03-28,True,False,False,NJ,Pro,Modern (14+),73,2750.0,8.085106382978724
1587,Apple iPhone 15 A2846 (Unlocked) 128GB Black (Very Good),iPhone 15,15,False,128.0,128GB,128GB,False,Very Good - Refurbished,Refurbished,400.49,$400-599,3.128828125,,,False,10.0,True,64.0,True,Seller 203,"Los Angeles, California, United States",CA,2026-03-28,True,False,False,CA,Standard,Modern (14+),10,171.96000000000004,13.636363636363635
1588,New Sealed Apple iPhone 13 Mini 5G 128G/256GB/512GB Factory Unlocked GSM CDMA US,iPhone 13 Mini,13,False,256.0,256GB,256GB|512GB,False,New,Second-hand,321.88,$200-399,1.25734375,,,False,2.0,True,5.0,True,Seller 559,"Brooklyn, New York, United States",NY,2026-03-28,True,False,False,NY,Standard,Mid-Gen (12-13),31,491.95,6.462585034013606
1589,NEW SEALED BOX APPLE IPHONE 14 PRO MAX 128G/256G/512GB FACTORY UNLOCKED GSM+CDMA,iPhone 14 Pro Max,14,True,512.0,512GB,512GB,False,New,Second-hand,675.95,$600-899,1.32021484375,,,False,2.0,True,1.0,True,Seller 574,"Whippany, New Jersey, United States",NJ,2026-03-28,True,False,False,NJ,Pro,Modern (14+),73,2750.0,8.085106382978724
1590,New in Sealed Box Apple iPhone 13 MINI 5G A2481 128GB 256GB Unlocked Smartphone,iPhone 13 Mini,13,False,128.0,128GB,128GB|256GB,False,New,Second-hand,321.88,$200-399,2.5146875,,,False,2.0,True,2.0,True,Seller 574,"Whippany, New Jersey, United States",NJ,2026-03-28,True,False,False,NJ,Standard,Mid-Gen (12-13),151,491.95,6.462585034013606
1591,Apple iPhone 17 Pro Max | US Version | 512GB | eSIM | Deep Blue | Unlocked,iPhone 17 Pro Max,17,True,512.0,512GB,512GB,False,New,Second-hand,1749.0,$1300+,3.416015625,1999.0,12.51,True,2.0,True,10.0,True,Seller 067,"North Brunswick, New Jersey, United States",NJ,2026-03-28,True,False,False,NJ,Pro,Modern (14+),6,2710.0,8.176100628930817
1592,Factory New Sealed Apple iPhone 13 MINI A2481 128GB 256GB Unlocked US SHIPPING,iPhone 13 Mini,13,False,128.0,128GB,128GB|256GB,False,New,Second-hand,321.88,$200-399,2.5146875,,,False,2.0,True,14.0,True,Seller 265,"Whippany, New Jersey, United States",NJ,2026-03-28,True,False,False,NJ,Standard,Mid-Gen (12-13),151,491.95,6.462585034013606
1593,Apple iPhone 13 MINI 512GB-128GB FACTORY UNLOCKED GSM CDMA【NEW US 2yr warranty】,iPhone 13 Mini,13,False,128.0,128GB,128GB|512GB,False,New,Second-hand,322.01,$200-399,2.515703125,,,False,2.0,True,0.0,False,Seller 510,"Los Angeles, California, United States",CA,2026-03-28,True,False,False,CA,Standard,Mid-Gen (12-13),54,491.95,6.462585034013606
1594,"New Sealed Apple iPhone 13 A2482 128/256/512GB 6.1"" FACTORY UNLOCKED 2 YR WARNTY",iPhone 13,13,False,512.0,512GB,512GB,False,New,Second-hand,432.13,$400-599,0.84400390625,,,False,1.0,True,0.0,False,Seller 574,"Whippany, New Jersey, United States",NJ,2026-03-28,True,False,False,NJ,Standard,Mid-Gen (12-13),28,4935.0,20.909090909090907
1595,New Apple iPhone 14 Pro Max 5G 128GB/256GB/512GB Factory Unlocked All Carrier US,iPhone 14 Pro Max,14,True,128.0,128GB,128GB|256GB|512GB,False,New,Second-hand,675.95,$600-899,5.280859375,,,False,2.0,True,0.0,False,Seller 574,"Whippany, New Jersey, United States",NJ,2026-03-28,True,False,False,NJ,Pro,Modern (14+),73,2750.0,8.085106382978724
1596,New Apple iPhone 13 MINI A2481 128/256 Factory Unlocked Smartphone in Sealed Box,iPhone 13 Mini,13,False,,Tidak Diketahui,,False,New,Second-hand,321.99,$200-399,,,,False,2.0,True,0.0,False,Seller 574,"Whippany, New Jersey, United States",NJ,2026-03-28,True,False,False,NJ,Standard,Mid-Gen (12-13),151,491.95,6.462585034013606
1597,Apple iPhone 16 - 128GB 256GB 512GB - All Colors - Very Good Condition,iPhone 16,16,False,128.0,128GB,128GB|256GB|512GB,False,Very Good - Refurbished,Refurbished,490.0,$400-599,3.828125,,,False,0.0,False,3.0,True,Seller 028,"Tempe, Arizona, United States",AZ,2026-03-28,True,False,False,AZ,Standard,Modern (14+),6,639.5,7.207207207207207
1598,FACTORY NEW SEALED APPLE IPHONE 14 5G 128G/256/512GB UNLOCKED GSM+CDMA ALL COLOR,iPhone 14,14,False,512.0,512GB,512GB,False,New,Second-hand,389.01,$200-399,0.75978515625,,,False,2.0,True,6.0,True,Seller 559,"Brooklyn, New York, United States",NY,2026-03-28,True,False,False,NY,Standard,Modern (14+),29,1329.99,21.492537313432834
1599,New Apple iPhone 14/14 Pro Max /13 /13MINI /13 pro max /12 MINI Factory Unlocked,iPhone 14,14,False,,Tidak Diketahui,,False,New,Second-hand,332.01,$200-399,,,,False,3.0,True,3.0,True,Seller 510,"Whippany, New Jersey, United States",NJ,2026-03-28,True,True,False,NJ,Standard,Modern (14+),40,1329.99,21.492537313432834
1600,"NEW APPLE IPHONE 14 PRO MAX 6.7"" 512G/256/128G FACTORY UNLOCKED 2 YEAR WARRANT",iPhone 14 Pro Max,14,True,,Tidak Diketahui,,False,New,Second-hand,745.12,$600-899,,,,False,2.0,True,2.0,True,Seller 510,"Whippany, New Jersey, United States",NJ,2026-03-28,True,False,False,NJ,Pro,Modern (14+),73,2750.0,8.085106382978724
1601,New Apple iPhone 14/14 Pro Max/13/13MINI/12MINI/SE Factory Unlocked GSM CDMA LOT,iPhone 14,14,False,,Tidak Diketahui,,False,New,Second-hand,314.11,$200-399,,,,False,0.0,False,1.0,True,Seller 559,"Brooklyn, New York, United States",NY,2026-03-28,True,True,False,NY,Standard,Modern (14+),29,1329.99,21.492537313432834
1602,Factory New Sealed Apple iPhone 14 5G 128GB/256GB Unlocked 2-Yr Warranty US SHIP,iPhone 14,14,False,128.0,128GB,128GB|256GB,False,New,Second-hand,389.01,$200-399,3.039140625,,,False,2.0,True,1.0,True,Seller 265,"Whippany, New Jersey, United States",NJ,2026-03-28,True,False,False,NJ,Standard,Modern (14+),40,1329.99,21.492537313432834
1603,Factory New Sealed Apple iPhone 13 A2482 128GB 256GB 5G Unlocked US FREE SHIP!,iPhone 13,13,False,128.0,128GB,128GB|256GB,False,New,Second-hand,432.13,$400-599,3.376015625,,,False,0.0,False,1.0,True,Seller 265,"Whippany, New Jersey, United States",NJ,2026-03-28,True,False,False,NJ,Standard,Mid-Gen (12-13),28,4935.0,20.909090909090907
1604,"✅New Sealed Apple iPhone 13 MINI 5G A2481 128/256/512GB 5.4"" Unlocked ALL COLORS",iPhone 13 Mini,13,False,512.0,512GB,512GB,False,New,Second-hand,321.88,$200-399,0.628671875,,,False,2.0,True,3.0,True,Seller 265,"Brooklyn, New York, United States",NY,2026-03-28,True,False,False,NY,Standard,Mid-Gen (12-13),31,491.95,6.462585034013606
1605,New Sealed Apple iPhone 13 Mini Factory Unlocked 128GB/256GB ALL Carrier 2Yr Wty,iPhone 13 Mini,13,False,128.0,128GB,128GB|256GB,False,New,Second-hand,321.88,$200-399,2.5146875,,,False,2.0,True,2.0,True,Seller 559,"Whippany, New Jersey, United States",NJ,2026-03-28,True,False,False,NJ,Standard,Mid-Gen (12-13),151,491.95,6.462585034013606
1606,New in Sealed Apple iPhone 13 MINI A2481 128GB/256GB Factory Unlocked Smartphone,iPhone 13 Mini,13,False,128.0,128GB,128GB|256GB,False,New,Second-hand,321.88,$200-399,2.5146875,,,False,2.0,True,0.0,False,Seller 559,"Whippany, New Jersey, United States",NJ,2026-03-28,True,False,False,NJ,Standard,Mid-Gen (12-13),151,491.95,6.462585034013606
1607,New Apple iPhone 13 MINI 128GB 256GB Factory Unlocked Smartphone in Sealed Box,iPhone 13 Mini,13,False,128.0,128GB,128GB|256GB,False,New,Second-hand,321.88,$200-399,2.5146875,,,False,2.0,True,0.0,False,Seller 265,"Whippany, New Jersey, United States",NJ,2026-03-28,True,False,False,NJ,Standard,Mid-Gen (12-13),151,491.95,6.462585034013606
1608,New in Sealed Apple iPhone 13 MINI 5G 128GB/256GB Factory Unlocked Smartphone US,iPhone 13 Mini,13,False,128.0,128GB,128GB|256GB,False,New,Second-hand,321.88,$200-399,2.5146875,,,False,2.0,True,0.0,False,Seller 559,"Whippany, New Jersey, United States",NJ,2026-03-28,True,False,False,NJ,Standard,Mid-Gen (12-13),151,491.95,6.462585034013606
1609,Brand New Apple iPhone 13 MINI 128GB/256GB A2481 Factory Unlocked Smartphone USA,iPhone 13 Mini,13,False,128.0,128GB,128GB|256GB,False,New,Second-hand,321.99,$200-399,2.515546875,,,False,2.0,True,0.0,False,Seller 559,"Brooklyn, New York, United States",NY,2026-03-28,True,False,False,NY,Standard,Mid-Gen (12-13),31,491.95,6.462585034013606
1610,NEW APPLE IPHONE 14 PRO MAX 128GB 256GB FACTORY UNLOCKED ALL COLORS US FREE SHIP,iPhone 14 Pro Max,14,True,128.0,128GB,128GB|256GB,False,New,Second-hand,675.95,$600-899,5.280859375,,,False,2.0,True,0.0,False,Seller 265,"Whippany, New Jersey, United States",NJ,2026-03-28,True,False,False,NJ,Pro,Modern (14+),73,2750.0,8.085106382978724
1611,New in Sealed Box Apple iPhone 13 MINI A2481 128/256GB USA Unlocked Smartphone,iPhone 13 Mini,13,False,256.0,256GB,256GB,False,New,Second-hand,321.99,$200-399,1.2577734375,,,False,2.0,True,0.0,False,Seller 559,"Brooklyn, New York, United States",NY,2026-03-28,True,False,False,NY,Standard,Mid-Gen (12-13),31,491.95,6.462585034013606
1612,New Sealed Apple iPhone 13 MINI A2481 128/256GB USA Factory Unlocked Smartphone,iPhone 13 Mini,13,False,256.0,256GB,256GB,False,New,Second-hand,321.99,$200-399,1.2577734375,,,False,2.0,True,0.0,False,Seller 265,"Whippany, New Jersey, United States",NJ,2026-03-28,True,False,False,NJ,Standard,Mid-Gen (12-13),151,491.95,6.462585034013606
1613,New Apple iPhone 13 MINI 5G A2481 128GB/256GB Factory Unlocked Sealed in Box US,iPhone 13 Mini,13,False,128.0,128GB,128GB|256GB,False,New,Second-hand,321.99,$200-399,2.515546875,,,False,2.0,True,0.0,False,Seller 559,"Brooklyn, New York, United States",NY,2026-03-28,True,False,False,NY,Standard,Mid-Gen (12-13),31,491.95,6.462585034013606
1614,New Sealed Apple iPhone 13 Mini 5G 128GB/256GB Factory Unlocked 2Yr Wty US STOCK,iPhone 13 Mini,13,False,128.0,128GB,128GB|256GB,False,New,Second-hand,321.88,$200-399,2.5146875,,,False,2.0,True,1.0,True,Seller 559,"Whippany, New Jersey, United States",NJ,2026-03-28,True,False,False,NJ,Standard,Mid-Gen (12-13),151,491.95,6.462585034013606
1615,New Apple iPhone 13 MINI/13 PRO MAX 512GB 256GB 128GB A2176 A2484 USA Unlocked,iPhone 13 Mini,13,False,128.0,128GB,128GB|256GB|512GB,False,New,Second-hand,321.99,$200-399,2.515546875,,,False,2.0,True,5.0,True,Seller 574,"Whippany, New Jersey, United States",NJ,2026-03-28,True,False,False,NJ,Standard,Mid-Gen (12-13),151,491.95,6.462585034013606
1616,New in Sealed Box Apple iPhone 13 MINI A2481 128/256GB USA Unlocked Smartphone,iPhone 13 Mini,13,False,256.0,256GB,256GB,False,New,Second-hand,321.88,$200-399,1.25734375,,,False,2.0,True,0.0,False,Seller 265,"Whippany, New Jersey, United States",NJ,2026-03-28,True,False,False,NJ,Standard,Mid-Gen (12-13),151,491.95,6.462585034013606
1617,New Sealed Box Apple iPhone 13 MINI 128/256GB Factory Unlocked GSM+CDMA USA SHIP,iPhone 13 Mini,13,False,256.0,256GB,256GB,False,New,Second-hand,321.88,$200-399,1.25734375,,,False,2.0,True,2.0,True,Seller 559,"Whippany, New Jersey, United States",NJ,2026-03-28,True,False,False,NJ,Standard,Mid-Gen (12-13),151,491.95,6.462585034013606
1618,New in Sealed Apple iPhone 13 MINI A2481 128/256GB Factory Unlocked Smartphone,iPhone 13 Mini,13,False,256.0,256GB,256GB,False,New,Second-hand,321.88,$200-399,1.25734375,,,False,2.0,True,0.0,False,Seller 265,"Whippany, New Jersey, United States",NJ,2026-03-28,True,False,False,NJ,Standard,Mid-Gen (12-13),151,491.95,6.462585034013606
1619,NEW SEALED APPLE IPHONE 14 5G 128G/256GB/512GB FACTORY UNLOCKED GSM+CDMA US SHIP,iPhone 14,14,False,256.0,256GB,256GB|512GB,False,New,Second-hand,389.01,$200-399,1.5195703125,,,False,2.0,True,0.0,False,Seller 265,"Whippany, New Jersey, United States",NJ,2026-03-28,True,False,False,NJ,Standard,Modern (14+),40,1329.99,21.492537313432834
1620,New Sealed Apple iPhone 13 MINI A2481 128GB 256GB FACTORY Unlocked Smartphone US,iPhone 13 Mini,13,False,128.0,128GB,128GB|256GB,False,New,Second-hand,321.99,$200-399,2.515546875,,,False,2.0,True,0.0,False,Seller 265,"Whippany, New Jersey, United States",NJ,2026-03-28,True,False,False,NJ,Standard,Mid-Gen (12-13),151,491.95,6.462585034013606
1621,New Sealed Box Apple iPhone 13 MINI 128GB 256GB Factory Unlocked 2 YEAR WARRANTY,iPhone 13 Mini,13,False,128.0,128GB,128GB|256GB,False,New,Second-hand,321.88,$200-399,2.5146875,,,False,2.0,True,1.0,True,Seller 265,"Whippany, New Jersey, United States",NJ,2026-03-28,True,False,False,NJ,Standard,Mid-Gen (12-13),151,491.95,6.462585034013606
1622,New Apple iPhone 13 MINI A2481 128/256GB Factory Unlocked All Carrier &Color LOT,iPhone 13 Mini,13,False,256.0,256GB,256GB,False,New,Second-hand,321.88,$200-399,,,,False,2.0,True,0.0,False,Seller 559,"Brooklyn, New York, United States",NY,2026-03-28,True,True,False,NY,Standard,Mid-Gen (12-13),31,491.95,6.462585034013606
1623,"Apple iPhone 12 64GB/128GB - Unlocked, Very Good Condition, Free Shipping",iPhone 12,12,False,64.0,64GB,64GB|128GB,False,Used,Second-hand,151.0,<$200,2.359375,,,False,1.0,True,0.0,False,Seller 147,"Houston, Texas, United States",TX,2026-03-29,True,False,False,TX,Standard,Mid-Gen (12-13),284,4428.01,45.073891625615765
1624,"Apple iPhone 12 Unlocked 128GB/64GB - Mint Condition, Colors + Free Shipping!",iPhone 12,12,False,64.0,64GB,64GB|128GB,False,Used,Second-hand,159.0,<$200,2.484375,,,False,0.0,False,1.0,True,Seller 147,"Houston, Texas, United States",TX,2026-03-29,True,False,False,TX,Standard,Mid-Gen (12-13),284,4428.01,45.073891625615765
1625,iPhone 14 Mint 512GB/128GB 5G Verizon/AT&T - Free Shipping & Returns,iPhone 14,14,False,128.0,128GB,128GB|512GB,False,Used,Second-hand,220.0,$200-399,1.71875,,,False,1.0,True,0.0,False,Seller 147,"Houston, Texas, United States",TX,2026-03-29,True,False,False,TX,Standard,Modern (14+),150,1329.99,21.492537313432834
1626,"Apple iPhone 14 128GB 5G Unlocked - Midnight, Blue, (PRODUCT)RED - Free Shippin",iPhone 14,14,False,128.0,128GB,128GB,False,Used,Second-hand,234.0,$200-399,1.828125,,,False,1.0,True,0.0,False,Seller 147,"Houston, Texas, United States",TX,2026-03-29,True,False,False,TX,Standard,Modern (14+),150,1329.99,21.492537313432834
1627,"Apple iPhone 14 128GB/256GB Unlocked - Midnight, Starlight, (PRODUCT)RED",iPhone 14,14,False,128.0,128GB,128GB|256GB,False,Used,Second-hand,218.0,$200-399,1.703125,,,False,1.0,True,0.0,False,Seller 147,"Houston, Texas, United States",TX,2026-03-29,True,False,False,TX,Standard,Modern (14+),150,1329.99,21.492537313432834
1628,"Apple iPhone 14 128GB Unlocked - Midnight, Starlight, (PRODUCT)RED - Free Ship",iPhone 14,14,False,128.0,128GB,128GB,False,Used,Second-hand,237.0,$200-399,1.8515625,,,False,0.0,False,2.0,True,Seller 147,"Houston, Texas, United States",TX,2026-03-29,True,False,False,TX,Standard,Modern (14+),150,1329.99,21.492537313432834
1629,Apple iPhone 14 128GB/512GB Mint Midnight Red 5G - Free Shipping!,iPhone 14,14,False,128.0,128GB,128GB|512GB,False,Used,Second-hand,233.0,$200-399,1.8203125,,,False,1.0,True,0.0,False,Seller 147,"Houston, Texas, United States",TX,2026-03-29,True,False,False,TX,Standard,Modern (14+),150,1329.99,21.492537313432834
1630,"Apple iPhone 14 Unlocked 128/512GB - Midnight, Blue, Red, Purple - Free Shippin",iPhone 14,14,False,512.0,512GB,512GB,False,Used,Second-hand,227.0,$200-399,0.443359375,,,False,1.0,True,0.0,False,Seller 147,"Houston, Texas, United States",TX,2026-03-29,True,False,False,TX,Standard,Modern (14+),150,1329.99,21.492537313432834
1631,Apple iPhone 13 - 128GB/256GB - Fair Condition - Multiple Colors - Free Shippin,iPhone 13,13,False,128.0,128GB,128GB|256GB,False,Used,Second-hand,215.0,$200-399,1.6796875,,,False,1.0,True,0.0,False,Seller 147,"Houston, Texas, United States",TX,2026-03-29,True,False,False,TX,Standard,Mid-Gen (12-13),141,4935.0,20.909090909090907
1632,Apple iPhone 12 Unlocked 64GB/128GB - Very Good Condition - Free Shipping,iPhone 12,12,False,64.0,64GB,64GB|128GB,False,Used,Second-hand,147.0,<$200,2.296875,,,False,1.0,True,0.0,False,Seller 147,"Houston, Texas, United States",TX,2026-03-29,True,False,False,TX,Standard,Mid-Gen (12-13),284,4428.01,45.073891625615765
1633,"Apple iPhone 12 5G Unlocked - T-Mobile, Verizon, 64GB/128GB - Free Shipping",iPhone 12,12,False,64.0,64GB,64GB|128GB,False,Used,Second-hand,142.0,<$200,2.21875,,,False,1.0,True,0.0,False,Seller 147,"Houston, Texas, United States",TX,2026-03-29,True,False,False,TX,Standard,Mid-Gen (12-13),284,4428.01,45.073891625615765
1634,Apple iPhone 12 Unlocked 64GB/128GB - Black & Red - Free Shipping!,iPhone 12,12,False,64.0,64GB,64GB|128GB,False,Used,Second-hand,151.0,<$200,2.359375,,,False,1.0,True,0.0,False,Seller 147,"Houston, Texas, United States",TX,2026-03-29,True,False,False,TX,Standard,Mid-Gen (12-13),284,4428.01,45.073891625615765
1635,"Apple iPhone 14 Plus - 128GB/256GB - Unlocked 5G - Midnight, Starlight, Colors",iPhone 14 Plus,14,False,128.0,128GB,128GB|256GB,False,Used,Second-hand,269.0,$200-399,2.1015625,,,False,0.0,False,4.0,True,Seller 403,"Houston, Texas, United States",TX,2026-03-29,True,False,False,TX,Standard,Modern (14+),14,3410.0,31.343283582089555
1636,"Apple iPhone 12 64GB/128GB Unlocked - Black, Blue, Green, Good Condition",iPhone 12,12,False,64.0,64GB,64GB|128GB,False,Used,Second-hand,150.0,<$200,2.34375,,,False,1.0,True,0.0,False,Seller 147,"Houston, Texas, United States",TX,2026-03-29,True,False,False,TX,Standard,Mid-Gen (12-13),284,4428.01,45.073891625615765
1637,Apple iPhone 14 128GB 256GB Unlocked Verizon AT&T T-Mobile Yellow Blue,iPhone 14,14,False,128.0,128GB,128GB|256GB,False,Used,Second-hand,233.0,$200-399,1.8203125,,,False,1.0,True,0.0,False,Seller 147,"Houston, Texas, United States",TX,2026-03-29,True,False,False,TX,Standard,Modern (14+),150,1329.99,21.492537313432834
1638,Apple iPhone 13 128GB 256GB Unlocked Verizon T-Mobile 5G LTE iOS,iPhone 13,13,False,128.0,128GB,128GB|256GB,False,Used,Second-hand,209.0,$200-399,1.6328125,,,False,1.0,True,0.0,False,Seller 403,"Houston, Texas, United States",TX,2026-03-29,True,False,False,TX,Standard,Mid-Gen (12-13),141,4935.0,20.909090909090907
1639,Apple iPhone 14 128GB 256GB Unlocked Verizon 5G Very Good LTE,iPhone 14,14,False,128.0,128GB,128GB|256GB,False,Used,Second-hand,232.0,$200-399,1.8125,,,False,0.0,False,3.0,True,Seller 147,"Houston, Texas, United States",TX,2026-03-29,True,False,False,TX,Standard,Modern (14+),150,1329.99,21.492537313432834
1640,"Apple iPhone 12 - 64GB/128GB - T-Mobile, Black, Blue, Green - Free Shipping!",iPhone 12,12,False,64.0,64GB,64GB|128GB,False,Used,Second-hand,155.0,<$200,2.421875,,,False,1.0,True,0.0,False,Seller 147,"Houston, Texas, United States",TX,2026-03-29,True,False,False,TX,Standard,Mid-Gen (12-13),284,4428.01,45.073891625615765
1641,"Apple iPhone 12 64GB - T-Mobile/Verizon - Black, Blue, Green - Free Shipping",iPhone 12,12,False,64.0,64GB,64GB,False,Used,Second-hand,153.0,<$200,2.390625,,,False,1.0,True,0.0,False,Seller 147,"Houston, Texas, United States",TX,2026-03-29,True,False,False,TX,Standard,Mid-Gen (12-13),284,4428.01,45.073891625615765
1642,Apple iPhone 14 128GB/256GB - Mint Condition - Verizon/AT&T - Midnight & More,iPhone 14,14,False,128.0,128GB,128GB|256GB,False,Used,Second-hand,230.0,$200-399,1.796875,,,False,0.0,False,10.0,True,Seller 147,"Houston, Texas, United States",TX,2026-03-29,True,False,False,TX,Standard,Modern (14+),150,1329.99,21.492537313432834
1643,Apple IPhone 17 Pro Max 5G (Unlocked) 512GB Dual SIM 6.9in 48MP OLED Display,iPhone 17 Pro Max,17,True,512.0,512GB,512GB,False,New,Second-hand,2199.0,$1300+,4.294921875,,,False,0.0,False,30.0,True,Seller 187,"Taiwan, Taiwan",INTL,2026-03-29,True,False,False,INTL,Pro,Modern (14+),11,2710.0,8.176100628930817
1644,"Apple iPhone 12 64GB/128GB - Black, Blue, Red - Verizon 5G - Free Shipping",iPhone 12,12,False,64.0,64GB,64GB|128GB,False,Used,Second-hand,148.0,<$200,2.3125,,,False,1.0,True,0.0,False,Seller 147,"Houston, Texas, United States",TX,2026-03-29,True,False,False,TX,Standard,Mid-Gen (12-13),284,4428.01,45.073891625615765
1645,"Apple iPhone 12 64GB/128GB - Verizon, AT&T, 5G - Mint Condition, Free Shipping!",iPhone 12,12,False,64.0,64GB,64GB|128GB,False,Used,Second-hand,168.0,<$200,2.625,,,False,0.0,False,1.0,True,Seller 147,"Houston, Texas, United States",TX,2026-03-29,True,False,False,TX,Standard,Mid-Gen (12-13),284,4428.01,45.073891625615765
1646,"Apple iPhone 14 Unlocked - 128GB/256GB - Blue, Starlight, Midnight - Free Ship",iPhone 14,14,False,128.0,128GB,128GB|256GB,False,Used,Second-hand,242.0,$200-399,1.890625,,,False,0.0,False,1.0,True,Seller 147,"Houston, Texas, United States",TX,2026-03-29,True,False,False,TX,Standard,Modern (14+),150,1329.99,21.492537313432834
1647,"Apple iPhone 14 128GB/512GB - Midnight, Starlight, Red, Blue, Purple - Free Shi",iPhone 14,14,False,128.0,128GB,128GB|512GB,False,Used,Second-hand,234.0,$200-399,1.828125,,,False,0.0,False,1.0,True,Seller 147,"Houston, Texas, United States",TX,2026-03-29,True,False,False,TX,Standard,Modern (14+),150,1329.99,21.492537313432834
1648,"Apple iPhone 14 Unlocked - 128GB/256GB/512GB in Midnight, Purple, Yellow",iPhone 14,14,False,128.0,128GB,128GB|256GB|512GB,False,Used,Second-hand,221.0,$200-399,1.7265625,,,False,1.0,True,0.0,False,Seller 147,"Houston, Texas, United States",TX,2026-03-29,True,False,False,TX,Standard,Modern (14+),150,1329.99,21.492537313432834
1649,"Apple iPhone 12 64GB/128GB - Mint Condition - Unlocked, Free Shipping & Returns",iPhone 12,12,False,64.0,64GB,64GB|128GB,False,Used,Second-hand,161.0,<$200,2.515625,,,False,1.0,True,0.0,False,Seller 147,"Houston, Texas, United States",TX,2026-03-29,True,False,False,TX,Standard,Mid-Gen (12-13),284,4428.01,45.073891625615765
1650,"Apple iPhone 12 Unlocked Verizon - 64GB/128GB - Black, Blue, Red - Free Ship",iPhone 12,12,False,64.0,64GB,64GB|128GB,False,Used,Second-hand,150.0,<$200,2.34375,,,False,1.0,True,0.0,False,Seller 147,"Houston, Texas, United States",TX,2026-03-29,True,False,False,TX,Standard,Mid-Gen (12-13),284,4428.01,45.073891625615765
1651,Apple iPhone 12 128GB/64GB Unlocked - AT&T T-Mobile Verizon - Free Shipping!,iPhone 12,12,False,64.0,64GB,64GB|128GB,False,Used,Second-hand,153.0,<$200,2.390625,,,False,1.0,True,0.0,False,Seller 147,"Houston, Texas, United States",TX,2026-03-29,True,False,False,TX,Standard,Mid-Gen (12-13),284,4428.01,45.073891625615765
1652,Apple iPhone 12 64GB - Unlocked Verizon 5G - Mint Condition - Free Shipping!,iPhone 12,12,False,64.0,64GB,64GB,False,Used,Second-hand,157.0,<$200,2.453125,,,False,0.0,False,1.0,True,Seller 147,"Houston, Texas, United States",TX,2026-03-29,True,False,False,TX,Standard,Mid-Gen (12-13),284,4428.01,45.073891625615765
1653,"Apple iPhone 14 Unlocked 256GB/128GB - Midnight, Starlight, (PRODUCT)RED, Blue",iPhone 14,14,False,128.0,128GB,128GB|256GB,False,Used,Second-hand,228.0,$200-399,1.78125,,,False,0.0,False,1.0,True,Seller 147,"Houston, Texas, United States",TX,2026-03-29,True,False,False,TX,Standard,Modern (14+),150,1329.99,21.492537313432834
1654,"Apple iPhone 12 64GB/128GB - Unlocked, Verizon, Multiple Colors, Free Shipping!",iPhone 12,12,False,64.0,64GB,64GB|128GB,False,Used,Second-hand,162.0,<$200,2.53125,,,False,1.0,True,0.0,False,Seller 147,"Houston, Texas, United States",TX,2026-03-29,True,False,False,TX,Standard,Mid-Gen (12-13),284,4428.01,45.073891625615765
1655,"Apple iPhone 12 Unlocked 64GB/128GB - Black, Blue, Green, Red - Free Shipping",iPhone 12,12,False,64.0,64GB,64GB|128GB,False,Used,Second-hand,153.0,<$200,2.390625,,,False,1.0,True,0.0,False,Seller 147,"Houston, Texas, United States",TX,2026-03-29,True,False,False,TX,Standard,Mid-Gen (12-13),284,4428.01,45.073891625615765
1656,"Apple iPhone 12 64GB - Mint Condition, Black, Blue, Verizon, Free Shipping",iPhone 12,12,False,64.0,64GB,64GB,False,Used,Second-hand,160.0,<$200,2.5,,,False,1.0,True,0.0,False,Seller 147,"Houston, Texas, United States",TX,2026-03-29,True,False,False,TX,Standard,Mid-Gen (12-13),284,4428.01,45.073891625615765
1657,"Apple iPhone 14 128GB/256GB 5G - Verizon/T-Mobile - Midnight, Starlight, Blue",iPhone 14,14,False,128.0,128GB,128GB|256GB,False,Used,Second-hand,227.0,$200-399,1.7734375,,,False,1.0,True,0.0,False,Seller 147,"Houston, Texas, United States",TX,2026-03-29,True,False,False,TX,Standard,Modern (14+),150,1329.99,21.492537313432834
1658,"Apple iPhone 14 Blue Purple 128GB/256GB - Unlocked, Free Shipping & Returns",iPhone 14,14,False,128.0,128GB,128GB|256GB,False,Used,Second-hand,229.0,$200-399,1.7890625,,,False,1.0,True,0.0,False,Seller 147,"Houston, Texas, United States",TX,2026-03-29,True,False,False,TX,Standard,Modern (14+),150,1329.99,21.492537313432834
1659,"Apple iPhone 12 64GB/128GB - Mint, Black, Purple - Verizon 5G - Free Shipping",iPhone 12,12,False,64.0,64GB,64GB|128GB,False,Used,Second-hand,162.0,<$200,2.53125,,,False,1.0,True,0.0,False,Seller 147,"Houston, Texas, United States",TX,2026-03-29,True,False,False,TX,Standard,Mid-Gen (12-13),284,4428.01,45.073891625615765
1660,Apple iPhone 13 128GB/512GB Unlocked - Good Condition - Free Shipping & Returns,iPhone 13,13,False,128.0,128GB,128GB|512GB,False,Used,Second-hand,218.0,$200-399,1.703125,,,False,0.0,False,5.0,True,Seller 147,"Houston, Texas, United States",TX,2026-03-29,True,False,False,TX,Standard,Mid-Gen (12-13),141,4935.0,20.909090909090907
1661,"Apple iPhone 12 64GB/128GB Unlocked - AT&T, Clean ESN - Free Shipping!",iPhone 12,12,False,64.0,64GB,64GB|128GB,False,Used,Second-hand,155.0,<$200,2.421875,,,False,1.0,True,0.0,False,Seller 147,"Houston, Texas, United States",TX,2026-03-29,True,False,False,TX,Standard,Mid-Gen (12-13),284,4428.01,45.073891625615765
1662,"Apple iPhone 12 - 64GB/128GB - Unlocked, Verizon, Free Shipping!",iPhone 12,12,False,64.0,64GB,64GB|128GB,False,Used,Second-hand,149.0,<$200,2.328125,,,False,1.0,True,0.0,False,Seller 403,"Houston, Texas, United States",TX,2026-03-29,True,False,False,TX,Standard,Mid-Gen (12-13),284,4428.01,45.073891625615765
1663,Apple iPhone 14 Plus Unlocked Verizon AT&T T-Mobile 5G 128GB/256GB,iPhone 14 Plus,14,False,128.0,128GB,128GB|256GB,False,Used,Second-hand,241.0,$200-399,1.8828125,,,False,1.0,True,0.0,False,Seller 403,"Houston, Texas, United States",TX,2026-03-29,True,False,False,TX,Standard,Modern (14+),14,3410.0,31.343283582089555
1664,"Apple iPhone 12 - 64GB/128GB, Mint Condition, Unlocked - Blue Black Green",iPhone 12,12,False,64.0,64GB,64GB|128GB,False,Used,Second-hand,158.0,<$200,2.46875,,,False,1.0,True,0.0,False,Seller 147,"Houston, Texas, United States",TX,2026-03-29,True,False,False,TX,Standard,Mid-Gen (12-13),284,4428.01,45.073891625615765
1665,"Apple iPhone 13 128GB/256GB/512GB Unlocked - Midnight Black, Blue, Green",iPhone 13,13,False,128.0,128GB,128GB|256GB|512GB,False,Used,Second-hand,212.0,$200-399,1.65625,,,False,1.0,True,0.0,False,Seller 403,"Houston, Texas, United States",TX,2026-03-29,True,False,False,TX,Standard,Mid-Gen (12-13),141,4935.0,20.909090909090907
1666,"Apple iPhone 13 128GB/256GB - Midnight, Green, Pink - Verizon/AT&T, Free Ship",iPhone 13,13,False,128.0,128GB,128GB|256GB,False,Used,Second-hand,214.0,$200-399,1.671875,,,False,1.0,True,0.0,False,Seller 403,"Houston, Texas, United States",TX,2026-03-29,True,False,False,TX,Standard,Mid-Gen (12-13),141,4935.0,20.909090909090907
1667,"Apple iPhone 14 - 128GB, 256GB, 512GB - Midnight, (PRODUCT)RED - Mint 5G",iPhone 14,14,False,128.0,128GB,128GB|256GB|512GB,False,Used,Second-hand,227.0,$200-399,1.7734375,,,False,1.0,True,0.0,False,Seller 403,"Houston, Texas, United States",TX,2026-03-29,True,False,False,TX,Standard,Modern (14+),150,1329.99,21.492537313432834
1668,Apple iPhone 12 64GB/128GB Unlocked AT&T/T-Mobile 5G - Fair Condition,iPhone 12,12,False,64.0,64GB,64GB|128GB,False,Used,Second-hand,140.0,<$200,2.1875,,,False,1.0,True,0.0,False,Seller 147,"Houston, Texas, United States",TX,2026-03-29,True,False,False,TX,Standard,Mid-Gen (12-13),284,4428.01,45.073891625615765
1669,"Apple iPhone 12 Unlocked 128GB & 64GB - Black, Green, Red - AT&T, Free Shipping",iPhone 12,12,False,64.0,64GB,64GB|128GB,False,Used,Second-hand,152.0,<$200,2.375,,,False,1.0,True,0.0,False,Seller 147,"Houston, Texas, United States",TX,2026-03-29,True,False,False,TX,Standard,Mid-Gen (12-13),284,4428.01,45.073891625615765
1670,"Apple iPhone 12 - Unlocked, Black, Blue, Green, 64/128GB - Free Shipping!",iPhone 12,12,False,128.0,128GB,128GB,False,Used,Second-hand,165.0,<$200,1.2890625,,,False,1.0,True,0.0,False,Seller 147,"Houston, Texas, United States",TX,2026-03-29,True,False,False,TX,Standard,Mid-Gen (12-13),284,4428.01,45.073891625615765
1671,Apple iPhone 15 256GB Black (Unlocked) SmartPhone - Good,iPhone 15,15,False,256.0,256GB,256GB,False,Good - Refurbished,Refurbished,472.99,$400-599,1.8476171875,,,False,0.0,False,0.0,False,Seller 182,"Prospect Heights, Illinois, United States",IL,2026-03-29,True,False,False,IL,Standard,Modern (14+),1,171.96000000000004,13.636363636363635
1672,Apple iPhone 13 mini 128GB Factory Unlocked Red Very Good Condition,iPhone 13 Mini,13,False,128.0,128GB,128GB,False,Very Good - Refurbished,Refurbished,305.67,$200-399,2.388046875,,,False,18.0,True,2.0,True,Seller 081,"Owings Mills, Maryland, United States",MD,2026-03-29,True,False,False,MD,Standard,Mid-Gen (12-13),2,491.95,6.462585034013606
1673,Apple iPhone 14 512GB 128GB Unlocked Verizon AT&T Good Condition,iPhone 14,14,False,128.0,128GB,128GB|512GB,False,Used,Second-hand,224.0,$200-399,1.75,,,False,0.0,False,1.0,True,Seller 147,"Houston, Texas, United States",TX,2026-03-29,True,False,False,TX,Standard,Modern (14+),150,1329.99,21.492537313432834
1674,Apple iPhone 14 Plus 256GB 128GB Unlocked Verizon AT&T SmartPhone 5G,iPhone 14 Plus,14,False,128.0,128GB,128GB|256GB,False,Used,Second-hand,256.0,$200-399,2.0,,,False,0.0,False,5.0,True,Seller 147,"Houston, Texas, United States",TX,2026-03-29,True,False,False,TX,Standard,Modern (14+),14,3410.0,31.343283582089555
1675,Apple iPhone 14 Plus 256GB 128GB Unlocked Verizon - Starlight Midnight Yellow,iPhone 14 Plus,14,False,128.0,128GB,128GB|256GB,False,Used,Second-hand,243.0,$200-399,1.8984375,,,False,1.0,True,0.0,False,Seller 403,"Houston, Texas, United States",TX,2026-03-29,True,False,False,TX,Standard,Modern (14+),14,3410.0,31.343283582089555
1676,Apple iPhone 14 128GB/256GB - Mint Condition - Multiple Colors - Free Shipping,iPhone 14,14,False,128.0,128GB,128GB|256GB,False,Used,Second-hand,227.0,$200-399,1.7734375,,,False,0.0,False,1.0,True,Seller 147,"Houston, Texas, United States",TX,2026-03-29,True,False,False,TX,Standard,Modern (14+),150,1329.99,21.492537313432834
1677,"Apple iPhone 14 - 128GB/256GB, Buen Estado, Envío Gratis, Revolución 30 Días-",iPhone 14,14,False,128.0,128GB,128GB|256GB,False,Used,Second-hand,230.0,$200-399,1.796875,,,False,0.0,False,0.0,False,Seller 403,"Houston, Texas, Estados Unidos",TX,2026-03-29,True,False,False,TX,Standard,Modern (14+),150,1329.99,21.492537313432834
1678,"Apple iPhone 12 Unlocked 128GB/64GB - Green, Black, Purple, White - Free Ship!",iPhone 12,12,False,64.0,64GB,64GB|128GB,False,Used,Second-hand,144.0,<$200,2.25,,,False,1.0,True,0.0,False,Seller 403,"Houston, Texas, United States",TX,2026-03-29,True,False,False,TX,Standard,Mid-Gen (12-13),284,4428.01,45.073891625615765
1679,Apple iPhone 14 Unlocked Smartphone 128GB 256GB Verizon Blue/Yellow,iPhone 14,14,False,128.0,128GB,128GB|256GB,False,Used,Second-hand,231.0,$200-399,1.8046875,,,False,1.0,True,0.0,False,Seller 403,"Houston, Texas, United States",TX,2026-03-29,True,False,False,TX,Standard,Modern (14+),150,1329.99,21.492537313432834
1680,"Apple iPhone 13 - 256GB/128GB - Blue Green Pink - T-Mobile, Verizon",iPhone 13,13,False,128.0,128GB,128GB|256GB,False,Used,Second-hand,205.0,$200-399,1.6015625,,,False,1.0,True,0.0,False,Seller 403,"Houston, Texas, United States",TX,2026-03-29,True,False,False,TX,Standard,Mid-Gen (12-13),141,4935.0,20.909090909090907
1681,Apple iPhone 14 128GB 256GB 512GB Unlocked Verizon AT&T Good Purple Yellow,iPhone 14,14,False,128.0,128GB,128GB|256GB|512GB,False,Used,Second-hand,219.0,$200-399,1.7109375,,,False,1.0,True,0.0,False,Seller 403,"Houston, Texas, United States",TX,2026-03-29,True,False,False,TX,Standard,Modern (14+),150,1329.99,21.492537313432834
1682,"Apple iPhone 12 - 64GB - Blue, Green, Purple - Verizon, AT&T, T-Mobile",iPhone 12,12,False,64.0,64GB,64GB,False,Used,Second-hand,164.0,<$200,2.5625,,,False,1.0,True,0.0,False,Seller 147,"Houston, Texas, United States",TX,2026-03-29,True,False,False,TX,Standard,Mid-Gen (12-13),284,4428.01,45.073891625615765
1683,Apple iPhone 13 - 128GB/512GB - Excellent Condition - Free Shipping,iPhone 13,13,False,128.0,128GB,128GB|512GB,False,Used,Second-hand,216.0,$200-399,1.6875,,,False,0.0,False,1.0,True,Seller 147,"Houston, Texas, United States",TX,2026-03-29,True,False,False,TX,Standard,Mid-Gen (12-13),141,4935.0,20.909090909090907
1684,Apple iPhone 17 A3258 Unlocked 256GB Sage Excellent,iPhone 17,17,False,256.0,256GB,256GB,False,Excellent - Refurbished,Refurbished,839.98,$600-899,3.281171875,,,False,4.0,True,0.0,False,Seller 208,"Clive, Iowa, United States",IA,2026-03-29,True,False,False,IA,Standard,Modern (14+),7,1000.99,7.857142857142857
1685,Broken Unlocked Apple iPhone 12 128GB 26.3.1 MGHD3LL/A Cracked Screen,iPhone 12,12,False,128.0,128GB,128GB,False,For Parts Or Not Working,Damaged,169.99,<$200,1.328046875,,,False,0.0,False,0.0,False,Seller 128,"Cincinnati, Ohio, United States",OH,2026-03-29,True,False,False,OH,Standard,Mid-Gen (12-13),4,4428.01,45.073891625615765
1686,"Apple iPhone 14 128GB/256GB - Midnight, Starlight, RED - Verizon/T-Mobile",iPhone 14,14,False,128.0,128GB,128GB|256GB,False,Used,Second-hand,224.0,$200-399,1.75,,,False,1.0,True,0.0,False,Seller 147,"Houston, Texas, United States",TX,2026-03-29,True,False,False,TX,Standard,Modern (14+),150,1329.99,21.492537313432834
1687,"Apple iPhone 13 Unlocked 128GB/512GB - Midnight, Blue, Pink - Free Shipping!",iPhone 13,13,False,128.0,128GB,128GB|512GB,False,Used,Second-hand,199.0,<$200,1.5546875,,,False,1.0,True,0.0,False,Seller 147,"Houston, Texas, United States",TX,2026-03-29,True,False,False,TX,Standard,Mid-Gen (12-13),141,4935.0,20.909090909090907
1688,"Apple iPhone 14 128GB 256GB 512GB AT&T Midnight, Starlight 5G - Free Shipping!",iPhone 14,14,False,128.0,128GB,128GB|256GB|512GB,False,Used,Second-hand,225.0,$200-399,1.7578125,,,False,1.0,True,0.0,False,Seller 403,"Houston, Texas, United States",TX,2026-03-29,True,False,False,TX,Standard,Modern (14+),150,1329.99,21.492537313432834
1689,Apple iPhone 12 128/64GB Unlocked - Black/Blue/Green - Free Shipping,iPhone 12,12,False,64.0,64GB,64GB,False,Used,Second-hand,141.0,<$200,2.203125,,,False,1.0,True,0.0,False,Seller 147,"Houston, Texas, United States",TX,2026-03-29,True,False,False,TX,Standard,Mid-Gen (12-13),284,4428.01,45.073891625615765
1690,"Apple iPhone 13 128GB Unlocked 5G - Black, Green, Pink - Free Shipping!",iPhone 13,13,False,128.0,128GB,128GB,False,Used,Second-hand,206.0,$200-399,1.609375,,,False,1.0,True,0.0,False,Seller 147,"Houston, Texas, United States",TX,2026-03-29,True,False,False,TX,Standard,Mid-Gen (12-13),141,4935.0,20.909090909090907
1691,"Apple iPhone 14 128GB - Unlocked, Verizon, 5G - Midnight, Starlight, (RED)",iPhone 14,14,False,128.0,128GB,128GB,False,Used,Second-hand,215.0,$200-399,1.6796875,,,False,1.0,True,0.0,False,Seller 147,"Houston, Texas, United States",TX,2026-03-29,True,False,False,TX,Standard,Modern (14+),150,1329.99,21.492537313432834
1692,Apple iPhone 14 128GB 256GB Very Good Condition Unlocked Verizon ATT,iPhone 14,14,False,128.0,128GB,128GB|256GB,False,Used,Second-hand,229.0,$200-399,1.7890625,,,False,1.0,True,0.0,False,Seller 403,"Houston, Texas, United States",TX,2026-03-29,True,False,False,TX,Standard,Modern (14+),150,1329.99,21.492537313432834
1693,"Apple iPhone 13 Unlocked 128GB/512GB - Midnight, Blue, Green, Red - Free Ship!",iPhone 13,13,False,128.0,128GB,128GB|512GB,False,Used,Second-hand,214.0,$200-399,1.671875,,,False,1.0,True,0.0,False,Seller 403,"Houston, Texas, United States",TX,2026-03-29,True,False,False,TX,Standard,Mid-Gen (12-13),141,4935.0,20.909090909090907
1694,Apple iPhone 14 Mint 512GB 128GB 5G - Free Shipping & Returns,iPhone 14,14,False,128.0,128GB,128GB|512GB,False,Used,Second-hand,227.0,$200-399,1.7734375,,,False,1.0,True,0.0,False,Seller 403,"Houston, Texas, United States",TX,2026-03-29,True,False,False,TX,Standard,Modern (14+),150,1329.99,21.492537313432834
1695,"Apple iPhone 12 128GB 64GB Unlocked - Green, Black, Purple - Free Shipping!",iPhone 12,12,False,64.0,64GB,64GB|128GB,False,Used,Second-hand,160.0,<$200,2.5,,,False,1.0,True,0.0,False,Seller 403,"Houston, Texas, United States",TX,2026-03-29,True,False,False,TX,Standard,Mid-Gen (12-13),284,4428.01,45.073891625615765
1696,Apple iPhone 14 128GB Unlocked Verizon AT&T Blue Red 4G LTE - Free Shipping!,iPhone 14,14,False,128.0,128GB,128GB,False,Used,Second-hand,224.0,$200-399,1.75,,,False,1.0,True,0.0,False,Seller 403,"Houston, Texas, United States",TX,2026-03-29,True,False,False,TX,Standard,Modern (14+),150,1329.99,21.492537313432834
1697,Apple iPhone 14 512GB 128GB Factory Unlocked Verizon Att Good Battery,iPhone 14,14,False,128.0,128GB,128GB|512GB,False,Used,Second-hand,234.0,$200-399,1.828125,,,False,1.0,True,0.0,False,Seller 403,"Houston, Texas, United States",TX,2026-03-29,True,False,False,TX,Standard,Modern (14+),150,1329.99,21.492537313432834
1698,New in Sealed Box Apple iPhone 13 MINI A2481 128GB FACTORY Unlocked Smartphone,iPhone 13 Mini,13,False,128.0,128GB,128GB,False,New,Second-hand,331.99,$200-399,2.593671875,,,False,5.0,True,0.0,False,Seller 194,"Los Angeles, California, United States",CA,2026-03-29,True,False,False,CA,Standard,Mid-Gen (12-13),54,491.95,6.462585034013606
1699,Apple iPhone 14 128GB 256GB 512GB Unlocked Verizon Red Midnight 5G,iPhone 14,14,False,128.0,128GB,128GB|256GB|512GB,False,Used,Second-hand,233.0,$200-399,1.8203125,,,False,0.0,False,1.0,True,Seller 147,"Houston, Texas, United States",TX,2026-03-29,True,False,False,TX,Standard,Modern (14+),150,1329.99,21.492537313432834
1700,Apple iPhone 14 512GB 256GB 128GB Verizon/Unlocked 5G All Colors,iPhone 14,14,False,128.0,128GB,128GB|256GB|512GB,False,Used,Second-hand,239.0,$200-399,1.8671875,,,False,0.0,False,23.0,True,Seller 147,"Houston, Texas, United States",TX,2026-03-29,True,False,False,TX,Standard,Modern (14+),150,1329.99,21.492537313432834
1701,Apple iPhone 14 128GB 256GB Unlocked Verizon Metro PCS ATT Yellow Blue Red,iPhone 14,14,False,128.0,128GB,128GB|256GB,False,Used,Second-hand,221.0,$200-399,1.7265625,,,False,0.0,False,3.0,True,Seller 403,"Houston, Texas, United States",TX,2026-03-29,True,False,False,TX,Standard,Modern (14+),150,1329.99,21.492537313432834
1702,Apple iPhone 14 -Very GOOD- 128GB 512GB Unlocked Verizon AT&T Cricket 5G,iPhone 14,14,False,128.0,128GB,128GB|512GB,False,Used,Second-hand,232.0,$200-399,1.8125,,,False,0.0,False,2.0,True,Seller 147,"Houston, Texas, United States",TX,2026-03-29,True,False,False,TX,Standard,Modern (14+),150,1329.99,21.492537313432834
1703,Apple iPhone 14 256GB 128GB 5G All Colors - Unlocked Verizon Tracfone 5G,iPhone 14,14,False,128.0,128GB,128GB|256GB,False,Used,Second-hand,236.0,$200-399,1.84375,,,False,0.0,False,8.0,True,Seller 147,"Houston, Texas, United States",TX,2026-03-29,True,False,False,TX,Standard,Modern (14+),150,1329.99,21.492537313432834
1704,Apple iPhone 14 Unlocked -128GB 512GB- GOOD Yellow/Midnight/Starlight,iPhone 14,14,False,128.0,128GB,128GB|512GB,False,Used,Second-hand,225.0,$200-399,1.7578125,,,False,0.0,False,2.0,True,Seller 147,"Houston, Texas, United States",TX,2026-03-29,True,False,False,TX,Standard,Modern (14+),150,1329.99,21.492537313432834
1705,Apple iPhone 14 256GB 128GB Factory Unlocked Verizon T-Mobile Sprint -Good,iPhone 14,14,False,128.0,128GB,128GB|256GB,False,Used,Second-hand,235.0,$200-399,1.8359375,,,False,1.0,True,0.0,False,Seller 403,"Houston, Texas, United States",TX,2026-03-29,True,False,False,TX,Standard,Modern (14+),150,1329.99,21.492537313432834
1706,Apple iPhone 14 256GB|128GB (Red/Blue/Yellow) Unlocked Verizon ATT Excellent,iPhone 14,14,False,128.0,128GB,128GB|256GB,False,Used,Second-hand,240.0,$200-399,1.875,,,False,0.0,False,2.0,True,Seller 403,"Houston, Texas, United States",TX,2026-03-29,True,False,False,TX,Standard,Modern (14+),150,1329.99,21.492537313432834
1707,Apple iPhone 14 Unlocked Verizon Good SmartPhone (128GB 256GB 512GB),iPhone 14,14,False,128.0,128GB,128GB|256GB|512GB,False,Used,Second-hand,237.0,$200-399,1.8515625,,,False,0.0,False,6.0,True,Seller 147,"Houston, Texas, United States",TX,2026-03-29,True,False,False,TX,Standard,Modern (14+),150,1329.99,21.492537313432834
1708,Apple iPhone 14 Unlocked Verizon Tracfone Tmobile Good Battery - 128GB 256GB,iPhone 14,14,False,128.0,128GB,128GB|256GB,False,Used,Second-hand,223.0,$200-399,1.7421875,,,False,1.0,True,0.0,False,Seller 147,"Houston, Texas, United States",TX,2026-03-29,True,False,False,TX,Standard,Modern (14+),150,1329.99,21.492537313432834
1709,Apple iPhone 14 128GB Unlocked Verizon AT&T T-Mobile Blue Red 4G LTE iOS,iPhone 14,14,False,128.0,128GB,128GB,False,Used,Second-hand,224.0,$200-399,1.75,,,False,1.0,True,0.0,False,Seller 147,"Houston, Texas, United States",TX,2026-03-29,True,False,False,TX,Standard,Modern (14+),150,1329.99,21.492537313432834
1710,Apple iPhone 14 128GB Unlocked Verizon AT&T T-Mobile Bluee Midnight Starlight 4,iPhone 14,14,False,128.0,128GB,128GB,False,Used,Second-hand,228.0,$200-399,1.78125,,,False,1.0,True,0.0,False,Seller 403,"Houston, Texas, United States",TX,2026-03-29,True,False,False,TX,Standard,Modern (14+),150,1329.99,21.492537313432834
1711,"Apple iPhone 13 5G Unlocked - Midnight, Starlight, Green - 128GB/256GB",iPhone 13,13,False,128.0,128GB,128GB|256GB,False,Used,Second-hand,211.0,$200-399,1.6484375,,,False,1.0,True,0.0,False,Seller 403,"Houston, Texas, United States",TX,2026-03-29,True,False,False,TX,Standard,Mid-Gen (12-13),141,4935.0,20.909090909090907
1712,Apple iPhone 14 128GB 256GB Unlocked Verizon GSM CDMA iOS WiFi 4G,iPhone 14,14,False,128.0,128GB,128GB|256GB,False,Used,Second-hand,236.0,$200-399,1.84375,,,False,0.0,False,1.0,True,Seller 147,"Houston, Texas, United States",TX,2026-03-29,True,False,False,TX,Standard,Modern (14+),150,1329.99,21.492537313432834
1713,Apple iPhone 14 128GB 256GB Midnight/Starlight ATT Unlocked CDMA 4G,iPhone 14,14,False,128.0,128GB,128GB|256GB,False,Used,Second-hand,219.0,$200-399,1.7109375,,,False,0.0,False,1.0,True,Seller 147,"Houston, Texas, United States",TX,2026-03-29,True,False,False,TX,Standard,Modern (14+),150,1329.99,21.492537313432834
1714,Apple iPhone 14 128GB 256GB GSM CDMA Unlocked Verizon AT&T T-Mobile LTE,iPhone 14,14,False,128.0,128GB,128GB|256GB,False,Used,Second-hand,221.0,$200-399,1.7265625,,,False,1.0,True,0.0,False,Seller 403,"Houston, Texas, United States",TX,2026-03-29,True,False,False,TX,Standard,Modern (14+),150,1329.99,21.492537313432834
1715,Apple iPhone 14 128GB GSM iOS Unlocked Verizon AT&T T-Mobile 4G Clean IMEI,iPhone 14,14,False,128.0,128GB,128GB,False,Used,Second-hand,223.0,$200-399,1.7421875,,,False,1.0,True,0.0,False,Seller 403,"Houston, Texas, United States",TX,2026-03-29,True,False,False,TX,Standard,Modern (14+),150,1329.99,21.492537313432834
1716,Apple iPhone 14 128GB 256GB Fully Unlocked Verizon ATT Straight Talk (Mint),iPhone 14,14,False,128.0,128GB,128GB|256GB,False,Used,Second-hand,223.0,$200-399,1.7421875,,,False,1.0,True,0.0,False,Seller 147,"Houston, Texas, United States",TX,2026-03-29,True,False,False,TX,Standard,Modern (14+),150,1329.99,21.492537313432834
1717,Apple iPhone 14 256GB 128GB Unlocked Verizon AT&T Metro PCS Yellow/Midnight,iPhone 14,14,False,128.0,128GB,128GB|256GB,False,Used,Second-hand,236.0,$200-399,1.84375,,,False,0.0,False,1.0,True,Seller 403,"Houston, Texas, United States",TX,2026-03-29,True,False,False,TX,Standard,Modern (14+),150,1329.99,21.492537313432834
1718,Apple iPhone 14 Unlocked Verizon ATT 5G 128GB/512GB Very Good Condition,iPhone 14,14,False,128.0,128GB,128GB|512GB,False,Used,Second-hand,243.0,$200-399,1.8984375,,,False,0.0,False,1.0,True,Seller 403,"Houston, Texas, United States",TX,2026-03-29,True,False,False,TX,Standard,Modern (14+),150,1329.99,21.492537313432834
1719,Apple iPhone 14 | 14 Plus - 128GB | 256GB | 512GB Unlocked AT&T Metro T-mobile,iPhone 14,14,False,128.0,128GB,128GB|256GB|512GB,False,Very Good - Refurbished,Refurbished,270.7,$200-399,2.11484375,284.95,5.0,True,0.0,False,33.0,True,Seller 083,"Spartanburg SC, United States",INTL,2026-03-29,True,False,False,INTL,Standard,Modern (14+),16,1329.99,21.492537313432834
1720,"Apple iPhone 12 128GB & 64GB - Mint Green & Purple, Unlocked, Free Shipping!",iPhone 12,12,False,64.0,64GB,64GB|128GB,False,Used,Second-hand,161.0,<$200,2.515625,,,False,1.0,True,0.0,False,Seller 403,"Houston, Texas, United States",TX,2026-03-29,True,False,False,TX,Standard,Mid-Gen (12-13),284,4428.01,45.073891625615765
1721,"Apple iPhone 13 Unlocked - 128GB & 256GB - Midnight Blue, Pink, Green",iPhone 13,13,False,128.0,128GB,128GB|256GB,False,Used,Second-hand,225.0,$200-399,1.7578125,,,False,0.0,False,3.0,True,Seller 147,"Houston, Texas, United States",TX,2026-03-29,True,False,False,TX,Standard,Mid-Gen (12-13),141,4935.0,20.909090909090907
1722,Apple iPhone 12 64GB 128GB Fair Black Blue Unlocked Verizon AT&T T-Mobile,iPhone 12,12,False,64.0,64GB,64GB|128GB,False,Used,Second-hand,145.0,<$200,2.265625,,,False,1.0,True,0.0,False,Seller 403,"Houston, Texas, United States",TX,2026-03-29,True,False,False,TX,Standard,Mid-Gen (12-13),284,4428.01,45.073891625615765
1723,Apple iPhone 12 - 64GB/128GB - Unlocked - Fair Condition - Free Shipping,iPhone 12,12,False,64.0,64GB,64GB|128GB,False,Used,Second-hand,150.0,<$200,2.34375,,,False,1.0,True,0.0,False,Seller 147,"Houston, Texas, United States",TX,2026-03-29,True,False,False,TX,Standard,Mid-Gen (12-13),284,4428.01,45.073891625615765
1724,Apple iPhone 12 128GB 64GB Fully Unlocked Verizon ATT Metro PCS- Black Blue Red,iPhone 12,12,False,64.0,64GB,64GB|128GB,False,Used,Second-hand,155.0,<$200,2.421875,,,False,0.0,False,9.0,True,Seller 147,"Houston, Texas, United States",TX,2026-03-29,True,False,False,TX,Standard,Mid-Gen (12-13),284,4428.01,45.073891625615765
1725,Apple iPhone 15 Plus A2847 Unlocked 128GB Black Good,iPhone 15 Plus,15,False,128.0,128GB,128GB,False,Good - Refurbished,Refurbished,369.99,$200-399,2.890546875,,,False,0.0,False,170.0,True,Seller 208,"Clive, Iowa, United States",IA,2026-03-29,True,False,False,IA,Standard,Modern (14+),1,88.0,25.0
1726,Apple IPhone 17 Pro Max Orange 1TB,iPhone 17 Pro Max,17,True,1024.0,1024GB,1024GB,False,New,Second-hand,1050.0,$900-1299,1.025390625,,,False,0.0,False,2.0,True,Seller 653,"Bridge City, Texas, United States",TX,2026-03-29,True,False,False,TX,Pro,Modern (14+),19,2710.0,8.176100628930817
1727,Apple iPhone 12 128GB 64GB Unlocked Verizon Straight Talk - Black Purple Red,iPhone 12,12,False,64.0,64GB,64GB|128GB,False,Used,Second-hand,159.0,<$200,2.484375,,,False,1.0,True,0.0,False,Seller 147,"Houston, Texas, United States",TX,2026-03-29,True,False,False,TX,Standard,Mid-Gen (12-13),284,4428.01,45.073891625615765
1728,Apple iPhone 13 128GB Unlocked Verizon Cricket 6.1-inch OLED Display,iPhone 13,13,False,128.0,128GB,128GB,False,Used,Second-hand,214.0,$200-399,1.671875,,,False,1.0,True,0.0,False,Seller 403,"Houston, Texas, United States",TX,2026-03-29,True,False,False,TX,Standard,Mid-Gen (12-13),141,4935.0,20.909090909090907
1729,Apple iPhone 13 512GB 256GB 128GB Fully Unlocked Verizon US Cellular Pink/Green,iPhone 13,13,False,128.0,128GB,128GB|256GB|512GB,False,Used,Second-hand,212.0,$200-399,1.65625,,,False,0.0,False,4.0,True,Seller 147,"Houston, Texas, United States",TX,2026-03-29,True,False,False,TX,Standard,Mid-Gen (12-13),141,4935.0,20.909090909090907
1730,"Apple iPhone 12 Very Good 6.1"" Screen Unlocked Sprint (Blue/Red) 128GB|64GB",iPhone 12,12,False,64.0,64GB,64GB|128GB,False,Used,Second-hand,152.0,<$200,2.375,,,False,1.0,True,0.0,False,Seller 147,"Houston, Texas, United States",TX,2026-03-29,True,False,False,TX,Standard,Mid-Gen (12-13),284,4428.01,45.073891625615765
1731,Apple iPhone 13 128GB Unlocked Verizon Sprint AT&T 5G Very Good Condition,iPhone 13,13,False,128.0,128GB,128GB,False,Used,Second-hand,210.0,$200-399,1.640625,,,False,0.0,False,2.0,True,Seller 147,"Houston, Texas, United States",TX,2026-03-29,True,False,False,TX,Standard,Mid-Gen (12-13),141,4935.0,20.909090909090907
1732,Apple iPhone 17 - 256 GB - Mist Blue (Unlocked) - Brand New & Sealed,iPhone 17,17,False,256.0,256GB,256GB,False,New,Second-hand,869.95,$600-899,3.3982421875,,,False,2.0,True,0.0,False,Seller 111,"Portland, Oregon, United States",OR,2026-03-29,True,False,False,OR,Standard,Modern (14+),1,1000.99,7.857142857142857
1733,Apple iPhone 17 Pro Max 256GB Unlocked Silver MFXG4LL/A Brand New,iPhone 17 Pro Max,17,True,256.0,256GB,256GB,False,New,Second-hand,1330.0,$1300+,5.1953125,,,False,0.0,False,0.0,False,Seller 111,"Gresham, Oregon, United States",OR,2026-03-29,True,False,False,OR,Pro,Modern (14+),2,2710.0,8.176100628930817
1734,New Factory Unlocked Apple iPhone 16 128GB Teal MYAW3LL/A,iPhone 16,16,False,128.0,128GB,128GB,False,New,Second-hand,674.99,$600-899,5.273359375,,,False,0.0,False,0.0,False,Seller 132,"Charlotte, North Carolina, United States",NC,2026-03-29,True,False,False,NC,Standard,Modern (14+),2,639.5,7.207207207207207
1735,Apple iPhone 17 A3258 Unlocked 256GB Mist Blue Excellent,iPhone 17,17,False,256.0,256GB,256GB,False,Excellent - Refurbished,Refurbished,839.98,$600-899,3.281171875,,,False,10.0,True,0.0,False,Seller 208,"Clive, Iowa, United States",IA,2026-03-29,True,False,False,IA,Standard,Modern (14+),7,1000.99,7.857142857142857
1736,Apple iPhone 12 | 12 mini - 64GB 128GB 256GB - Unlocked T-Mobile AT&T Verizon,iPhone 12,12,False,64.0,64GB,64GB|128GB|256GB,False,Very Good - Refurbished,Refurbished,156.7,<$200,2.4484375,164.95,5.0,True,10.0,True,62.0,True,Seller 083,"Spartanburg SC, United States",INTL,2026-03-29,True,False,False,INTL,Standard,Mid-Gen (12-13),21,4428.01,45.073891625615765
1737,Apple iPhone 14 128GB 256GB 512GB Unlocked Verizon Midnight/Starlight 5G,iPhone 14,14,False,128.0,128GB,128GB|256GB|512GB,False,Used,Second-hand,237.0,$200-399,1.8515625,,,False,0.0,False,2.0,True,Seller 403,"Houston, Texas, United States",TX,2026-03-29,True,False,False,TX,Standard,Modern (14+),150,1329.99,21.492537313432834
1738,Apple iPhone 14 Unlocked Verizon AT&T 128GB 512GB Good 5G,iPhone 14,14,False,128.0,128GB,128GB|512GB,False,Used,Second-hand,226.0,$200-399,1.765625,,,False,0.0,False,1.0,True,Seller 147,"Houston, Texas, United States",TX,2026-03-29,True,False,False,TX,Standard,Modern (14+),150,1329.99,21.492537313432834
1739,Apple iPhone 14 128GB 256GB 512GB Unlocked Verizon AT&T Yellow Red 5G,iPhone 14,14,False,128.0,128GB,128GB|256GB|512GB,False,Used,Second-hand,229.0,$200-399,1.7890625,,,False,1.0,True,0.0,False,Seller 403,"Houston, Texas, United States",TX,2026-03-29,True,False,False,TX,Standard,Modern (14+),150,1329.99,21.492537313432834
1740,Apple iPhone 14 128GB 256GB Unlocked Verizon AT&T 5G GSM CDMA iOS,iPhone 14,14,False,128.0,128GB,128GB|256GB,False,Used,Second-hand,222.0,$200-399,1.734375,,,False,0.0,False,1.0,True,Seller 147,"Houston, Texas, United States",TX,2026-03-29,True,False,False,TX,Standard,Modern (14+),150,1329.99,21.492537313432834
1741,Apple iPhone 14 128GB 256GB Unlocked AT&T T-Mobile Pristine Smartphone,iPhone 14,14,False,128.0,128GB,128GB|256GB,False,Used,Second-hand,238.0,$200-399,1.859375,,,False,0.0,False,12.0,True,Seller 147,"Houston, Texas, United States",TX,2026-03-29,True,False,False,TX,Standard,Modern (14+),150,1329.99,21.492537313432834
1742,Apple iPhone 12 64GB 128GB 5G Unlocked Verizon AT&T T-Mobile White Black,iPhone 12,12,False,64.0,64GB,64GB|128GB,False,Used,Second-hand,143.0,<$200,2.234375,,,False,1.0,True,0.0,False,Seller 403,"Houston, Texas, United States",TX,2026-03-29,True,False,False,TX,Standard,Mid-Gen (12-13),284,4428.01,45.073891625615765
1743,Apple iPhone 12 64GB 128GB Unlocked Verizon AT&T Red Green iOS,iPhone 12,12,False,64.0,64GB,64GB|128GB,False,Used,Second-hand,158.0,<$200,2.46875,,,False,1.0,True,0.0,False,Seller 403,"Houston, Texas, United States",TX,2026-03-29,True,False,False,TX,Standard,Mid-Gen (12-13),284,4428.01,45.073891625615765
1744,Apple iPhone 13 128GB 256GB Pink/Green Unlocked Verizon T-Mobile Good,iPhone 13,13,False,128.0,128GB,128GB|256GB,False,Used,Second-hand,229.0,$200-399,1.7890625,,,False,0.0,False,1.0,True,Seller 403,"Houston, Texas, United States",TX,2026-03-29,True,False,False,TX,Standard,Mid-Gen (12-13),141,4935.0,20.909090909090907
1745,Apple iPhone 14 128GB 256GB GSM Unlocked Verizon 5G T-Mobile Pristine,iPhone 14,14,False,128.0,128GB,128GB|256GB,False,Used,Second-hand,227.0,$200-399,1.7734375,,,False,0.0,False,2.0,True,Seller 147,"Houston, Texas, United States",TX,2026-03-29,True,False,False,TX,Standard,Modern (14+),150,1329.99,21.492537313432834
1746,"Apple iPhone 14 Unlocked 128GB/256GB - 5G LTE, Free Shipping & Returns",iPhone 14,14,False,128.0,128GB,128GB|256GB,False,Used,Second-hand,229.0,$200-399,1.7890625,,,False,0.0,False,1.0,True,Seller 403,"Houston, Texas, United States",TX,2026-03-29,True,False,False,TX,Standard,Modern (14+),150,1329.99,21.492537313432834
1747,Apple iPhone 14 128GB 256GB Unlocked Verizon Blue Red 5G LTE,iPhone 14,14,False,128.0,128GB,128GB|256GB,False,Used,Second-hand,229.0,$200-399,1.7890625,,,False,1.0,True,0.0,False,Seller 147,"Houston, Texas, United States",TX,2026-03-29,True,False,False,TX,Standard,Modern (14+),150,1329.99,21.492537313432834
1748,Apple iPhone 14 128GB 256GB 512GB Blue Purple Unlocked AT&T 5G Good,iPhone 14,14,False,128.0,128GB,128GB|256GB|512GB,False,Used,Second-hand,226.0,$200-399,1.765625,,,False,1.0,True,0.0,False,Seller 147,"Houston, Texas, United States",TX,2026-03-29,True,False,False,TX,Standard,Modern (14+),150,1329.99,21.492537313432834
1749,Apple iPhone 13 128GB 512GB GSM Pink Blue Unlocked Verizon T-Mobile,iPhone 13,13,False,128.0,128GB,128GB|512GB,False,Used,Second-hand,211.0,$200-399,1.6484375,,,False,0.0,False,1.0,True,Seller 403,"Houston, Texas, United States",TX,2026-03-29,True,False,False,TX,Standard,Mid-Gen (12-13),141,4935.0,20.909090909090907
1750,"Apple iPhone 12 64GB/128GB - Black, Blue, Green, 5G, GSM+CDMA, Free Shipping",iPhone 12,12,False,64.0,64GB,64GB|128GB,False,Used,Second-hand,143.0,<$200,2.234375,,,False,1.0,True,0.0,False,Seller 403,"Houston, Texas, United States",TX,2026-03-29,True,False,False,TX,Standard,Mid-Gen (12-13),284,4428.01,45.073891625615765
1751,Apple iPhone 14 128GB/256GB - Mint Condition - Verizon/AT&T - Free Shipping,iPhone 14,14,False,128.0,128GB,128GB|256GB,False,Used,Second-hand,227.0,$200-399,1.7734375,,,False,1.0,True,0.0,False,Seller 403,"Houston, Texas, United States",TX,2026-03-29,True,False,False,TX,Standard,Modern (14+),150,1329.99,21.492537313432834
1752,Apple iPhone 13 128GB 256GB Blue White Unlocked Verizon T-Mobile Good,iPhone 13,13,False,128.0,128GB,128GB|256GB,False,Used,Second-hand,206.0,$200-399,1.609375,,,False,0.0,False,1.0,True,Seller 403,"Houston, Texas, United States",TX,2026-03-29,True,False,False,TX,Standard,Mid-Gen (12-13),141,4935.0,20.909090909090907
1753,"Apple iPhone 13 - 128GB/256GB - Unlocked - Mint Condition, Colors Available",iPhone 13,13,False,128.0,128GB,128GB|256GB,False,Used,Second-hand,224.0,$200-399,1.75,,,False,0.0,False,20.0,True,Seller 147,"Houston, Texas, United States",TX,2026-03-29,True,False,False,TX,Standard,Mid-Gen (12-13),141,4935.0,20.909090909090907
1754,Apple iPhone 13 128GB 256GB Red Green Unlocked AT&T T-Mobile Good,iPhone 13,13,False,128.0,128GB,128GB|256GB,False,Used,Second-hand,216.0,$200-399,1.6875,,,False,1.0,True,0.0,False,Seller 403,"Houston, Texas, United States",TX,2026-03-29,True,False,False,TX,Standard,Mid-Gen (12-13),141,4935.0,20.909090909090907
1755,"Apple iPhone 13 Unlocked 128GB 512GB Verizon AT&T T-Mobile Midnight, Blue, Red",iPhone 13,13,False,128.0,128GB,128GB|512GB,False,Used,Second-hand,208.0,$200-399,1.625,,,False,1.0,True,0.0,False,Seller 147,"Houston, Texas, United States",TX,2026-03-29,True,False,False,TX,Standard,Mid-Gen (12-13),141,4935.0,20.909090909090907
1756,Apple iPhone 12 64GB GSM Unlocked Verizon AT&T T-Mobile 5G LTE,iPhone 12,12,False,64.0,64GB,64GB,False,Used,Second-hand,154.0,<$200,2.40625,,,False,1.0,True,0.0,False,Seller 403,"Houston, Texas, United States",TX,2026-03-29,True,False,False,TX,Standard,Mid-Gen (12-13),284,4428.01,45.073891625615765
1757,"Apple iPhone 12 Unlocked 5G - Very Good 64GB/128GB, Various Colors - Free Ship!",iPhone 12,12,False,64.0,64GB,64GB|128GB,False,Used,Second-hand,159.0,<$200,2.484375,,,False,1.0,True,0.0,False,Seller 403,"Houston, Texas, United States",TX,2026-03-29,True,False,False,TX,Standard,Mid-Gen (12-13),284,4428.01,45.073891625615765
1758,Apple iPhone 14 128GB 256GB Unlocked Verizon Very Good iOS 5G LTE,iPhone 14,14,False,128.0,128GB,128GB|256GB,False,Used,Second-hand,218.0,$200-399,1.703125,,,False,0.0,False,1.0,True,Seller 403,"Houston, Texas, United States",TX,2026-03-29,True,False,False,TX,Standard,Modern (14+),150,1329.99,21.492537313432834
1759,Apple iPhone 14 Unlocked Verizon AT&T T-Mobile 128GB 256GB Pristine 5G,iPhone 14,14,False,128.0,128GB,128GB|256GB,False,Used,Second-hand,223.0,$200-399,1.7421875,,,False,1.0,True,0.0,False,Seller 403,"Houston, Texas, United States",TX,2026-03-29,True,False,False,TX,Standard,Modern (14+),150,1329.99,21.492537313432834
1760,Apple iPhone 14 128GB 256GB 512GB Unlocked Verizon Starlight Midnight 5G,iPhone 14,14,False,128.0,128GB,128GB|256GB|512GB,False,Used,Second-hand,221.0,$200-399,1.7265625,,,False,1.0,True,0.0,False,Seller 403,"Houston, Texas, United States",TX,2026-03-29,True,False,False,TX,Standard,Modern (14+),150,1329.99,21.492537313432834
1761,Apple iPhone 14 128GB 256GB Unlocked Verizon AT&T T-Mobile 5G Pristine iOS,iPhone 14,14,False,128.0,128GB,128GB|256GB,False,Used,Second-hand,235.0,$200-399,1.8359375,,,False,0.0,False,2.0,True,Seller 403,"Houston, Texas, United States",TX,2026-03-29,True,False,False,TX,Standard,Modern (14+),150,1329.99,21.492537313432834
1762,Apple iPhone 14 128GB 256GB 512GB Unlocked AT&T Starlight Midnight Good,iPhone 14,14,False,128.0,128GB,128GB|256GB|512GB,False,Used,Second-hand,223.0,$200-399,1.7421875,,,False,0.0,False,1.0,True,Seller 147,"Houston, Texas, United States",TX,2026-03-29,True,False,False,TX,Standard,Modern (14+),150,1329.99,21.492537313432834
1763,Apple iPhone 14 128GB 512GB Unlocked Verizon AT&T T-Mobile iOS WiFi 5G,iPhone 14,14,False,128.0,128GB,128GB|512GB,False,Used,Second-hand,226.0,$200-399,1.765625,,,False,1.0,True,0.0,False,Seller 403,"Houston, Texas, United States",TX,2026-03-29,True,False,False,TX,Standard,Modern (14+),150,1329.99,21.492537313432834
1764,Apple iPhone 15 A2846 Unlocked 128GB Black Good,iPhone 15,15,False,128.0,128GB,128GB,False,Good - Refurbished,Refurbished,357.38,$200-399,2.79203125,,,False,0.0,False,110.0,True,Seller 208,"Clive, Iowa, United States",IA,2026-03-29,True,False,False,IA,Standard,Modern (14+),1,171.96000000000004,13.636363636363635
1765,Apple iPhone 14 Unlocked Verizon 128GB 256GB AT&T T-Mobile Pristine 5G,iPhone 14,14,False,128.0,128GB,128GB|256GB,False,Used,Second-hand,224.0,$200-399,1.75,,,False,0.0,False,1.0,True,Seller 403,"Houston, Texas, United States",TX,2026-03-29,True,False,False,TX,Standard,Modern (14+),150,1329.99,21.492537313432834
1766,Apple iPhone 14 128GB 512GB Unlocked Verizon AT&T Midnight Purple iOS,iPhone 14,14,False,128.0,128GB,128GB|512GB,False,Used,Second-hand,231.0,$200-399,1.8046875,,,False,1.0,True,0.0,False,Seller 147,"Houston, Texas, United States",TX,2026-03-29,True,False,False,TX,Standard,Modern (14+),150,1329.99,21.492537313432834
1767,Apple iPhone 14 128GB 512GB Unlocked Verizon iOS AT&T T-Mobile Pristine 5G,iPhone 14,14,False,128.0,128GB,128GB|512GB,False,Used,Second-hand,224.0,$200-399,1.75,,,False,0.0,False,2.0,True,Seller 147,"Houston, Texas, United States",TX,2026-03-29,True,False,False,TX,Standard,Modern (14+),150,1329.99,21.492537313432834
1768,Apple iPhone 14 128GB 256GB Unlocked AT&T T-Mobile 5G LTE iOS WiFi,iPhone 14,14,False,128.0,128GB,128GB|256GB,False,Used,Second-hand,229.0,$200-399,1.7890625,,,False,0.0,False,1.0,True,Seller 403,"Houston, Texas, United States",TX,2026-03-29,True,False,False,TX,Standard,Modern (14+),150,1329.99,21.492537313432834
1769,Apple iPhone 14 128GB 256GB GSM LTE Unlocked Verizon AT&T 5G WiFi,iPhone 14,14,False,128.0,128GB,128GB|256GB,False,Used,Second-hand,221.0,$200-399,1.7265625,,,False,1.0,True,0.0,False,Seller 403,"Houston, Texas, United States",TX,2026-03-29,True,False,False,TX,Standard,Modern (14+),150,1329.99,21.492537313432834
1770,Apple iPhone 14 128GB 256GB Unlocked Verizon AT&T T-Mobile 5G Clean ESN,iPhone 14,14,False,128.0,128GB,128GB|256GB,False,Used,Second-hand,232.0,$200-399,1.8125,,,False,0.0,False,2.0,True,Seller 147,"Houston, Texas, United States",TX,2026-03-29,True,False,False,TX,Standard,Modern (14+),150,1329.99,21.492537313432834
1771,Apple iPhone 14 128GB 256GB 512GB Unlocked AT&T Midnight Stalight 5G,iPhone 14,14,False,128.0,128GB,128GB|256GB|512GB,False,Used,Second-hand,227.0,$200-399,1.7734375,,,False,0.0,False,2.0,True,Seller 147,"Houston, Texas, United States",TX,2026-03-29,True,False,False,TX,Standard,Modern (14+),150,1329.99,21.492537313432834
1772,Apple iPhone 14 Unlocked Verizon AT&T T-Mobile 128GB 5G iOS WiFi,iPhone 14,14,False,128.0,128GB,128GB,False,Used,Second-hand,216.0,$200-399,1.6875,,,False,0.0,False,1.0,True,Seller 403,"Houston, Texas, United States",TX,2026-03-29,True,False,False,TX,Standard,Modern (14+),150,1329.99,21.492537313432834
1773,Apple iPhone 14 128GB 256GB 512GB Unlocked Verizon AT&T iOS 5G LTE,iPhone 14,14,False,128.0,128GB,128GB|256GB|512GB,False,Used,Second-hand,232.0,$200-399,1.8125,,,False,1.0,True,0.0,False,Seller 403,"Houston, Texas, United States",TX,2026-03-29,True,False,False,TX,Standard,Modern (14+),150,1329.99,21.492537313432834
1774,Apple iPhone 14 128GB 256GB 512GB Midnight Blue iOS Unlocked Verizon AT&T,iPhone 14,14,False,128.0,128GB,128GB|256GB|512GB,False,Used,Second-hand,221.0,$200-399,1.7265625,,,False,1.0,True,0.0,False,Seller 147,"Houston, Texas, United States",TX,2026-03-29,True,False,False,TX,Standard,Modern (14+),150,1329.99,21.492537313432834
1775,Apple iPhone 14 128GB 512GB Unlocked Verizon AT&T GSM CDMA 5G,iPhone 14,14,False,128.0,128GB,128GB|512GB,False,Used,Second-hand,243.0,$200-399,1.8984375,,,False,0.0,False,1.0,True,Seller 147,"Houston, Texas, United States",TX,2026-03-29,True,False,False,TX,Standard,Modern (14+),150,1329.99,21.492537313432834
1776,Apple iPhone 14 128GB 256GB AT&T Unlocked Verizon T-Mobile 5G WiFi,iPhone 14,14,False,128.0,128GB,128GB|256GB,False,Used,Second-hand,225.0,$200-399,1.7578125,,,False,0.0,False,10.0,True,Seller 147,"Houston, Texas, United States",TX,2026-03-29,True,False,False,TX,Standard,Modern (14+),150,1329.99,21.492537313432834
1777,Apple iPhone 14 128GB 256GB 512GB Unlocked AT&T Very Good Red Starlight,iPhone 14,14,False,128.0,128GB,128GB|256GB|512GB,False,Used,Second-hand,225.0,$200-399,1.7578125,,,False,0.0,False,1.0,True,Seller 147,"Houston, Texas, United States",TX,2026-03-29,True,False,False,TX,Standard,Modern (14+),150,1329.99,21.492537313432834
1778,Apple iPhone 14 128GB 512GB Unlocked GSM Verizon AT&T T-Mobile 5G,iPhone 14,14,False,128.0,128GB,128GB|512GB,False,Used,Second-hand,229.0,$200-399,1.7890625,,,False,1.0,True,0.0,False,Seller 147,"Houston, Texas, United States",TX,2026-03-29,True,False,False,TX,Standard,Modern (14+),150,1329.99,21.492537313432834
1779,"Apple iPhone 14 128GB 5G - Midnight, Starlight, (PRODUCT)RED - Free Shipping",iPhone 14,14,False,128.0,128GB,128GB,False,Used,Second-hand,230.0,$200-399,1.796875,,,False,1.0,True,0.0,False,Seller 403,"Houston, Texas, United States",TX,2026-03-29,True,False,False,TX,Standard,Modern (14+),150,1329.99,21.492537313432834
1780,Brand New in Sealed Box Apple iPhone 13 MINI A2481 128GB USA Unlocked Smartphone,iPhone 13 Mini,13,False,128.0,128GB,128GB,False,New,Second-hand,321.01,$200-399,2.507890625,,,False,2.0,True,14.0,True,Seller 135,"Los Angeles, California, United States",CA,2026-03-29,True,False,False,CA,Standard,Mid-Gen (12-13),54,491.95,6.462585034013606
1781,"Apple iPhone 12 64GB/128GB - Unlocked, AT&T, T-Mobile, 5G - Free Shipping",iPhone 12,12,False,64.0,64GB,64GB|128GB,False,Used,Second-hand,154.0,<$200,2.40625,,,False,1.0,True,0.0,False,Seller 147,"Houston, Texas, United States",TX,2026-03-29,True,False,False,TX,Standard,Mid-Gen (12-13),284,4428.01,45.073891625615765
1782,"Apple iPhone 13 Pink, Green 128GB/256GB/512GB 5G Unlocked, Free Shipping",iPhone 13,13,False,128.0,128GB,128GB|256GB|512GB,False,Used,Second-hand,218.0,$200-399,1.703125,,,False,0.0,False,1.0,True,Seller 403,"Houston, Texas, United States",TX,2026-03-29,True,False,False,TX,Standard,Mid-Gen (12-13),141,4935.0,20.909090909090907
1783,"Apple iPhone 13 Unlocked 128GB/512GB - Midnight, Starlight, Red SmartPhone",iPhone 13,13,False,128.0,128GB,128GB|512GB,False,Used,Second-hand,205.0,$200-399,1.6015625,,,False,1.0,True,0.0,False,Seller 147,"Houston, Texas, United States",TX,2026-03-29,True,False,False,TX,Standard,Mid-Gen (12-13),141,4935.0,20.909090909090907
1784,"Apple iPhone 14 - 128GB/256GB - Colors: Midnight, Starlight, (PRODUCT)RED | 5G",iPhone 14,14,False,128.0,128GB,128GB|256GB,False,Used,Second-hand,234.0,$200-399,1.828125,,,False,1.0,True,0.0,False,Seller 403,"Houston, Texas, United States",TX,2026-03-29,True,False,False,TX,Standard,Modern (14+),150,1329.99,21.492537313432834
1785,"Apple iPhone 14 Unlocked 128GB/256GB - Midnight, Blue, Yellow, Purple",iPhone 14,14,False,128.0,128GB,128GB|256GB,False,Used,Second-hand,224.0,$200-399,1.75,,,False,1.0,True,0.0,False,Seller 403,"Houston, Texas, United States",TX,2026-03-29,True,False,False,TX,Standard,Modern (14+),150,1329.99,21.492537313432834
1786,Apple iPhone 13 Mini (A2626) - 128GB Unlocked Midnight - 87% Battery - Excellent,iPhone 13 Mini,13,False,128.0,128GB,128GB,False,Used,Second-hand,449.99,$400-599,3.515546875,849.0,47.0,True,2.0,True,2.0,True,Seller 078,"Kitchener, Ontario, Canada",INTL,2026-03-29,True,False,False,INTL,Standard,Mid-Gen (12-13),26,491.95,6.462585034013606
1787,Apple iPhone 13 Mini (A2626) - 128GB Unlocked Pink - 90% Battery - Like New,iPhone 13 Mini,13,False,128.0,128GB,128GB,False,Used,Second-hand,459.99,$400-599,3.593671875,849.0,45.82,True,0.0,False,0.0,False,Seller 078,"Kitchener, Ontario, Canada",INTL,2026-03-29,True,False,False,INTL,Standard,Mid-Gen (12-13),26,491.95,6.462585034013606
1788,Apple iPhone 13 Mini (A2626) - 128GB Factory Unlocked Blue - Good Condition,iPhone 13 Mini,13,False,128.0,128GB,128GB,False,Used,Second-hand,429.99,$400-599,3.359296875,849.0,49.35,True,0.0,False,0.0,False,Seller 078,"Kitchener, Ontario, Canada",INTL,2026-03-29,True,False,False,INTL,Standard,Mid-Gen (12-13),26,491.95,6.462585034013606
1789,"Apple iPhone 13 128GB/512GB - Unlocked - Midnight, Starlight, Blue - Free Ship",iPhone 13,13,False,128.0,128GB,128GB|512GB,False,Used,Second-hand,218.0,$200-399,1.703125,,,False,0.0,False,2.0,True,Seller 147,"Houston, Texas, United States",TX,2026-03-29,True,False,False,TX,Standard,Mid-Gen (12-13),141,4935.0,20.909090909090907
1790,Apple iPhone 15 Plus 128GB Blue (Unlocked) SmartPhone - Excellent,iPhone 15 Plus,15,False,128.0,128GB,128GB,False,Excellent - Refurbished,Refurbished,457.99,$400-599,3.578046875,,,False,10.0,True,0.0,False,Seller 182,"Prospect Heights, Illinois, United States",IL,2026-03-29,True,False,False,IL,Standard,Modern (14+),1,88.0,25.0
1791,"Apple iPhone 13 128GB/256GB - Very Good Condition - Verizon, AT&T, T-Mobile",iPhone 13,13,False,128.0,128GB,128GB|256GB,False,Used,Second-hand,220.0,$200-399,1.71875,,,False,0.0,False,4.0,True,Seller 147,"Houston, Texas, United States",TX,2026-03-29,True,False,False,TX,Standard,Mid-Gen (12-13),141,4935.0,20.909090909090907
1792,New Sealed Apple iPhone 13 Mini Factory Unlocked 256G/128 ALL Carrier Fast Ship,iPhone 13 Mini,13,False,,Tidak Diketahui,,False,New,Second-hand,321.01,$200-399,,402.51,20.25,True,2.0,True,6.0,True,Seller 135,"Los Angeles, California, United States",CA,2026-03-29,True,False,False,CA,Standard,Mid-Gen (12-13),54,491.95,6.462585034013606
1793,Factory New Sealed Apple iPhone 13 MINI A2481 128/256GB Fully Unlocked GSM+CDMA,iPhone 13 Mini,13,False,256.0,256GB,256GB,False,New,Second-hand,321.01,$200-399,1.2539453125,,,False,2.0,True,3.0,True,Seller 135,"Whippany, New Jersey, United States",NJ,2026-03-29,True,False,False,NJ,Standard,Mid-Gen (12-13),151,491.95,6.462585034013606
1794,New sealed Apple iPhone 13 MINI A2481 128/256GB Unlocked 5.4'' All colors+memory,iPhone 13 Mini,13,False,256.0,256GB,256GB,False,New,Second-hand,321.01,$200-399,1.2539453125,,,False,2.0,True,2.0,True,Seller 135,"Whippany, New Jersey, United States",NJ,2026-03-29,True,False,False,NJ,Standard,Mid-Gen (12-13),151,491.95,6.462585034013606
1795,New sealed Apple iPhone 13 MINI A2481 128/256/512GB Unlocked 5.4''12MPAll colors,iPhone 13 Mini,13,False,512.0,512GB,512GB,False,New,Second-hand,321.01,$200-399,0.62697265625,,,False,2.0,True,3.0,True,Seller 135,"Whippany, New Jersey, United States",NJ,2026-03-29,True,False,False,NJ,Standard,Mid-Gen (12-13),151,491.95,6.462585034013606
1796,✅New in box Apple iPhone 13 MINI A2481 128/256/512GB Unlocked 5.4''Free Shipping,iPhone 13 Mini,13,False,512.0,512GB,512GB,False,New,Second-hand,321.01,$200-399,0.62697265625,,,False,2.0,True,3.0,True,Seller 135,"Whippany, New Jersey, United States",NJ,2026-03-29,True,False,False,NJ,Standard,Mid-Gen (12-13),151,491.95,6.462585034013606
1797,New Sealed Apple iPhone 13 MINI A2481 128/256/512GB Fully Unlocked 2 YR WARRANTY,iPhone 13 Mini,13,False,512.0,512GB,512GB,False,New,Second-hand,321.01,$200-399,0.62697265625,402.51,20.25,True,2.0,True,47.0,True,Seller 135,"Whippany, New Jersey, United States",NJ,2026-03-29,True,False,False,NJ,Standard,Mid-Gen (12-13),151,491.95,6.462585034013606
1798,"NEW Apple iPhone 13 Mini 128GB 256GB 5.4"" Unlocked in SEALED BOX US Fast Ship 5G",iPhone 13 Mini,13,False,128.0,128GB,128GB|256GB,False,New,Second-hand,321.01,$200-399,2.507890625,,,False,2.0,True,0.0,False,Seller 135,"Austin, Texas, United States",TX,2026-03-29,True,False,False,TX,Standard,Mid-Gen (12-13),12,491.95,6.462585034013606
1799,Apple iPhone 12 Unlocked 64GB/128GB - Black/Blue/Green - Free Shipping!,iPhone 12,12,False,64.0,64GB,64GB|128GB,False,Used,Second-hand,146.0,<$200,2.28125,,,False,1.0,True,0.0,False,Seller 403,"Houston, Texas, United States",TX,2026-03-29,True,False,False,TX,Standard,Mid-Gen (12-13),284,4428.01,45.073891625615765
1800,"Apple iPhone 14 Mint - 128GB/256GB/512GB, Starlight, Midnight, Verizon Unlocked",iPhone 14,14,False,128.0,128GB,128GB|256GB|512GB,False,Used,Second-hand,241.0,$200-399,1.8828125,,,False,0.0,False,1.0,True,Seller 147,"Houston, Texas, United States",TX,2026-03-29,True,False,False,TX,Standard,Modern (14+),150,1329.99,21.492537313432834
1801,"Apple iPhone 14 128GB/256GB/512GB Unlocked - Midnight, Starlight, (PRODUCT)RED",iPhone 14,14,False,128.0,128GB,128GB|256GB|512GB,False,Used,Second-hand,225.0,$200-399,1.7578125,,,False,1.0,True,0.0,False,Seller 403,"Houston, Texas, United States",TX,2026-03-29,True,False,False,TX,Standard,Modern (14+),150,1329.99,21.492537313432834
1802,"Apple iPhone 13 - Mint - 128GB/256GB - Verizon, Unlocked - Free Shipping",iPhone 13,13,False,128.0,128GB,128GB|256GB,False,Used,Second-hand,226.0,$200-399,1.765625,,,False,0.0,False,3.0,True,Seller 403,"Houston, Texas, United States",TX,2026-03-29,True,False,False,TX,Standard,Mid-Gen (12-13),141,4935.0,20.909090909090907
1803,"Apple iPhone 13 128GB/512GB Unlocked - Verizon, T-Mobile - Free Shipping",iPhone 13,13,False,128.0,128GB,128GB|512GB,False,Used,Second-hand,221.0,$200-399,1.7265625,,,False,0.0,False,1.0,True,Seller 403,"Houston, Texas, United States",TX,2026-03-29,True,False,False,TX,Standard,Mid-Gen (12-13),141,4935.0,20.909090909090907
1804,"iPhone 13 128GB/512GB Unlocked - Verizon/AT&T - Midnight, Blue, Pink, Green!",iPhone 13,13,False,128.0,128GB,128GB|512GB,False,Used,Second-hand,204.0,$200-399,1.59375,,,False,1.0,True,0.0,False,Seller 147,"Houston, Texas, United States",TX,2026-03-29,True,False,False,TX,Standard,Mid-Gen (12-13),141,4935.0,20.909090909090907
1805,Apple iPhone 14 Unlocked Verizon GSM/CDMA 5G - 128GB 256GB 512GB,iPhone 14,14,False,128.0,128GB,128GB|256GB|512GB,False,Used,Second-hand,225.0,$200-399,1.7578125,,,False,1.0,True,0.0,False,Seller 147,"Houston, Texas, United States",TX,2026-03-29,True,False,False,TX,Standard,Modern (14+),150,1329.99,21.492537313432834
1806,"Apple iPhone 12 128GB/64GB Unlocked - Black, Blue, Red - Very Good Condition!",iPhone 12,12,False,64.0,64GB,64GB|128GB,False,Used,Second-hand,156.0,<$200,2.4375,,,False,1.0,True,0.0,False,Seller 403,"Houston, Texas, United States",TX,2026-03-29,True,False,False,TX,Standard,Mid-Gen (12-13),284,4428.01,45.073891625615765
1807,"Apple iPhone 12 Unlocked 64GB/128GB - Black, Blue, Green, Red - AT&T, Verizon",iPhone 12,12,False,64.0,64GB,64GB|128GB,False,Used,Second-hand,164.0,<$200,2.5625,,,False,1.0,True,0.0,False,Seller 147,"Houston, Texas, United States",TX,2026-03-29,True,False,False,TX,Standard,Mid-Gen (12-13),284,4428.01,45.073891625615765
1808,"Apple iPhone 12 Unlocked 64GB/128GB - Black, Blue, Green, Red - Free Shipping!",iPhone 12,12,False,64.0,64GB,64GB|128GB,False,Used,Second-hand,152.0,<$200,2.375,,,False,1.0,True,0.0,False,Seller 403,"Houston, Texas, United States",TX,2026-03-29,True,False,False,TX,Standard,Mid-Gen (12-13),284,4428.01,45.073891625615765
1809,"Apple iPhone 12 64GB AT&T - Green, Black, Blue - 5G, Free Shipping & Returns",iPhone 12,12,False,64.0,64GB,64GB,False,Used,Second-hand,239.0,$200-399,3.734375,,,False,1.0,True,0.0,False,Seller 147,"Houston, Texas, United States",TX,2026-03-29,True,False,False,TX,Standard,Mid-Gen (12-13),284,4428.01,45.073891625615765
1810,Apple iPhone 13 Unlocked 128/256GB Midnight/Black/Blue/Red - Free Shipping!,iPhone 13,13,False,256.0,256GB,256GB,False,Used,Second-hand,224.0,$200-399,0.875,,,False,0.0,False,1.0,True,Seller 403,"Houston, Texas, United States",TX,2026-03-29,True,False,False,TX,Standard,Mid-Gen (12-13),141,4935.0,20.909090909090907
1811,"Apple iPhone 14 - Unlocked, 128GB/256GB, Att Various Colors, Good Condition",iPhone 14,14,False,128.0,128GB,128GB|256GB,False,Used,Second-hand,235.0,$200-399,1.8359375,,,False,0.0,False,1.0,True,Seller 403,"Houston, Texas, United States",TX,2026-03-29,True,False,False,TX,Standard,Modern (14+),150,1329.99,21.492537313432834
1812,"Apple iPhone 14 128GB/512GB Midnight, Starlight, (PRODUCT)RED 5G - Free Ship",iPhone 14,14,False,128.0,128GB,128GB|512GB,False,Used,Second-hand,220.0,$200-399,1.71875,,,False,1.0,True,0.0,False,Seller 403,"Houston, Texas, United States",TX,2026-03-29,True,False,False,TX,Standard,Modern (14+),150,1329.99,21.492537313432834
1813,iPhone 14 - Mint - 128GB/256GB - Unlocked & Verizon - Yellow/Purple/Blue,iPhone 14,14,False,128.0,128GB,128GB|256GB,False,Used,Second-hand,223.0,$200-399,1.7421875,,,False,0.0,False,1.0,True,Seller 147,"Houston, Texas, United States",TX,2026-03-29,True,False,False,TX,Standard,Modern (14+),150,1329.99,21.492537313432834
1814,"Apple iPhone 12 - Blue, Green, Red, 128GB 64GB- T-Mobile Verizon Unlocked",iPhone 12,12,False,64.0,64GB,64GB|128GB,False,Used,Second-hand,158.0,<$200,2.46875,,,False,0.0,False,1.0,True,Seller 147,"Houston, Texas, United States",TX,2026-03-29,True,False,False,TX,Standard,Mid-Gen (12-13),284,4428.01,45.073891625615765
1815,"Apple iPhone 12 64GB - Black, Blue, Green - Verizon, T-Mobile, GOOD!",iPhone 12,12,False,64.0,64GB,64GB,False,Used,Second-hand,153.0,<$200,2.390625,,,False,1.0,True,0.0,False,Seller 147,"Houston, Texas, United States",TX,2026-03-29,True,False,False,TX,Standard,Mid-Gen (12-13),284,4428.01,45.073891625615765
1816,"Apple iPhone 13 - Starlight, Pink, Midnight | 128GB/256GB - Unlocked, Free Ship",iPhone 13,13,False,128.0,128GB,128GB|256GB,False,Used,Second-hand,225.0,$200-399,1.7578125,,,False,0.0,False,2.0,True,Seller 147,"Houston, Texas, United States",TX,2026-03-29,True,False,False,TX,Standard,Mid-Gen (12-13),141,4935.0,20.909090909090907
1817,"Apple iPhone 13 5G 128GB/256GB/512GB - Mint Condition, Midnight Black/Blue",iPhone 13,13,False,128.0,128GB,128GB|256GB|512GB,False,Used,Second-hand,210.0,$200-399,1.640625,,,False,0.0,False,1.0,True,Seller 403,"Houston, Texas, United States",TX,2026-03-29,True,False,False,TX,Standard,Mid-Gen (12-13),141,4935.0,20.909090909090907
1818,"Apple iPhone 14 128GB Unlocked - Blue, Red, 5G - Verizon, AT&T, T-Mobile",iPhone 14,14,False,128.0,128GB,128GB,False,Used,Second-hand,237.0,$200-399,1.8515625,,,False,1.0,True,0.0,False,Seller 403,"Houston, Texas, United States",TX,2026-03-29,True,False,False,TX,Standard,Modern (14+),150,1329.99,21.492537313432834
1819,Apple iPhone 13 - T-Mobile - 6.1in - 128GB - Very Good,iPhone 13,13,False,128.0,128GB,128GB,False,Very Good - Refurbished,Refurbished,595.0,$400-599,4.6484375,,,False,1.0,True,0.0,False,Seller 387,"Linden, New Jersey, United States",NJ,2026-03-29,True,False,False,NJ,Standard,Mid-Gen (12-13),28,4935.0,20.909090909090907
1820,"Apple iPhone 13 - At&t - 128GB - 6.1"" -Very Good",iPhone 13,13,False,128.0,128GB,128GB,False,Very Good - Refurbished,Refurbished,320.0,$200-399,2.5,615.0,47.97,True,0.0,False,3.0,True,Seller 387,"Linden, New Jersey, United States",NJ,2026-03-29,True,False,False,NJ,Standard,Mid-Gen (12-13),28,4935.0,20.909090909090907
1821,Apple Iphone 13 Mini A2481 128/256/512GB Factory Unlocked Verizon T-Mobile At&T,iPhone 13 Mini,13,False,512.0,512GB,512GB,False,New,Second-hand,323.99,$200-399,0.63279296875,,,False,5.0,True,0.0,False,Seller 053,"Shenzhen, China",INTL,2026-03-29,True,False,False,INTL,Standard,Mid-Gen (12-13),26,491.95,6.462585034013606
1822,"Apple iPhone 13 Fully Unlocked - All Colors - 128GB - 6.1""",iPhone 13,13,False,128.0,128GB,128GB,False,Used,Second-hand,264.0,$200-399,2.0625,379.99,30.52,True,0.0,False,20.0,True,Seller 387,"Linden, New Jersey, United States",NJ,2026-03-29,True,False,False,NJ,Standard,Mid-Gen (12-13),28,4935.0,20.909090909090907
1823,"Apple iPhone 13 Mini - Fully Unlocked - 128GB - 5.4"" - Good",iPhone 13 Mini,13,False,128.0,128GB,128GB,False,Good - Refurbished,Refurbished,249.0,$200-399,1.9453125,647.99,61.57,True,2.0,True,4.0,True,Seller 387,"Linden, New Jersey, United States",NJ,2026-03-29,True,False,False,NJ,Standard,Mid-Gen (12-13),151,491.95,6.462585034013606
1824,Apple iPhone 13 mini 128GB Factory Unlocked Black Very Good Condition,iPhone 13 Mini,13,False,128.0,128GB,128GB,False,Very Good - Refurbished,Refurbished,305.67,$200-399,2.388046875,,,False,9.0,True,10.0,True,Seller 081,"Owings Mills, Maryland, United States",MD,2026-03-29,True,False,False,MD,Standard,Mid-Gen (12-13),2,491.95,6.462585034013606
1825,"Apple iPhone 13 Mini - Fully Unlocked - 5.4"" - 128GB - Good",iPhone 13 Mini,13,False,128.0,128GB,128GB,False,Good - Refurbished,Refurbished,299.0,$200-399,2.3359375,569.0,47.45,True,0.0,False,73.0,True,Seller 387,"Linden, New Jersey, United States",NJ,2026-03-29,True,False,False,NJ,Standard,Mid-Gen (12-13),151,491.95,6.462585034013606
1826,"Apple iPhone 13 Mini - Fully Unlocked - 5.4"" - 128GB - Excellent",iPhone 13 Mini,13,False,128.0,128GB,128GB,False,Very Good - Refurbished,Refurbished,319.0,$200-399,2.4921875,599.0,46.74,True,0.0,False,235.0,True,Seller 387,"Linden, New Jersey, United States",NJ,2026-03-29,True,False,False,NJ,Standard,Mid-Gen (12-13),151,491.95,6.462585034013606
1827,Apple iPhone 16 128GB 256GB Verizon AT&T T-Mobile Fully Unlocked 5G Smartphone,iPhone 16,16,False,128.0,128GB,128GB|256GB,False,Excellent - Refurbished,Refurbished,569.95,$400-599,4.452734375,,,False,10.0,True,20.0,True,Seller 045,"Harriman, New York, United States",NY,2026-03-29,True,False,False,NY,Standard,Modern (14+),19,639.5,7.207207207207207
1828,"New Sealed Apple iPhone 13 MINI A2481 128GB 256GB 512GB 5.4"" Unlocked Smartphone",iPhone 13 Mini,13,False,128.0,128GB,128GB|256GB|512GB,False,New,Second-hand,321.99,$200-399,2.515546875,,,False,2.0,True,0.0,False,Seller 291,"Whippany, New Jersey, United States",NJ,2026-03-29,True,False,False,NJ,Standard,Mid-Gen (12-13),151,491.95,6.462585034013606
1829,Apple iPhone 17 Pro Max 256GB Unlocked Very Good All Colors,iPhone 17 Pro Max,17,True,256.0,256GB,256GB,False,Very Good - Refurbished,Refurbished,1148.88,$900-1299,4.4878125,,,False,0.0,False,1752.0,True,Seller 195,"Fort Worth, Texas, United States",TX,2026-03-29,True,False,False,TX,Pro,Modern (14+),19,2710.0,8.176100628930817
1830,Apple iPhone 17 Pro Max 512GB Unlocked Good All Colors,iPhone 17 Pro Max,17,True,512.0,512GB,512GB,False,Good - Refurbished,Refurbished,1364.8,$1300+,2.665625,1399.0,2.44,True,9.0,True,58.0,True,Seller 195,"Fort Worth, Texas, United States",TX,2026-03-29,True,False,False,TX,Pro,Modern (14+),19,2710.0,8.176100628930817
1831,Apple iPhone 17 Pro Max 512GB Unlocked Very Good All Colors,iPhone 17 Pro Max,17,True,512.0,512GB,512GB,False,Very Good - Refurbished,Refurbished,1275.88,$900-1299,2.491953125,,,False,10.0,True,299.0,True,Seller 195,"Fort Worth, Texas, United States",TX,2026-03-29,True,False,False,TX,Pro,Modern (14+),19,2710.0,8.176100628930817
1832,Apple iPhone 17 512GB Unlocked Good All Colors,iPhone 17,17,False,512.0,512GB,512GB,False,Good - Refurbished,Refurbished,999.03,$900-1299,1.95123046875,,,False,7.0,True,0.0,False,Seller 195,"Fort Worth, Texas, United States",TX,2026-03-29,True,False,False,TX,Standard,Modern (14+),23,1000.99,7.857142857142857
1833,Apple iPhone 17 512GB Unlocked Very Good All Colors,iPhone 17,17,False,512.0,512GB,512GB,False,Very Good - Refurbished,Refurbished,931.96,$900-1299,1.820234375,,,False,10.0,True,1.0,True,Seller 195,"Fort Worth, Texas, United States",TX,2026-03-29,True,False,False,TX,Standard,Modern (14+),23,1000.99,7.857142857142857
1834,Apple iPhone 17 256GB Unlocked Good All Colors,iPhone 17,17,False,256.0,256GB,256GB,False,Good - Refurbished,Refurbished,661.03,$600-899,2.5821484375,799.0,17.27,True,10.0,True,175.0,True,Seller 195,"Fort Worth, Texas, United States",TX,2026-03-29,True,False,False,TX,Standard,Modern (14+),23,1000.99,7.857142857142857
1835,Apple iPhone 17 256GB Unlocked Very Good All Colors,iPhone 17,17,False,256.0,256GB,256GB,False,Very Good - Refurbished,Refurbished,669.86,$600-899,2.616640625,,,False,10.0,True,218.0,True,Seller 195,"Fort Worth, Texas, United States",TX,2026-03-29,True,False,False,TX,Standard,Modern (14+),23,1000.99,7.857142857142857
1836,Apple iPhone 17 256GB Unlocked Excellent All Colors,iPhone 17,17,False,256.0,256GB,256GB,False,Excellent - Refurbished,Refurbished,743.81,$600-899,2.9055078125,799.0,6.91,True,10.0,True,60.0,True,Seller 195,"Fort Worth, Texas, United States",TX,2026-03-29,True,False,False,TX,Standard,Modern (14+),23,1000.99,7.857142857142857
1837,Apple iPhone 15 128/256/512GB Unlocked Excellent All Colors,iPhone 15,15,False,512.0,512GB,512GB,False,Excellent - Refurbished,Refurbished,412.86,$400-599,0.8063671875,799.99,48.39,True,0.0,False,222.0,True,Seller 195,"Fort Worth, Texas, United States",TX,2026-03-29,True,False,False,TX,Standard,Modern (14+),5,171.96000000000004,13.636363636363635
1838,Factory New Sealed Box Apple iPhone 13 MINI A2481 128/256G Unlocked ALL GSM+CDMA,iPhone 13 Mini,13,False,,Tidak Diketahui,,False,New,Second-hand,321.01,$200-399,,,,False,2.0,True,0.0,False,Seller 512,"Austin, Texas, United States",TX,2026-03-29,True,False,False,TX,Standard,Mid-Gen (12-13),12,491.95,6.462585034013606
1839,Apple iPhone 15 128/256/512GB Unlocked Very Good All Colors,iPhone 15,15,False,512.0,512GB,512GB,False,Very Good - Refurbished,Refurbished,384.03,$200-399,0.75005859375,799.99,52.0,True,0.0,False,930.0,True,Seller 195,"Fort Worth, Texas, United States",TX,2026-03-29,True,False,False,TX,Standard,Modern (14+),5,171.96000000000004,13.636363636363635
1840,Apple iPhone 14+ Plus Verizon AT&T T-Mobile GSM Factory Unlocked Phone 5G Good,iPhone 14,14,False,,Tidak Diketahui,,False,Used,Second-hand,294.95,$200-399,,,,False,32.0,True,3.0,True,Seller 045,"Harriman, New York, United States",NY,2026-03-29,True,False,False,NY,Standard,Modern (14+),29,1329.99,21.492537313432834
1841,"Apple iPhone 12 Purple Green 128GB/64GB - Unlocked, AT&T, Verizon, T-Mobile",iPhone 12,12,False,64.0,64GB,64GB|128GB,False,Used,Second-hand,163.0,<$200,2.546875,,,False,1.0,True,0.0,False,Seller 403,"Houston, Texas, United States",TX,2026-03-29,True,False,False,TX,Standard,Mid-Gen (12-13),284,4428.01,45.073891625615765
1842,Factory Unlocked Apple iPhone 14 128GB Midnight MPUD3VC/A,iPhone 14,14,False,128.0,128GB,128GB,False,Used,Second-hand,344.99,$200-399,2.695234375,,,False,0.0,False,0.0,False,Seller 126,"Kitchener, Canada",INTL,2026-03-29,True,False,False,INTL,Standard,Modern (14+),16,1329.99,21.492537313432834
1843,Apple Iphone 13,iPhone 13,13,False,,Tidak Diketahui,,False,New,Second-hand,300.0,$200-399,,,,False,0.0,False,0.0,False,Seller 488,"Bellflower, California, United States",CA,2026-03-29,True,False,False,CA,Standard,Mid-Gen (12-13),22,4935.0,20.909090909090907
1844,Apple iPhone 12 Pro Max-4G/5G (WHITE) 128GB-Unlocked! w/AppleCare Dual Sim,iPhone 12 Pro Max,12,True,128.0,128GB,128GB,False,Used,Second-hand,325.0,$200-399,2.5390625,,,False,0.0,False,0.0,False,Seller 293,"New Bern, North Carolina, United States",NC,2026-03-29,True,False,False,NC,Pro,Mid-Gen (12-13),2,4867.01,4.6875
1845,Apple iPhone 16 128GB 256GB Unlocked Smartphone - All Colors - Good,iPhone 16,16,False,128.0,128GB,128GB|256GB,False,Good - Refurbished,Refurbished,549.99,$400-599,4.296796875,,,False,10.0,True,23.0,True,Seller 089,"Moonachie, New Jersey, United States",NJ,2026-03-29,True,False,False,NJ,Standard,Modern (14+),4,639.5,7.207207207207207
1846,Apple iPhone 12 Pro Max 128GB 256GB 512GB Unlocked Smartphone - All Colors,iPhone 12 Pro Max,12,True,128.0,128GB,128GB|256GB|512GB,False,Good - Refurbished,Refurbished,309.99,$200-399,2.421796875,,,False,0.0,False,204.0,True,Seller 089,"Moonachie, New Jersey, United States",NJ,2026-03-29,True,False,False,NJ,Pro,Mid-Gen (12-13),8,4867.01,4.6875
1847,Apple iPhone 16 - 128 GB - White (Unlocked),iPhone 16,16,False,128.0,128GB,128GB,False,New,Second-hand,699.99,$600-899,5.468671875,,,False,0.0,False,0.0,False,Seller 454,"Fullerton, California, United States",CA,2026-03-29,True,False,False,CA,Standard,Modern (14+),14,639.5,7.207207207207207
1848,Unlocked Apple iPhone 13 Mini 256GB 26.4 Product Red ML9K3LL/A,iPhone 13 Mini,13,False,256.0,256GB,256GB,False,Used,Second-hand,229.99,$200-399,0.8983984375,,,False,0.0,False,0.0,False,Seller 127,"Malvern, Pennsylvania, United States",PA,2026-03-29,True,False,False,PA,Standard,Mid-Gen (12-13),2,491.95,6.462585034013606
1849,Apple iPhone 14 Pro Max - Factory Unlocked - 1TB - Space Black - Good Condition,iPhone 14 Pro Max,14,True,1024.0,1024GB,1024GB,False,Used,Second-hand,597.99,$400-599,0.583974609375,,,False,2.0,True,0.0,False,Seller 178,"La Puente, California, United States",CA,2026-03-29,True,False,False,CA,Pro,Modern (14+),58,2750.0,8.085106382978724
1850,Factory Unlocked - Apple iPhone 14 Plus A2632 Midnight Black 128GB - A GRADE,iPhone 14 Plus,14,False,128.0,128GB,128GB,False,Used,Second-hand,359.99,$200-399,2.812421875,,,False,2.0,True,0.0,False,Seller 178,"La Puente, California, United States",CA,2026-03-29,True,False,False,CA,Standard,Modern (14+),19,3410.0,31.343283582089555
1851,Apple iPhone 14 Pro Max Fully Unlocked - 128GB - 6.7in,iPhone 14 Pro Max,14,True,128.0,128GB,128GB,False,Good - Refurbished,Refurbished,569.0,$400-599,4.4453125,599.0,5.01,True,1.0,True,0.0,False,Seller 387,"Linden, New Jersey, United States",NJ,2026-03-29,True,False,False,NJ,Pro,Modern (14+),73,2750.0,8.085106382978724
1852,Apple iPhone 14 Pro Max - Factory Unlocked - 256GB - Gold - B GRADE,iPhone 14 Pro Max,14,True,256.0,256GB,256GB,False,Used,Second-hand,567.99,$400-599,2.2187109375,,,False,0.0,False,0.0,False,Seller 178,"La Puente, California, United States",CA,2026-03-29,True,False,False,CA,Pro,Modern (14+),58,2750.0,8.085106382978724
1853,Apple iPhone 14 Pro Max A2651 - Factory Unlocked - 1TB - Space Black - A GRADE,iPhone 14 Pro Max,14,True,1024.0,1024GB,1024GB,False,Used,Second-hand,638.99,$600-899,0.624013671875,,,False,2.0,True,0.0,False,Seller 178,"La Puente, California, United States",CA,2026-03-29,True,False,False,CA,Pro,Modern (14+),58,2750.0,8.085106382978724
1854,FACTORY UNLOCKED - Apple iPhone 14 Plus 128GB - Black Purple Blue Red - A GRADE,iPhone 14 Plus,14,False,128.0,128GB,128GB,False,Used,Second-hand,332.99,$200-399,2.601484375,,,False,2.0,True,0.0,False,Seller 178,"La Puente, California, United States",CA,2026-03-29,True,False,False,CA,Standard,Modern (14+),19,3410.0,31.343283582089555
1855,Apple iPhone 14 Pro Max A2651 - 256GB Factory Unlocked - All Colors - A GRADE,iPhone 14 Pro Max,14,True,256.0,256GB,256GB,False,Used,Second-hand,613.99,$600-899,2.3983984375,,,False,1.0,True,0.0,False,Seller 178,"La Puente, California, United States",CA,2026-03-29,True,False,False,CA,Pro,Modern (14+),58,2750.0,8.085106382978724
1856,"Apple iPhone 17 Pro Max 6.9"" 256GB 512GB 1TB 2TB Unlocked - Brand New (Sealed)",iPhone 17 Pro Max,17,True,256.0,256GB,256GB|512GB|1024GB|2048GB,False,New,Second-hand,1440.0,$1300+,5.625,,,False,0.0,False,45.0,True,Seller 185,"Seattle, Washington, United States",WA,2026-03-29,True,False,False,WA,Pro,Modern (14+),7,2710.0,8.176100628930817
1857,Broken Unlocked Apple iPhone 14 Plus MQ3X3LL/A 256GB Cracked Front and Back,iPhone 14 Plus,14,False,256.0,256GB,256GB,False,For Parts Or Not Working,Damaged,229.99,$200-399,0.8983984375,,,False,0.0,False,0.0,False,Seller 121,"Brookfield, Wisconsin, United States",WI,2026-03-29,True,False,False,WI,Standard,Modern (14+),2,3410.0,31.343283582089555
1858,Apple iPhone 14 Plus A2632 (Unlocked) - 128GB All Colors - OPEN BOX,iPhone 14 Plus,14,False,128.0,128GB,128GB,False,Open Box,Like New,363.99,$200-399,2.843671875,,,False,3.0,True,14.0,True,Seller 178,"La Puente, California, United States",CA,2026-03-29,True,False,False,CA,Standard,Modern (14+),19,3410.0,31.343283582089555
1859,Broken Unlocked Apple iPhone 13 128GB MLMN3LL/A Cracked Back and touch delay,iPhone 13,13,False,128.0,128GB,128GB,False,For Parts Or Not Working,Damaged,174.99,<$200,1.367109375,,,False,0.0,False,0.0,False,Seller 121,"Brookfield, Wisconsin, United States",WI,2026-03-29,True,False,False,WI,Standard,Mid-Gen (12-13),2,4935.0,20.909090909090907
1860,Factory Unlocked Apple iPhone 13 128GB Midnight MNLC3VC/A,iPhone 13,13,False,128.0,128GB,128GB,False,Used,Second-hand,329.99,$200-399,2.578046875,,,False,0.0,False,0.0,False,Seller 126,"Kitchener, Canada",INTL,2026-03-29,True,False,False,INTL,Standard,Mid-Gen (12-13),17,4935.0,20.909090909090907
1861,Factory Unlocked Apple iPhone 14 128GB Midnight MPUD3VC/A,iPhone 14,14,False,128.0,128GB,128GB,False,Used,Second-hand,428.99,$400-599,3.351484375,,,False,0.0,False,0.0,False,Seller 126,"Kitchener, Canada",INTL,2026-03-29,True,False,False,INTL,Standard,Modern (14+),16,1329.99,21.492537313432834
1862,"Apple iPhone 14: 128GB/256GB - Midnight, Starlight, Purple | 5G - Free Shipping",iPhone 14,14,False,128.0,128GB,128GB|256GB,False,Used,Second-hand,224.0,$200-399,1.75,,,False,1.0,True,0.0,False,Seller 147,"Houston, Texas, United States",TX,2026-03-29,True,False,False,TX,Standard,Modern (14+),150,1329.99,21.492537313432834
1863,"Apple iPhone 12 - Black, Blue, Green, Red - 64/128GB - Unlocked - Free Shipping",iPhone 12,12,False,128.0,128GB,128GB,False,Used,Second-hand,154.0,<$200,1.203125,,,False,1.0,True,0.0,False,Seller 147,"Houston, Texas, United States",TX,2026-03-29,True,False,False,TX,Standard,Mid-Gen (12-13),284,4428.01,45.073891625615765
1864,"Apple iPhone 14 Unlocked - 128GB/256GB/512GB - Midnight Blue Purple, T-Mobile",iPhone 14,14,False,128.0,128GB,128GB|256GB|512GB,False,Used,Second-hand,230.0,$200-399,1.796875,,,False,0.0,False,1.0,True,Seller 147,"Houston, Texas, United States",TX,2026-03-29,True,False,False,TX,Standard,Modern (14+),150,1329.99,21.492537313432834
1865,Apple iPhone 13 512GB/128GB Unlocked Starlight/Green/Red - Mint Condition!,iPhone 13,13,False,128.0,128GB,128GB|512GB,False,Used,Second-hand,215.0,$200-399,1.6796875,,,False,0.0,False,2.0,True,Seller 403,"Houston, Texas, United States",TX,2026-03-29,True,False,False,TX,Standard,Mid-Gen (12-13),141,4935.0,20.909090909090907
1866,"Apple iPhone 14 - 128GB/256GB - Mint Condition - 5G iOS, Verizon, Red Blue Whit",iPhone 14,14,False,128.0,128GB,128GB|256GB,False,Used,Second-hand,229.0,$200-399,1.7890625,,,False,1.0,True,0.0,False,Seller 403,"Houston, Texas, United States",TX,2026-03-29,True,False,False,TX,Standard,Modern (14+),150,1329.99,21.492537313432834
1867,"Apple iPhone 14 Plus 128GB/256GB - Midnight, Starlight, (PRODUCT)RED, Blue 5G",iPhone 14 Plus,14,False,128.0,128GB,128GB|256GB,False,Used,Second-hand,252.0,$200-399,1.96875,,,False,0.0,False,1.0,True,Seller 147,"Houston, Texas, United States",TX,2026-03-29,True,False,False,TX,Standard,Modern (14+),14,3410.0,31.343283582089555
1868,"Apple iPhone 14 Plus 128GB/256GB - Unlocked, Midnight, Starlight, (PRODUCT)RED",iPhone 14 Plus,14,False,128.0,128GB,128GB|256GB,False,Used,Second-hand,268.0,$200-399,2.09375,,,False,0.0,False,1.0,True,Seller 147,"Houston, Texas, United States",TX,2026-03-29,True,False,False,TX,Standard,Modern (14+),14,3410.0,31.343283582089555
1869,"Apple iPhone 12 5G Unlocked - 128GB & 64GB, Black/Blue/Green, Very Good!",iPhone 12,12,False,64.0,64GB,64GB|128GB,False,Used,Second-hand,155.0,<$200,2.421875,,,False,1.0,True,0.0,False,Seller 403,"Houston, Texas, United States",TX,2026-03-29,True,False,False,TX,Standard,Mid-Gen (12-13),284,4428.01,45.073891625615765
1870,"Apple iPhone 13 128GB/256GB/512GB 5G - Midnight Black, Pink - GOOD!",iPhone 13,13,False,128.0,128GB,128GB|256GB|512GB,False,Used,Second-hand,209.0,$200-399,1.6328125,,,False,1.0,True,0.0,False,Seller 147,"Houston, Texas, United States",TX,2026-03-29,True,False,False,TX,Standard,Mid-Gen (12-13),141,4935.0,20.909090909090907
1871,"Apple iPhone 14 128GB/256GB/512GB Midnight, Starlight, (PRODUCT)RED 5G",iPhone 14,14,False,128.0,128GB,128GB|256GB|512GB,False,Used,Second-hand,220.0,$200-399,1.71875,,,False,1.0,True,0.0,False,Seller 403,"Houston, Texas, United States",TX,2026-03-29,True,False,False,TX,Standard,Modern (14+),150,1329.99,21.492537313432834
1872,"Apple iPhone 13 - 128GB/256GB/512GB - Unlocked, 5G - Midnight Green Red",iPhone 13,13,False,128.0,128GB,128GB|256GB|512GB,False,Used,Second-hand,206.0,$200-399,1.609375,,,False,1.0,True,0.0,False,Seller 147,"Houston, Texas, United States",TX,2026-03-29,True,False,False,TX,Standard,Mid-Gen (12-13),141,4935.0,20.909090909090907
1873,"Apple iPhone 14 Unlocked - Good Battery, Midnight/Starlight, RED, 128/256GB",iPhone 14,14,False,256.0,256GB,256GB,False,Used,Second-hand,222.0,$200-399,0.8671875,,,False,0.0,False,2.0,True,Seller 147,"Houston, Texas, United States",TX,2026-03-29,True,False,False,TX,Standard,Modern (14+),150,1329.99,21.492537313432834
1874,"Apple iPhone 13 - Unlocked, Fair Condition, Midnight/Blue/Pink, 128/256/512GB",iPhone 13,13,False,512.0,512GB,512GB,False,Used,Second-hand,216.0,$200-399,0.421875,,,False,1.0,True,0.0,False,Seller 403,"Houston, Texas, United States",TX,2026-03-29,True,False,False,TX,Standard,Mid-Gen (12-13),141,4935.0,20.909090909090907
1875,"Apple iPhone 13 Unlocked 128GB/512GB - Green, Pink, Midnight - Free Shipping!",iPhone 13,13,False,128.0,128GB,128GB|512GB,False,Used,Second-hand,205.0,$200-399,1.6015625,,,False,1.0,True,0.0,False,Seller 147,"Houston, Texas, United States",TX,2026-03-29,True,False,False,TX,Standard,Mid-Gen (12-13),141,4935.0,20.909090909090907
1876,"Apple iPhone 12 64GB Black, Blue - Unlocked T-Mobile, Verizon | Free Shipping!",iPhone 12,12,False,64.0,64GB,64GB,False,Used,Second-hand,145.0,<$200,2.265625,,,False,0.0,False,1.0,True,Seller 147,"Houston, Texas, United States",TX,2026-03-29,True,False,False,TX,Standard,Mid-Gen (12-13),284,4428.01,45.073891625615765
1877,"Apple iPhone 12 Unlocked 64GB/128GB - Black, Blue, Green - Free Shipping!",iPhone 12,12,False,64.0,64GB,64GB|128GB,False,Used,Second-hand,156.0,<$200,2.4375,,,False,1.0,True,0.0,False,Seller 147,"Houston, Texas, United States",TX,2026-03-29,True,False,False,TX,Standard,Mid-Gen (12-13),284,4428.01,45.073891625615765
1878,Apple iPhone 14 128GB 512GB Unlocked Verizon AT&T 5G WiFi Blue Red Purple,iPhone 14,14,False,128.0,128GB,128GB|512GB,False,Used,Second-hand,223.0,$200-399,1.7421875,,,False,1.0,True,0.0,False,Seller 147,"Houston, Texas, United States",TX,2026-03-29,True,False,False,TX,Standard,Modern (14+),150,1329.99,21.492537313432834
1879,"Apple iPhone 14 128GB/256GB - Mint, Midnight, Starlight, (PRODUCT)RED, 5G",iPhone 14,14,False,128.0,128GB,128GB|256GB,False,Used,Second-hand,218.0,$200-399,1.703125,,,False,1.0,True,0.0,False,Seller 147,"Houston, Texas, United States",TX,2026-03-29,True,False,False,TX,Standard,Modern (14+),150,1329.99,21.492537313432834
1880,Apple iPhone 14 128GB/256GB Unlocked - T-Mobile Verizon - Free Shipping!,iPhone 14,14,False,128.0,128GB,128GB|256GB,False,Used,Second-hand,234.0,$200-399,1.828125,,,False,1.0,True,0.0,False,Seller 147,"Houston, Texas, United States",TX,2026-03-29,True,False,False,TX,Standard,Modern (14+),150,1329.99,21.492537313432834
1881,Apple iPhone 14 128GB 512GB Factory Unlocked Verizon ATT CDMA/GSM 5G,iPhone 14,14,False,128.0,128GB,128GB|512GB,False,Used,Second-hand,219.0,$200-399,1.7109375,,,False,1.0,True,0.0,False,Seller 403,"Houston, Texas, United States",TX,2026-03-29,True,False,False,TX,Standard,Modern (14+),150,1329.99,21.492537313432834
1882,Apple iPhone 12 64GB 128GB Black Purple 5G Unlocked Verizon AT&T - SmartPhone,iPhone 12,12,False,64.0,64GB,64GB|128GB,False,Used,Second-hand,153.0,<$200,2.390625,,,False,1.0,True,0.0,False,Seller 147,"Houston, Texas, United States",TX,2026-03-29,True,False,False,TX,Standard,Mid-Gen (12-13),284,4428.01,45.073891625615765
1883,Apple iPhone 14 512GB 128GB Unlocked Verizon Spectrum Very Good 5G/iOS,iPhone 14,14,False,128.0,128GB,128GB|512GB,False,Used,Second-hand,227.0,$200-399,1.7734375,,,False,0.0,False,1.0,True,Seller 147,"Houston, Texas, United States",TX,2026-03-29,True,False,False,TX,Standard,Modern (14+),150,1329.99,21.492537313432834
1884,"Apple iPhone 14 128GB - Midnight, Starlight, (PRODUCT)RED, Blue - Unlocked",iPhone 14,14,False,128.0,128GB,128GB,False,Used,Second-hand,233.0,$200-399,1.8203125,,,False,1.0,True,0.0,False,Seller 403,"Houston, Texas, United States",TX,2026-03-29,True,False,False,TX,Standard,Modern (14+),150,1329.99,21.492537313432834
1885,"Apple iPhone 12 Blue/Purple 64GB/128GB - Very Good Condition, Free Shipping!",iPhone 12,12,False,64.0,64GB,64GB|128GB,False,Used,Second-hand,152.0,<$200,2.375,,,False,1.0,True,0.0,False,Seller 147,"Houston, Texas, United States",TX,2026-03-29,True,False,False,TX,Standard,Mid-Gen (12-13),284,4428.01,45.073891625615765
1886,"Apple iPhone 14 - 128GB/256GB/512GB - Verizon, Mint, Midnight, Starlight, RED!",iPhone 14,14,False,128.0,128GB,128GB|256GB|512GB,False,Used,Second-hand,233.0,$200-399,1.8203125,,,False,1.0,True,0.0,False,Seller 147,"Houston, Texas, United States",TX,2026-03-29,True,False,False,TX,Standard,Modern (14+),150,1329.99,21.492537313432834
1887,Apple iPhone 14 128GB 5G iOS Unlocked Verizon AT&T Blue Purple,iPhone 14,14,False,128.0,128GB,128GB,False,Used,Second-hand,230.0,$200-399,1.796875,,,False,1.0,True,0.0,False,Seller 147,"Houston, Texas, United States",TX,2026-03-29,True,False,False,TX,Standard,Modern (14+),150,1329.99,21.492537313432834
1888,iPhone 12 64GB/128GB - Excellent Condition - Verizon/AT&T/T-Mobile - Free Ship,iPhone 12,12,False,64.0,64GB,64GB|128GB,False,Used,Second-hand,146.0,<$200,2.28125,,,False,0.0,False,1.0,True,Seller 147,"Houston, Texas, United States",TX,2026-03-29,True,False,False,TX,Standard,Mid-Gen (12-13),284,4428.01,45.073891625615765
1889,"Apple iPhone 12 Unlocked 64GB/128GB - Black, Blue, Green - Free Shipping!",iPhone 12,12,False,64.0,64GB,64GB|128GB,False,Used,Second-hand,153.0,<$200,2.390625,,,False,1.0,True,0.0,False,Seller 147,"Houston, Texas, United States",TX,2026-03-29,True,False,False,TX,Standard,Mid-Gen (12-13),284,4428.01,45.073891625615765
1890,"Apple iPhone 12 Unlocked 64GB/128GB - Black, Blue, Red | Free Shipping!",iPhone 12,12,False,64.0,64GB,64GB|128GB,False,Used,Second-hand,155.0,<$200,2.421875,,,False,1.0,True,0.0,False,Seller 147,"Houston, Texas, United States",TX,2026-03-29,True,False,False,TX,Standard,Mid-Gen (12-13),284,4428.01,45.073891625615765
1891,"iPhone 13 128GB Unlocked - Excellent Condition, Multiple Colors, Free Shipping!",iPhone 13,13,False,128.0,128GB,128GB,False,Used,Second-hand,226.0,$200-399,1.765625,,,False,0.0,False,155.0,True,Seller 147,"Houston, Texas, United States",TX,2026-03-29,True,False,False,TX,Standard,Mid-Gen (12-13),141,4935.0,20.909090909090907
1892,"Apple iPhone 13 Unlocked 128GB/512GB - T-Mobile, Verizon - Midnight, Pink, Gree",iPhone 13,13,False,128.0,128GB,128GB|512GB,False,Used,Second-hand,201.0,$200-399,1.5703125,,,False,1.0,True,0.0,False,Seller 147,"Houston, Texas, United States",TX,2026-03-29,True,False,False,TX,Standard,Mid-Gen (12-13),141,4935.0,20.909090909090907
1893,"Apple iPhone 12 Unlocked 64GB/128GB - Black, Purple, Red - Free Shipping",iPhone 12,12,False,64.0,64GB,64GB|128GB,False,Used,Second-hand,153.0,<$200,2.390625,,,False,1.0,True,0.0,False,Seller 403,"Houston, Texas, United States",TX,2026-03-29,True,False,False,TX,Standard,Mid-Gen (12-13),284,4428.01,45.073891625615765
1894,Apple iPhone 12 64GB - Black/Blue/Green/Purple - T-Mobile - Free Shipping!,iPhone 12,12,False,64.0,64GB,64GB,False,Used,Second-hand,236.0,$200-399,3.6875,,,False,1.0,True,0.0,False,Seller 403,"Houston, Texas, United States",TX,2026-03-29,True,False,False,TX,Standard,Mid-Gen (12-13),284,4428.01,45.073891625615765
1895,"Apple iPhone 13 Unlocked 128GB/512GB - Midnight, Starlight, Red - Free Shipping",iPhone 13,13,False,128.0,128GB,128GB|512GB,False,Used,Second-hand,206.0,$200-399,1.609375,,,False,1.0,True,0.0,False,Seller 403,"Houston, Texas, United States",TX,2026-03-29,True,False,False,TX,Standard,Mid-Gen (12-13),141,4935.0,20.909090909090907
1896,Apple iPhone 14 128GB 256GB 512GB Verizon Midnight Starlight 5G - Free Ship!,iPhone 14,14,False,128.0,128GB,128GB|256GB|512GB,False,Used,Second-hand,224.0,$200-399,1.75,,,False,1.0,True,0.0,False,Seller 147,"Houston, Texas, United States",TX,2026-03-29,True,False,False,TX,Standard,Modern (14+),150,1329.99,21.492537313432834
1897,"Apple iPhone 12 5G - Unlocked, 64GB/128GB - Black, Blue, Red - Free Shipping!",iPhone 12,12,False,64.0,64GB,64GB|128GB,False,Used,Second-hand,159.0,<$200,2.484375,,,False,1.0,True,0.0,False,Seller 147,"Houston, Texas, United States",TX,2026-03-29,True,False,False,TX,Standard,Mid-Gen (12-13),284,4428.01,45.073891625615765
1898,"Apple iPhone 13 - Unlocked, Very Good Condition, 128GB/256GB/512GB",iPhone 13,13,False,128.0,128GB,128GB|256GB|512GB,False,Used,Second-hand,216.0,$200-399,1.6875,,,False,1.0,True,0.0,False,Seller 147,"Houston, Texas, United States",TX,2026-03-29,True,False,False,TX,Standard,Mid-Gen (12-13),141,4935.0,20.909090909090907
1899,"Apple iPhone 13 Unlocked 128GB/256GB 512GB - Midnight, Pink, Green - Free Ship",iPhone 13,13,False,128.0,128GB,128GB|256GB|512GB,False,Used,Second-hand,220.0,$200-399,1.71875,,,False,0.0,False,1.0,True,Seller 147,"Houston, Texas, United States",TX,2026-03-29,True,False,False,TX,Standard,Mid-Gen (12-13),141,4935.0,20.909090909090907
1900,"Apple iPhone 14 128GB/512GB - Unlocked, Verizon, AT&T - Free Shipping!",iPhone 14,14,False,128.0,128GB,128GB|512GB,False,Used,Second-hand,218.0,$200-399,1.703125,,,False,1.0,True,0.0,False,Seller 147,"Houston, Texas, United States",TX,2026-03-29,True,False,False,TX,Standard,Modern (14+),150,1329.99,21.492537313432834
1901,"Apple iPhone 14 Unlocked - Midnight, Starlight, (PRODUCT)RED - 128/256/512GB",iPhone 14,14,False,512.0,512GB,512GB,False,Used,Second-hand,229.0,$200-399,0.447265625,,,False,1.0,True,0.0,False,Seller 403,"Houston, Texas, United States",TX,2026-03-29,True,False,False,TX,Standard,Modern (14+),150,1329.99,21.492537313432834
1902,"Apple iPhone 13 - Blue/Red, 128GB/256GB/512GB - Unlocked - Free Shipping!",iPhone 13,13,False,128.0,128GB,128GB|256GB|512GB,False,Used,Second-hand,205.0,$200-399,1.6015625,,,False,1.0,True,0.0,False,Seller 403,"Houston, Texas, United States",TX,2026-03-29,True,False,False,TX,Standard,Mid-Gen (12-13),141,4935.0,20.909090909090907
1903,"Apple iPhone 14 - Very Good Condition 128GB/256GB - Verizon/AT&T, Free Shipping",iPhone 14,14,False,128.0,128GB,128GB|256GB,False,Used,Second-hand,220.0,$200-399,1.71875,,,False,1.0,True,0.0,False,Seller 147,"Houston, Texas, United States",TX,2026-03-29,True,False,False,TX,Standard,Modern (14+),150,1329.99,21.492537313432834
1904,"Apple iPhone 14 128GB/256GB - Midnight, Starlight, (PRODUCT)RED - 5G, Free Ship",iPhone 14,14,False,128.0,128GB,128GB|256GB,False,Used,Second-hand,225.0,$200-399,1.7578125,,,False,1.0,True,0.0,False,Seller 147,"Houston, Texas, United States",TX,2026-03-29,True,False,False,TX,Standard,Modern (14+),150,1329.99,21.492537313432834
1905,"Apple iPhone 14 128GB/256GB/512GB - Unlocked, AT&T, T-Mobile - Blue Red Black",iPhone 14,14,False,128.0,128GB,128GB|256GB|512GB,False,Used,Second-hand,230.0,$200-399,1.796875,,,False,1.0,True,0.0,False,Seller 403,"Houston, Texas, United States",TX,2026-03-29,True,False,False,TX,Standard,Modern (14+),150,1329.99,21.492537313432834
1906,"Apple iPhone 14 Mint 128/256/512GB - Midnight, (PRODUCT)RED, Blue - Free Ship!",iPhone 14,14,False,512.0,512GB,512GB,False,Used,Second-hand,226.0,$200-399,0.44140625,,,False,1.0,True,0.0,False,Seller 403,"Houston, Texas, United States",TX,2026-03-29,True,False,False,TX,Standard,Modern (14+),150,1329.99,21.492537313432834
1907,Apple iPhone 12 64GB/128GB - Unlocked/AT&T/T-Mobile/Verizon - Free Shipping,iPhone 12,12,False,64.0,64GB,64GB|128GB,False,Used,Second-hand,140.0,<$200,2.1875,,,False,1.0,True,0.0,False,Seller 403,"Houston, Texas, United States",TX,2026-03-29,True,False,False,TX,Standard,Mid-Gen (12-13),284,4428.01,45.073891625615765
1908,"Apple iPhone 12 64GB/128GB Unlocked - Mint Condition, Free Shipping & Returns",iPhone 12,12,False,64.0,64GB,64GB|128GB,False,Used,Second-hand,160.0,<$200,2.5,,,False,1.0,True,0.0,False,Seller 403,"Houston, Texas, United States",TX,2026-03-29,True,False,False,TX,Standard,Mid-Gen (12-13),284,4428.01,45.073891625615765
1909,"Apple iPhone 12 Very Good 6.1"" Screen Unlocked Sprint (Blue/Red) 128GB|64GB",iPhone 12,12,False,64.0,64GB,64GB|128GB,False,Used,Second-hand,150.0,<$200,2.34375,,,False,1.0,True,0.0,False,Seller 147,"Houston, Texas, United States",TX,2026-03-29,True,False,False,TX,Standard,Mid-Gen (12-13),284,4428.01,45.073891625615765
1910,"Apple iPhone 13 128GB/512GB Unlocked - Midnight, Pink, Green, Battery Good",iPhone 13,13,False,128.0,128GB,128GB|512GB,False,Used,Second-hand,214.0,$200-399,1.671875,,,False,1.0,True,0.0,False,Seller 403,"Houston, Texas, United States",TX,2026-03-29,True,False,False,TX,Standard,Mid-Gen (12-13),141,4935.0,20.909090909090907
1911,Apple iPhone 13 Unlocked 128GB/256GB/512GB - Midnight Black/Starlight White 5G,iPhone 13,13,False,128.0,128GB,128GB|256GB|512GB,False,Used,Second-hand,213.0,$200-399,1.6640625,,,False,1.0,True,0.0,False,Seller 147,"Houston, Texas, United States",TX,2026-03-29,True,False,False,TX,Standard,Mid-Gen (12-13),141,4935.0,20.909090909090907
1912,"Apple iPhone 14 - 128GB/256GB/512GB - Unlocked, AT&T, T-Mobile - Red/Blue",iPhone 14,14,False,128.0,128GB,128GB|256GB|512GB,False,Used,Second-hand,219.0,$200-399,1.7109375,,,False,1.0,True,0.0,False,Seller 403,"Houston, Texas, United States",TX,2026-03-29,True,False,False,TX,Standard,Modern (14+),150,1329.99,21.492537313432834
1913,"Apple iPhone 14 (PRODUCT)RED, Midnight, Starlight - 128GB/256GB - Excellent!",iPhone 14,14,False,128.0,128GB,128GB|256GB,False,Used,Second-hand,219.0,$200-399,1.7109375,,,False,1.0,True,0.0,False,Seller 147,"Houston, Texas, United States",TX,2026-03-29,True,False,False,TX,Standard,Modern (14+),150,1329.99,21.492537313432834
1914,Apple iPhone 14 128GB 256GB 512GB -Red/Blue/Starlight -Unlocked/Verizon,iPhone 14,14,False,128.0,128GB,128GB|256GB|512GB,False,Used,Second-hand,235.0,$200-399,1.8359375,,,False,1.0,True,0.0,False,Seller 147,"Houston, Texas, United States",TX,2026-03-29,True,False,False,TX,Standard,Modern (14+),150,1329.99,21.492537313432834
1915,"Apple iPhone 12 - 64GB/128GB - Unlocked - Black, Blue, Red - Free Shipping!",iPhone 12,12,False,64.0,64GB,64GB|128GB,False,Used,Second-hand,160.0,<$200,2.5,,,False,1.0,True,0.0,False,Seller 403,"Houston, Texas, United States",TX,2026-03-29,True,False,False,TX,Standard,Mid-Gen (12-13),284,4428.01,45.073891625615765
1916,"Apple iPhone 12 64GB - Unlocked Black, Blue, Green - AT&T, Verizon - Free Ship!",iPhone 12,12,False,64.0,64GB,64GB,False,Used,Second-hand,152.0,<$200,2.375,,,False,1.0,True,0.0,False,Seller 147,"Houston, Texas, United States",TX,2026-03-29,True,False,False,TX,Standard,Mid-Gen (12-13),284,4428.01,45.073891625615765
1917,"Apple iPhone 13 - Unlocked, 128GB/256GB/512GB - Mint Condition, Free Shipping",iPhone 13,13,False,128.0,128GB,128GB|256GB|512GB,False,Used,Second-hand,230.0,$200-399,1.796875,,,False,0.0,False,4.0,True,Seller 403,"Houston, Texas, United States",TX,2026-03-29,True,False,False,TX,Standard,Mid-Gen (12-13),141,4935.0,20.909090909090907
1918,Apple iPhone 14 128GB Blue Midnight Unlock AT&T Verizon T-Mobile 5G Free Ship,iPhone 14,14,False,128.0,128GB,128GB,False,Used,Second-hand,224.0,$200-399,1.75,,,False,1.0,True,0.0,False,Seller 147,"Houston, Texas, United States",TX,2026-03-29,True,False,False,TX,Standard,Modern (14+),150,1329.99,21.492537313432834
1919,"Apple iPhone 14 Unlocked 512GB/128GB - AT&T/Verizon - Midnight, Blue, Red",iPhone 14,14,False,128.0,128GB,128GB|512GB,False,Used,Second-hand,214.0,$200-399,1.671875,,,False,1.0,True,0.0,False,Seller 147,"Houston, Texas, United States",TX,2026-03-29,True,False,False,TX,Standard,Modern (14+),150,1329.99,21.492537313432834
1920,Apple iPhone 14 Unlocked 128GB 256GB 512GB Verizon ATT - Purple/Yellow,iPhone 14,14,False,128.0,128GB,128GB|256GB|512GB,False,Used,Second-hand,214.0,$200-399,1.671875,,,False,1.0,True,0.0,False,Seller 147,"Houston, Texas, United States",TX,2026-03-29,True,False,False,TX,Standard,Modern (14+),150,1329.99,21.492537313432834
1921,"Apple iPhone 12 Unlocked 128GB 64GB- Black, Blue, Green, Red - T-Mobile, Verizo",iPhone 12,12,False,64.0,64GB,64GB|128GB,False,Used,Second-hand,149.0,<$200,2.328125,,,False,1.0,True,0.0,False,Seller 147,"Houston, Texas, United States",TX,2026-03-29,True,False,False,TX,Standard,Mid-Gen (12-13),284,4428.01,45.073891625615765
1922,"Apple iPhone 13 128GB - Unlocked, T-Mobile, Verizon, 5G LTE - All Colors",iPhone 13,13,False,128.0,128GB,128GB,False,Used,Second-hand,205.0,$200-399,1.6015625,,,False,1.0,True,0.0,False,Seller 147,"Houston, Texas, United States",TX,2026-03-29,True,False,False,TX,Standard,Mid-Gen (12-13),141,4935.0,20.909090909090907
1923,"Apple iPhone 14 128GB/256GB - (PRODUCT)RED,Midnight, Starlight - AT&T/T-Mobile",iPhone 14,14,False,128.0,128GB,128GB|256GB,False,Used,Second-hand,228.0,$200-399,1.78125,,,False,1.0,True,0.0,False,Seller 403,"Houston, Texas, United States",TX,2026-03-29,True,False,False,TX,Standard,Modern (14+),150,1329.99,21.492537313432834
1924,Apple iPhone 14 Good SmartPhone - 128GB 256GB 512GB -Unlocked Verizon,iPhone 14,14,False,128.0,128GB,128GB|256GB|512GB,False,Used,Second-hand,221.0,$200-399,1.7265625,,,False,1.0,True,0.0,False,Seller 147,"Houston, Texas, United States",TX,2026-03-29,True,False,False,TX,Standard,Modern (14+),150,1329.99,21.492537313432834
1925,"Apple iPhone 12 128GB 64GB Blue Red 5G Mint Condition - Unlocked, Free Shipping",iPhone 12,12,False,64.0,64GB,64GB|128GB,False,Used,Second-hand,167.0,<$200,2.609375,,,False,1.0,True,0.0,False,Seller 403,"Houston, Texas, United States",TX,2026-03-29,True,False,False,TX,Standard,Mid-Gen (12-13),284,4428.01,45.073891625615765
1926,"Apple iPhone 14 128GB Good Condition, 5G Verizon/AT&T, Free Shipping",iPhone 14,14,False,128.0,128GB,128GB,False,Used,Second-hand,218.0,$200-399,1.703125,,,False,1.0,True,0.0,False,Seller 403,"Houston, Texas, United States",TX,2026-03-29,True,False,False,TX,Standard,Modern (14+),150,1329.99,21.492537313432834
1927,Apple iPhone 14 Unlocked - 128GB/256GB/512GB - Midnight Blue Purple,iPhone 14,14,False,128.0,128GB,128GB|256GB|512GB,False,Used,Second-hand,232.0,$200-399,1.8125,,,False,1.0,True,0.0,False,Seller 403,"Houston, Texas, United States",TX,2026-03-29,True,False,False,TX,Standard,Modern (14+),150,1329.99,21.492537313432834
1928,iPhone 14 128GB/256GB/512GB Midnight/Red - Very Good Condition iOS 5G,iPhone 14,14,False,128.0,128GB,128GB|256GB|512GB,False,Used,Second-hand,230.0,$200-399,1.796875,,,False,0.0,False,1.0,True,Seller 147,"Houston, Texas, United States",TX,2026-03-29,True,False,False,TX,Standard,Modern (14+),150,1329.99,21.492537313432834
1929,"Apple iPhone 12 Unlocked - 64GB/128GB - Green, Purple, Red - Very Good Conditio",iPhone 12,12,False,64.0,64GB,64GB|128GB,False,Used,Second-hand,158.0,<$200,2.46875,,,False,1.0,True,0.0,False,Seller 147,"Houston, Texas, United States",TX,2026-03-29,True,False,False,TX,Standard,Mid-Gen (12-13),284,4428.01,45.073891625615765
1930,"Apple iPhone 14 128GB 256GB 512GB Midnight Starlight Verizon 5G, Unlocked",iPhone 14,14,False,128.0,128GB,128GB|256GB|512GB,False,Used,Second-hand,233.0,$200-399,1.8203125,,,False,1.0,True,0.0,False,Seller 147,"Houston, Texas, United States",TX,2026-03-29,True,False,False,TX,Standard,Modern (14+),150,1329.99,21.492537313432834
1931,"Apple iPhone 14 128GB/256GB Unlocked - Midnight, Starlight, (PRODUCT)RED",iPhone 14,14,False,128.0,128GB,128GB|256GB,False,Used,Second-hand,232.0,$200-399,1.8125,,,False,1.0,True,0.0,False,Seller 147,"Houston, Texas, United States",TX,2026-03-29,True,False,False,TX,Standard,Modern (14+),150,1329.99,21.492537313432834
1932,Apple iPhone 14 Unlocked Verizon AT&T T-Mobile Tracfone - 512GB128GB,iPhone 14,14,False,128.0,128GB,128GB|512GB,False,Used,Second-hand,236.0,$200-399,1.84375,,,False,1.0,True,0.0,False,Seller 403,"Houston, Texas, United States",TX,2026-03-29,True,False,False,TX,Standard,Modern (14+),150,1329.99,21.492537313432834
1933,"iPhone 12 64GB/128GB - Very Good Condition, Black/Blue/Green, Verizon/T-Mobile",iPhone 12,12,False,64.0,64GB,64GB|128GB,False,Used,Second-hand,151.0,<$200,2.359375,,,False,1.0,True,0.0,False,Seller 147,"Houston, Texas, United States",TX,2026-03-29,True,False,False,TX,Standard,Mid-Gen (12-13),284,4428.01,45.073891625615765
1934,"Apple iPhone 13 128/256GB 5G - Midnight, Blue, Pink, T-Mobile - Free Shipping!",iPhone 13,13,False,256.0,256GB,256GB,False,Used,Second-hand,209.0,$200-399,0.81640625,,,False,1.0,True,0.0,False,Seller 147,"Houston, Texas, United States",TX,2026-03-29,True,False,False,TX,Standard,Mid-Gen (12-13),141,4935.0,20.909090909090907
1935,"Apple iPhone 14 128GB/512GB Mint Midnight Red 5G - T-Mobile, Verizon - Free Shi",iPhone 14,14,False,128.0,128GB,128GB|512GB,False,Used,Second-hand,222.0,$200-399,1.734375,,,False,1.0,True,0.0,False,Seller 403,"Houston, Texas, United States",TX,2026-03-29,True,False,False,TX,Standard,Modern (14+),150,1329.99,21.492537313432834
1936,"iPhone 13 128GB 5G Unlocked - Mint Condition, Midnight, Blue, Pink - Free Ship!",iPhone 13,13,False,128.0,128GB,128GB,False,Used,Second-hand,219.0,$200-399,1.7109375,,,False,1.0,True,0.0,False,Seller 403,"Houston, Texas, United States",TX,2026-03-29,True,False,False,TX,Standard,Mid-Gen (12-13),141,4935.0,20.909090909090907
1937,"Apple iPhone 14 T-Mobile - 128GB/256GB/512GB - Red, Midnight - Free Shipping",iPhone 14,14,False,128.0,128GB,128GB|256GB|512GB,False,Used,Second-hand,226.0,$200-399,1.765625,,,False,1.0,True,0.0,False,Seller 403,"Houston, Texas, United States",TX,2026-03-29,True,False,False,TX,Standard,Modern (14+),150,1329.99,21.492537313432834
1938,Apple iPhone 14 Unlocked 128GB/256GB Starlight/Midnight - Free Shipping!,iPhone 14,14,False,128.0,128GB,128GB|256GB,False,Used,Second-hand,225.0,$200-399,1.7578125,,,False,1.0,True,0.0,False,Seller 147,"Houston, Texas, United States",TX,2026-03-29,True,False,False,TX,Standard,Modern (14+),150,1329.99,21.492537313432834
1939,"Apple iPhone 14 128GB/512GB - Mint Condition - Unlocked, Free Shipping & Return",iPhone 14,14,False,128.0,128GB,128GB|512GB,False,Used,Second-hand,230.0,$200-399,1.796875,,,False,1.0,True,0.0,False,Seller 403,"Houston, Texas, United States",TX,2026-03-29,True,False,False,TX,Standard,Modern (14+),150,1329.99,21.492537313432834
1940,Apple iPhone 12 - 64GB/128GB - T-Mobile/Att - Very Good Condition - Free Ship!,iPhone 12,12,False,64.0,64GB,64GB|128GB,False,Used,Second-hand,160.0,<$200,2.5,,,False,1.0,True,0.0,False,Seller 147,"Houston, Texas, United States",TX,2026-03-29,True,False,False,TX,Standard,Mid-Gen (12-13),284,4428.01,45.073891625615765
1941,"Apple iPhone 12 64GB/128GB Unlocked - Black, Blue, Red - 5G, iOS, Free Shipping",iPhone 12,12,False,64.0,64GB,64GB|128GB,False,Used,Second-hand,146.0,<$200,2.28125,,,False,1.0,True,0.0,False,Seller 403,"Houston, Texas, United States",TX,2026-03-29,True,False,False,TX,Standard,Mid-Gen (12-13),284,4428.01,45.073891625615765
1942,"Unlocked Apple iPhone 13 256GB/128GB for AT&T, Verizon, T-Mobile - Free Ship!",iPhone 13,13,False,128.0,128GB,128GB|256GB,False,Used,Second-hand,219.0,$200-399,1.7109375,,,False,0.0,False,1.0,True,Seller 147,"Houston, Texas, United States",TX,2026-03-29,True,False,False,TX,Standard,Mid-Gen (12-13),141,4935.0,20.909090909090907
1943,"Apple iPhone 13 256GB 128GB Unlocked, AT&T, Verizon - Pink Red Starlight",iPhone 13,13,False,128.0,128GB,128GB|256GB,False,Used,Second-hand,206.0,$200-399,1.609375,,,False,1.0,True,0.0,False,Seller 147,"Houston, Texas, United States",TX,2026-03-29,True,False,False,TX,Standard,Mid-Gen (12-13),141,4935.0,20.909090909090907
1944,Apple iPhone 13 Mini (A2626) - 128GB Factory Unlocked Midnight - Excellent,iPhone 13 Mini,13,False,128.0,128GB,128GB,False,Used,Second-hand,449.99,$400-599,3.515546875,849.0,47.0,True,0.0,False,0.0,False,Seller 078,"Kitchener, Ontario, Canada",INTL,2026-03-29,True,False,False,INTL,Standard,Mid-Gen (12-13),26,491.95,6.462585034013606
1945,Apple iPhone 13 128GB Unlocked - Very Good Condition - Free Shipping!,iPhone 13,13,False,128.0,128GB,128GB,False,Used,Second-hand,227.0,$200-399,1.7734375,,,False,0.0,False,3.0,True,Seller 403,"Houston, Texas, United States",TX,2026-03-29,True,False,False,TX,Standard,Mid-Gen (12-13),141,4935.0,20.909090909090907
1946,Apple iPhone 12 64GB 128GB GSM CDMA Unlocked Verizon AT&T T-Mobile 5G Capable,iPhone 12,12,False,64.0,64GB,64GB|128GB,False,Used,Second-hand,171.0,<$200,2.671875,,,False,1.0,True,0.0,False,Seller 147,"Houston, Texas, United States",TX,2026-03-29,True,False,False,TX,Standard,Mid-Gen (12-13),284,4428.01,45.073891625615765
1947,"Apple iPhone 12 64GB/128GB - Unlocked, Verizon, AT&T, T-Mobile - Free Ship",iPhone 12,12,False,64.0,64GB,64GB|128GB,False,Used,Second-hand,150.0,<$200,2.34375,,,False,1.0,True,0.0,False,Seller 147,"Houston, Texas, United States",TX,2026-03-29,True,False,False,TX,Standard,Mid-Gen (12-13),284,4428.01,45.073891625615765
1948,Apple iPhone 12 64GB- GSM Unlocked (White) AT&T 5G LTE IOS WIFI- Good,iPhone 12,12,False,64.0,64GB,64GB,False,Used,Second-hand,144.0,<$200,2.25,,,False,0.0,False,6.0,True,Seller 147,"Houston, Texas, United States",TX,2026-03-29,True,False,False,TX,Standard,Mid-Gen (12-13),284,4428.01,45.073891625615765
1949,Apple iPhone 12 Unlocked 64GB | Verizon T-Mobile AT&T 5G | Free Return,iPhone 12,12,False,64.0,64GB,64GB,False,Used,Second-hand,149.0,<$200,2.328125,,,False,1.0,True,0.0,False,Seller 147,"Houston, Texas, United States",TX,2026-03-29,True,False,False,TX,Standard,Mid-Gen (12-13),284,4428.01,45.073891625615765
1950,Apple iPhone 12 64GB 128GB Factory Unlocked Verizon AT&T GSM + CDMA -5G LTE,iPhone 12,12,False,64.0,64GB,64GB|128GB,False,Used,Second-hand,145.0,<$200,2.265625,,,False,0.0,False,1.0,True,Seller 147,"Houston, Texas, United States",TX,2026-03-29,True,False,False,TX,Standard,Mid-Gen (12-13),284,4428.01,45.073891625615765
1951,Apple iPhone 12 64GB Unlocked (CDMA + GSM) Smartphone - IOS LTE WIFI 5G,iPhone 12,12,False,64.0,64GB,64GB,False,Used,Second-hand,150.0,<$200,2.34375,,,False,1.0,True,0.0,False,Seller 147,"Houston, Texas, United States",TX,2026-03-29,True,False,False,TX,Standard,Mid-Gen (12-13),284,4428.01,45.073891625615765
1952,Apple iPhone 12 64/128GB (GSM+CDMA) Fully Unlocked (5G) - Black/Purple,iPhone 12,12,False,128.0,128GB,128GB,False,Used,Second-hand,167.0,<$200,1.3046875,,,False,0.0,False,1.0,True,Seller 147,"Houston, Texas, United States",TX,2026-03-29,True,False,False,TX,Standard,Mid-Gen (12-13),284,4428.01,45.073891625615765
1953,"Apple iPhone 12 128 GB, 64 GB Blanco CDMA/GSM Desbloqueado Verizon T-Mobile - Muy Bueno-",iPhone 12,12,False,64.0,64GB,64GB|128GB,False,Used,Second-hand,147.0,<$200,2.296875,,,False,0.0,False,0.0,False,Seller 147,"Houston, Texas, Estados Unidos",TX,2026-03-29,True,False,False,TX,Standard,Mid-Gen (12-13),284,4428.01,45.073891625615765
1954,Apple iPhone 12 128GB/64GB Unlocked AT&T T-Mobile Verizon Very Good Condition,iPhone 12,12,False,64.0,64GB,64GB|128GB,False,Used,Second-hand,157.0,<$200,2.453125,,,False,0.0,False,27.0,True,Seller 147,"Houston, Texas, United States",TX,2026-03-29,True,False,False,TX,Standard,Mid-Gen (12-13),284,4428.01,45.073891625615765
1955,Apple iPhone 12 128GB Network Unlocked 64GB Verizon Mint Condition,iPhone 12,12,False,64.0,64GB,64GB|128GB,False,Used,Second-hand,163.0,<$200,2.546875,,,False,0.0,False,17.0,True,Seller 147,"Houston, Texas, United States",TX,2026-03-29,True,False,False,TX,Standard,Mid-Gen (12-13),284,4428.01,45.073891625615765
1956,Apple iPhone 12 128GB|64GB 5G Verizon Unlocked AT&T Tmobile Cricket,iPhone 12,12,False,64.0,64GB,64GB|128GB,False,Used,Second-hand,155.0,<$200,2.421875,,,False,0.0,False,1.0,True,Seller 147,"Houston, Texas, United States",TX,2026-03-29,True,False,False,TX,Standard,Mid-Gen (12-13),284,4428.01,45.073891625615765
1957,Apple iPhone 12 - 64GB 128GB - Black/Green (Unlocked) A2172 (CDMA + GSM),iPhone 12,12,False,64.0,64GB,64GB|128GB,False,Used,Second-hand,159.0,<$200,2.484375,,,False,0.0,False,1.0,True,Seller 147,"Houston, Texas, United States",TX,2026-03-29,True,False,False,TX,Standard,Mid-Gen (12-13),284,4428.01,45.073891625615765
1958,Apple iPhone 12 64GB-128GB GSM Unlocked (Blue) CDMA AT&T 5G LTE Free Return,iPhone 12,12,False,64.0,64GB,64GB|128GB,False,Used,Second-hand,158.0,<$200,2.46875,,,False,1.0,True,0.0,False,Seller 147,"Houston, Texas, United States",TX,2026-03-29,True,False,False,TX,Standard,Mid-Gen (12-13),284,4428.01,45.073891625615765
1959,Apple iPhone 12 64GB 128GB Unlocked Smartphone T-Mobile Verizon AT&T 4G LTE,iPhone 12,12,False,64.0,64GB,64GB|128GB,False,Used,Second-hand,138.0,<$200,2.15625,,,False,0.0,False,23.0,True,Seller 147,"Houston, Texas, United States",TX,2026-03-29,True,False,False,TX,Standard,Mid-Gen (12-13),284,4428.01,45.073891625615765
1960,Apple iPhone 12 - Factory Unlocked Verizon T-Mobile 64GB 128GB Clean IMEI,iPhone 12,12,False,64.0,64GB,64GB|128GB,False,Used,Second-hand,162.0,<$200,2.53125,,,False,0.0,False,2.0,True,Seller 147,"Houston, Texas, United States",TX,2026-03-29,True,False,False,TX,Standard,Mid-Gen (12-13),284,4428.01,45.073891625615765
1961,Apple iPhone 12 64GB Factory Unlocked T-Mobile Verizon WIFI IOS 5G,iPhone 12,12,False,64.0,64GB,64GB,False,Used,Second-hand,148.0,<$200,2.3125,,,False,0.0,False,77.0,True,Seller 147,"Houston, Texas, United States",TX,2026-03-29,True,False,False,TX,Standard,Mid-Gen (12-13),284,4428.01,45.073891625615765
1962,Apple iPhone 12 64GB 128GB Fully Unlocked 5G Smartphone - Good,iPhone 12,12,False,64.0,64GB,64GB|128GB,False,Used,Second-hand,151.0,<$200,2.359375,,,False,0.0,False,18.0,True,Seller 147,"Houston, Texas, United States",TX,2026-03-29,True,False,False,TX,Standard,Mid-Gen (12-13),284,4428.01,45.073891625615765
1963,Apple iPhone 12 Unlocked - 64GB 128GB - AT&T T-Mobile Verizon Smartphone,iPhone 12,12,False,64.0,64GB,64GB|128GB,False,Used,Second-hand,165.0,<$200,2.578125,,,False,0.0,False,5.0,True,Seller 147,"Houston, Texas, United States",TX,2026-03-29,True,False,False,TX,Standard,Mid-Gen (12-13),284,4428.01,45.073891625615765
1964,"Apple iPhone 12 6.1"" 64GB Unlocked ATT Verizon Tmobile (CDMA+GSM) 5G",iPhone 12,12,False,64.0,64GB,64GB,False,Used,Second-hand,147.0,<$200,2.296875,,,False,0.0,False,1.0,True,Seller 147,"Houston, Texas, United States",TX,2026-03-29,True,False,False,TX,Standard,Mid-Gen (12-13),284,4428.01,45.073891625615765
1965,Apple iPhone 12 128GB 64GB Factory Unlocked AT&T Verizon Mint Condition,iPhone 12,12,False,64.0,64GB,64GB|128GB,False,Used,Second-hand,162.0,<$200,2.53125,,,False,0.0,False,2.0,True,Seller 147,"Houston, Texas, United States",TX,2026-03-29,True,False,False,TX,Standard,Mid-Gen (12-13),284,4428.01,45.073891625615765
1966,Apple iPhone 12 64/128 - Fully Unlocked - All colors - Used Condition,iPhone 12,12,False,,Tidak Diketahui,,False,Used,Second-hand,156.0,<$200,,,,False,0.0,False,252.0,True,Seller 147,"Houston, Texas, United States",TX,2026-03-29,True,False,False,TX,Standard,Mid-Gen (12-13),284,4428.01,45.073891625615765
1967,Apple iPhone 12 64GB -White/Green/Black Unlocked Verizon US Cellular Cricket 5G,iPhone 12,12,False,64.0,64GB,64GB,False,Used,Second-hand,152.0,<$200,2.375,,,False,0.0,False,1.0,True,Seller 147,"Houston, Texas, United States",TX,2026-03-29,True,False,False,TX,Standard,Mid-Gen (12-13),284,4428.01,45.073891625615765
1968,Apple iPhone 12 128GB|64GB 5G Unlocked Tmobile At&t Verizon CDMA/GSM iOS,iPhone 12,12,False,64.0,64GB,64GB|128GB,False,Used,Second-hand,144.0,<$200,2.25,,,False,0.0,False,5.0,True,Seller 147,"Houston, Texas, United States",TX,2026-03-29,True,False,False,TX,Standard,Mid-Gen (12-13),284,4428.01,45.073891625615765
1969,Apple iPhone 12 -128GB 64GB- 5G Unlocked T-mobile Verizon At&t Wi-Fi All Colors,iPhone 12,12,False,64.0,64GB,64GB|128GB,False,Used,Second-hand,147.0,<$200,2.296875,,,False,1.0,True,0.0,False,Seller 403,"Houston, Texas, United States",TX,2026-03-29,True,False,False,TX,Standard,Mid-Gen (12-13),284,4428.01,45.073891625615765
1970,Apple iPhone 12 - 64-128GB - GSM Unlocked Verizon AT&T T-Mobile CDMA/GSM,iPhone 12,12,False,128.0,128GB,128GB,False,Used,Second-hand,145.0,<$200,1.1328125,,,False,0.0,False,7.0,True,Seller 147,"Houston, Texas, United States",TX,2026-03-29,True,False,False,TX,Standard,Mid-Gen (12-13),284,4428.01,45.073891625615765
1971,Apple iPhone 12 64/128GB White/Purple 5G Unlocked Verizon AT&T Tmobile Good,iPhone 12,12,False,128.0,128GB,128GB,False,Used,Second-hand,164.0,<$200,1.28125,,,False,0.0,False,1.0,True,Seller 403,"Houston, Texas, United States",TX,2026-03-29,True,False,False,TX,Standard,Mid-Gen (12-13),284,4428.01,45.073891625615765
1972,Apple iPhone 15 128GB Unlocked - Excellent,iPhone 15,15,False,128.0,128GB,128GB,False,Excellent - Refurbished,Refurbished,408.95,$400-599,3.194921875,799.0,48.82,True,0.0,False,2295.0,True,Seller 025,"Clifton, New Jersey, United States",NJ,2026-03-29,True,False,False,NJ,Standard,Modern (14+),3,171.96000000000004,13.636363636363635
1973,Apple iPhone 12 64GB Factory Unlocked T-Mobile AT&T Verizon Mint Condition,iPhone 12,12,False,64.0,64GB,64GB,False,Used,Second-hand,159.0,<$200,2.484375,,,False,0.0,False,5.0,True,Seller 147,"Houston, Texas, United States",TX,2026-03-29,True,False,False,TX,Standard,Mid-Gen (12-13),284,4428.01,45.073891625615765
1974,"Apple iPhone 12, 64/128/256GB - Unlocked - Refurbished Excellent",iPhone 12,12,False,256.0,256GB,256GB,False,Excellent - Refurbished,Refurbished,229.99,$200-399,0.8983984375,,,False,0.0,False,532.0,True,Seller 061,"Brooklyn, New York, United States",NY,2026-03-29,True,False,False,NY,Standard,Mid-Gen (12-13),24,4428.01,45.073891625615765
1975,"Apple iPhone 13 Mini, 128/256/512GB - Unlocked - Refurbished Excellent",iPhone 13 Mini,13,False,512.0,512GB,512GB,False,Excellent - Refurbished,Refurbished,254.99,$200-399,0.49802734375,,,False,0.0,False,871.0,True,Seller 061,"Brooklyn, New York, United States",NY,2026-03-29,True,False,False,NY,Standard,Mid-Gen (12-13),31,491.95,6.462585034013606
1976,New Sealed Apple iPhone 13 Mini/12 Mini Factory Unlocked Smartphones ALL Carrier,iPhone 13 Mini,13,False,,Tidak Diketahui,,False,New,Second-hand,314.11,$200-399,,,,False,0.0,False,1.0,True,Seller 560,"Whippany, New Jersey, United States",NJ,2026-03-29,True,True,False,NJ,Standard,Mid-Gen (12-13),151,491.95,6.462585034013606
1977,NEW SEALED Apple iPhone 13 MINI 128/256G Fully Unlocked GSM CDMA 2 YEAR WARRANTY,iPhone 13 Mini,13,False,,Tidak Diketahui,,False,New,Second-hand,321.01,$200-399,,,,False,2.0,True,1.0,True,Seller 560,"Whippany, New Jersey, United States",NJ,2026-03-29,True,False,False,NJ,Standard,Mid-Gen (12-13),151,491.95,6.462585034013606
1978,Apple iPhone 15 128GB - Fully Unlocked- VERY GOOD Condition,iPhone 15,15,False,128.0,128GB,128GB,False,Very Good - Refurbished,Refurbished,389.99,$200-399,3.046796875,,,False,0.0,False,1228.0,True,Seller 114,"Brooklyn, New York, United States",NY,2026-03-29,True,False,False,NY,Standard,Modern (14+),10,171.96000000000004,13.636363636363635
1979,Apple iPhone 14 Plus 128GB - Fully Unlocked - FAIR Condition,iPhone 14 Plus,14,False,128.0,128GB,128GB,False,Used,Second-hand,274.99,$200-399,2.148359375,,,False,5.0,True,18.0,True,Seller 114,"Brooklyn, New York, United States",NY,2026-03-29,True,False,False,NY,Standard,Modern (14+),21,3410.0,31.343283582089555
1980,Apple iPhone 14 128GB - Fully Unlocked - VERY GOOD Condition,iPhone 14,14,False,128.0,128GB,128GB,False,Very Good - Refurbished,Refurbished,299.99,$200-399,2.343671875,,,False,8.0,True,4325.0,True,Seller 114,"Brooklyn, New York, United States",NY,2026-03-29,True,False,False,NY,Standard,Modern (14+),29,1329.99,21.492537313432834
1981,"Apple iPhone 13, 128/256/512GB - Unlocked - Used Good - All colors",iPhone 13,13,False,512.0,512GB,512GB,False,Used,Second-hand,244.99,$200-399,0.47849609375,,,False,10.0,True,3150.0,True,Seller 061,"Brooklyn, New York, United States",NY,2026-03-29,True,False,False,NY,Standard,Mid-Gen (12-13),27,4935.0,20.909090909090907
1982,"Apple iPhone 14 Plus, 128- 256-512GB - Unlocked All Colors -Used Excellent",iPhone 14 Plus,14,False,512.0,512GB,512GB,False,Used,Second-hand,344.99,$200-399,0.67380859375,,,False,8.0,True,147.0,True,Seller 061,"Brooklyn, New York, United States",NY,2026-03-29,True,False,False,NY,Standard,Modern (14+),21,3410.0,31.343283582089555
1983,"Apple iPhone 12, 64/128/256GB - Unlocked - Used Very Good - All colors",iPhone 12,12,False,256.0,256GB,256GB,False,Used,Second-hand,204.99,$200-399,0.8007421875,,,False,10.0,True,2782.0,True,Seller 061,"Brooklyn, New York, United States",NY,2026-03-29,True,False,False,NY,Standard,Mid-Gen (12-13),24,4428.01,45.073891625615765
1984,Apple iPhone 12 64GB Unlocked T-Mobile AT&T Verizon Very Good Condition,iPhone 12,12,False,64.0,64GB,64GB,False,Used,Second-hand,156.0,<$200,2.4375,,,False,0.0,False,2.0,True,Seller 147,"Houston, Texas, United States",TX,2026-03-29,True,False,False,TX,Standard,Mid-Gen (12-13),284,4428.01,45.073891625615765
1985,Apple iPhone 12 Pro Max 128GB Fully Unlocked - EXCELLENT Condition,iPhone 12 Pro Max,12,True,128.0,128GB,128GB,False,Excellent - Refurbished,Refurbished,324.99,$200-399,2.538984375,,,False,3.0,True,638.0,True,Seller 114,"Brooklyn, New York, United States",NY,2026-03-29,True,False,False,NY,Pro,Mid-Gen (12-13),22,4867.01,4.6875
1986,Apple iPhone 12 64GB-256GB - Fully Unlocked - EXCELLENT Condition,iPhone 12,12,False,64.0,64GB,64GB|256GB,False,Excellent - Refurbished,Refurbished,202.99,$200-399,3.17171875,,,False,0.0,False,261.0,True,Seller 114,"Brooklyn, New York, United States",NY,2026-03-29,True,False,False,NY,Standard,Mid-Gen (12-13),24,4428.01,45.073891625615765
1987,Apple iPhone 12 - 64GB-256GB - Fully Unlocked - VERY Good Condition,iPhone 12,12,False,64.0,64GB,64GB|256GB,False,Very Good - Refurbished,Refurbished,188.99,<$200,2.95296875,,,False,22.0,True,93.0,True,Seller 114,"Brooklyn, New York, United States",NY,2026-03-29,True,False,False,NY,Standard,Mid-Gen (12-13),24,4428.01,45.073891625615765
1988,Apple iPhone 14+ Plus A2632 256GB Red CDMA/GSM Unlocked - For Parts - 3D - 3DNH,iPhone 14,14,False,256.0,256GB,256GB,False,For Parts Or Not Working,Damaged,222.49,$200-399,0.8691015625,,,False,0.0,False,0.0,False,Seller 331,"Las Vegas, Nevada, United States",NV,2026-03-29,True,False,False,NV,Standard,Modern (14+),2,1329.99,21.492537313432834
1989,"Apple iPhone 12 A2172 128GB Blue CDMA/GSM Unlocked, For Parts - 383V - 383V",iPhone 12,12,False,128.0,128GB,128GB,False,For Parts Or Not Working,Damaged,110.29,<$200,0.861640625,,,False,0.0,False,0.0,False,Seller 331,"Coppell, Texas, United States",TX,2026-03-29,True,False,False,TX,Standard,Mid-Gen (12-13),284,4428.01,45.073891625615765
1990,Apple iPhone 16 128GB Unlocked Teal – Open Box Excellent Condition,iPhone 16,16,False,128.0,128GB,128GB,False,Open Box,Like New,550.0,$400-599,4.296875,,,False,0.0,False,0.0,False,Seller 303,"Lancaster, California, United States",CA,2026-03-29,True,False,False,CA,Standard,Modern (14+),14,639.5,7.207207207207207
1991,Apple iPhone 12 Pro Max 256GB A2411 Graphite CDMA/GSM Unlocked - AS/IS F - 3AUV,iPhone 12 Pro Max,12,True,256.0,256GB,256GB,False,For Parts Or Not Working,Damaged,177.19,<$200,0.6921484375,,,False,0.0,False,0.0,False,Seller 331,"Coppell, Texas, United States",TX,2026-03-29,True,False,False,TX,Pro,Mid-Gen (12-13),10,4867.01,4.6875
1992,Apple iPhone 12 64GB Fully Unlocked AT&T T-Mobile Verizon Good Condition,iPhone 12,12,False,64.0,64GB,64GB,False,Used,Second-hand,146.0,<$200,2.28125,,,False,0.0,False,2.0,True,Seller 147,"Houston, Texas, United States",TX,2026-03-29,True,False,False,TX,Standard,Mid-Gen (12-13),284,4428.01,45.073891625615765
1993,Apple iPhone 12 128GB 64GB Network Unlocked (CDMA + GSM) 5G Good Condition,iPhone 12,12,False,64.0,64GB,64GB|128GB,False,Used,Second-hand,149.0,<$200,2.328125,,,False,0.0,False,2.0,True,Seller 147,"Houston, Texas, United States",TX,2026-03-29,True,False,False,TX,Standard,Mid-Gen (12-13),284,4428.01,45.073891625615765
1994,Apple iPhone 12 Fully Unlocked 64GB/128GB Verizon - SmartPhone,iPhone 12,12,False,64.0,64GB,64GB|128GB,False,Used,Second-hand,163.0,<$200,2.546875,,,False,0.0,False,28.0,True,Seller 147,"Houston, Texas, United States",TX,2026-03-29,True,False,False,TX,Standard,Mid-Gen (12-13),284,4428.01,45.073891625615765
1995,Apple iPhone 12 64GB 128GB Clean IMEI Unlocked IOS WIFI LTE 5G,iPhone 12,12,False,64.0,64GB,64GB|128GB,False,Used,Second-hand,152.0,<$200,2.375,,,False,0.0,False,1.0,True,Seller 147,"Houston, Texas, United States",TX,2026-03-29,True,False,False,TX,Standard,Mid-Gen (12-13),284,4428.01,45.073891625615765
1996,Apple iPhone 12 Pro Max 128GB - Fully Unlocked - VERY GOOD Condition,iPhone 12 Pro Max,12,True,128.0,128GB,128GB,False,Very Good - Refurbished,Refurbished,314.99,$200-399,2.460859375,,,False,4.0,True,1906.0,True,Seller 114,"Brooklyn, New York, United States",NY,2026-03-29,True,False,False,NY,Pro,Mid-Gen (12-13),22,4867.01,4.6875
1997,New Apple iPhone 13 MINI A2481 128/256GB Factory Unlocked Sealed Box Smartphone,iPhone 13 Mini,13,False,256.0,256GB,256GB,False,New,Second-hand,321.01,$200-399,1.2539453125,,,False,2.0,True,3.0,True,Seller 560,"Whippany, New Jersey, United States",NJ,2026-03-29,True,False,False,NJ,Standard,Mid-Gen (12-13),151,491.95,6.462585034013606
1998,Apple iPhone 12 64GB 128GB Unlocked Verizon AT&T T-Mobile Free Return & Shippin,iPhone 12,12,False,64.0,64GB,64GB|128GB,False,Used,Second-hand,147.0,<$200,2.296875,,,False,1.0,True,0.0,False,Seller 147,"Houston, Texas, United States",TX,2026-03-29,True,False,False,TX,Standard,Mid-Gen (12-13),284,4428.01,45.073891625615765
1999,Apple iPhone 12 64/128GB AT&T Unlocked Verizon Green|White|Black Good Condition,iPhone 12,12,False,128.0,128GB,128GB,False,Used,Second-hand,148.0,<$200,1.15625,,,False,1.0,True,0.0,False,Seller 147,"Houston, Texas, United States",TX,2026-03-29,True,False,False,TX,Standard,Mid-Gen (12-13),284,4428.01,45.073891625615765
2000,Apple iPhone 12 64GB 128GB Unlocked iOS Green Blue Verizon U.S. Cellular 5G,iPhone 12,12,False,64.0,64GB,64GB|128GB,False,Used,Second-hand,167.0,<$200,2.609375,,,False,1.0,True,0.0,False,Seller 147,"Houston, Texas, United States",TX,2026-03-29,True,False,False,TX,Standard,Mid-Gen (12-13),284,4428.01,45.073891625615765
2001,Apple iPhone 12 64/128GB Fully Unlocked Att Verizon TMobile 5G iOS SmartPhone,iPhone 12,12,False,128.0,128GB,128GB,False,Used,Second-hand,147.0,<$200,1.1484375,,,False,0.0,False,7.0,True,Seller 147,"Houston, Texas, United States",TX,2026-03-29,True,False,False,TX,Standard,Mid-Gen (12-13),284,4428.01,45.073891625615765
2002,Apple iPhone 12 5G 64GB 128GB GSM Unlocked Verizon Att US Cellular Black Blue,iPhone 12,12,False,64.0,64GB,64GB|128GB,False,Used,Second-hand,161.0,<$200,2.515625,,,False,0.0,False,1.0,True,Seller 147,"Houston, Texas, United States",TX,2026-03-29,True,False,False,TX,Standard,Mid-Gen (12-13),284,4428.01,45.073891625615765
2003,Apple iPhone 12 Green Purple Red 64/128GB Fully Unlocked Verizon ATT Spectrum,iPhone 12,12,False,128.0,128GB,128GB,False,Used,Second-hand,161.0,<$200,1.2578125,,,False,0.0,False,3.0,True,Seller 147,"Houston, Texas, United States",TX,2026-03-29,True,False,False,TX,Standard,Mid-Gen (12-13),284,4428.01,45.073891625615765
2004,Apple iPhone 12 128GB 64GB Factory Unlocked Verizon ATT 5G Dual 12MP camera,iPhone 12,12,False,64.0,64GB,64GB|128GB,False,Used,Second-hand,153.0,<$200,2.390625,,,False,0.0,False,2.0,True,Seller 147,"Houston, Texas, United States",TX,2026-03-29,True,False,False,TX,Standard,Mid-Gen (12-13),284,4428.01,45.073891625615765
2005,Apple iPhone 13 Unlocked Verizon AT&T T-Mobile Very Good 128GB 256GB 512GB,iPhone 13,13,False,128.0,128GB,128GB|256GB|512GB,False,Used,Second-hand,227.0,$200-399,1.7734375,,,False,0.0,False,387.0,True,Seller 147,"Houston, Texas, United States",TX,2026-03-29,True,False,False,TX,Standard,Mid-Gen (12-13),141,4935.0,20.909090909090907
2006,Apple iPhone 13 Green Pink Black 128GB 256GB 512GB GSM Unlocked Verizon Tmobile,iPhone 13,13,False,128.0,128GB,128GB|256GB|512GB,False,Used,Second-hand,220.0,$200-399,1.71875,,,False,0.0,False,2.0,True,Seller 147,"Houston, Texas, United States",TX,2026-03-29,True,False,False,TX,Standard,Mid-Gen (12-13),141,4935.0,20.909090909090907
2007,Apple iPhone 13 128GB 512GB White / Blue Fully Unlocked Verizon AT&T 5G Good,iPhone 13,13,False,128.0,128GB,128GB|512GB,False,Used,Second-hand,214.0,$200-399,1.671875,,,False,0.0,False,5.0,True,Seller 403,"Houston, Texas, United States",TX,2026-03-29,True,False,False,TX,Standard,Mid-Gen (12-13),141,4935.0,20.909090909090907
2008,Apple iPhone 13 Pink Green Red 128GB/512GB Factory Unlocked Verizon 5G Excellen,iPhone 13,13,False,128.0,128GB,128GB|512GB,False,Used,Second-hand,209.0,$200-399,1.6328125,,,False,0.0,False,3.0,True,Seller 147,"Houston, Texas, United States",TX,2026-03-29,True,False,False,TX,Standard,Mid-Gen (12-13),141,4935.0,20.909090909090907
2009,Apple iPhone 13 512GB 256GB 128GB Unlocked Verizon AT&T Green Blue 5G Good!,iPhone 13,13,False,128.0,128GB,128GB|256GB|512GB,False,Used,Second-hand,210.0,$200-399,1.640625,,,False,0.0,False,142.0,True,Seller 147,"Houston, Texas, United States",TX,2026-03-29,True,False,False,TX,Standard,Mid-Gen (12-13),141,4935.0,20.909090909090907
2010,"Apple iPhone 12 64-128GB Factory Unlocked AT&T Spectrum Verizon Screen 6.1"" 5G",iPhone 12,12,False,128.0,128GB,128GB,False,Used,Second-hand,155.0,<$200,1.2109375,,,False,0.0,False,1.0,True,Seller 403,"Houston, Texas, United States",TX,2026-03-29,True,False,False,TX,Standard,Mid-Gen (12-13),284,4428.01,45.073891625615765
2011,Apple iPhone 13 Unlocked Verizon 256/128GB -Blue Pink Red- Very Good Condition,iPhone 13,13,False,128.0,128GB,128GB,False,Used,Second-hand,229.0,$200-399,1.7890625,,,False,0.0,False,2.0,True,Seller 147,"Houston, Texas, United States",TX,2026-03-29,True,False,False,TX,Standard,Mid-Gen (12-13),141,4935.0,20.909090909090907
2012,Brand NEW Apple iPhone 13 Mini A2481 128GB 256GB 512GB Factory Unlocked GSM+CDMA,iPhone 13 Mini,13,False,128.0,128GB,128GB|256GB|512GB,False,New,Second-hand,321.01,$200-399,2.507890625,,,False,2.0,True,6.0,True,Seller 021,"Whippany, New Jersey, United States",NJ,2026-03-29,True,False,False,NJ,Standard,Mid-Gen (12-13),151,491.95,6.462585034013606
2013,Apple iPhone 13 128GB 256GB 5G Unlocked Verizon Tmobile Att Very Good Cosmetics,iPhone 13,13,False,128.0,128GB,128GB|256GB,False,Used,Second-hand,208.0,$200-399,1.625,,,False,0.0,False,25.0,True,Seller 147,"Houston, Texas, United States",TX,2026-03-29,True,False,False,TX,Standard,Mid-Gen (12-13),141,4935.0,20.909090909090907
2014,Apple iPhone 13 -Starlight Pink Green- 128/256GB Unlocked Verizon Att Excellent,iPhone 13,13,False,256.0,256GB,256GB,False,Used,Second-hand,204.0,$200-399,0.796875,,,False,0.0,False,12.0,True,Seller 147,"Houston, Texas, United States",TX,2026-03-29,True,False,False,TX,Standard,Mid-Gen (12-13),141,4935.0,20.909090909090907
2015,Apple iPhone 13 256GB 128GB Midnight Starlight Pink Unlocked T-Mobile Verizon 5,iPhone 13,13,False,128.0,128GB,128GB|256GB,False,Used,Second-hand,199.0,<$200,1.5546875,,,False,0.0,False,21.0,True,Seller 147,"Houston, Texas, United States",TX,2026-03-29,True,False,False,TX,Standard,Mid-Gen (12-13),141,4935.0,20.909090909090907
2016,Apple iPhone 13 128GB 256GB 512GB Unlocked Att 5G WiFi Clean IMEI Pink/White,iPhone 13,13,False,128.0,128GB,128GB|256GB|512GB,False,Used,Second-hand,200.0,$200-399,1.5625,,,False,0.0,False,1.0,True,Seller 403,"Houston, Texas, United States",TX,2026-03-29,True,False,False,TX,Standard,Mid-Gen (12-13),141,4935.0,20.909090909090907
2017,Apple iPhone 12 64GB Unlocked T-Mobile AT&T Verizon Mint Condition,iPhone 12,12,False,64.0,64GB,64GB,False,Used,Second-hand,163.0,<$200,2.546875,,,False,1.0,True,0.0,False,Seller 147,"Houston, Texas, United States",TX,2026-03-29,True,False,False,TX,Standard,Mid-Gen (12-13),284,4428.01,45.073891625615765
2018,Apple iPhone 13 128/256/512GB Unlocked Verizon 5G -Midnight Starlight- Pristine,iPhone 13,13,False,512.0,512GB,512GB,False,Used,Second-hand,205.0,$200-399,0.400390625,,,False,0.0,False,2.0,True,Seller 147,"Houston, Texas, United States",TX,2026-03-29,True,False,False,TX,Standard,Mid-Gen (12-13),141,4935.0,20.909090909090907
2019,Apple iPhone 13 128GB 512GB Unlocked GSM CDMA Verizon ATT TMobile 5G iOS,iPhone 13,13,False,128.0,128GB,128GB|512GB,False,Used,Second-hand,210.0,$200-399,1.640625,,,False,0.0,False,165.0,True,Seller 147,"Houston, Texas, United States",TX,2026-03-29,True,False,False,TX,Standard,Mid-Gen (12-13),141,4935.0,20.909090909090907
2020,Apple iPhone 13 128GB Unlocked T-Mobile Very Good Condition iOS 5G LTE GSM,iPhone 13,13,False,128.0,128GB,128GB,False,Used,Second-hand,205.0,$200-399,1.6015625,,,False,0.0,False,4.0,True,Seller 147,"Houston, Texas, United States",TX,2026-03-29,True,False,False,TX,Standard,Mid-Gen (12-13),141,4935.0,20.909090909090907
2021,Apple iPhone 13 128GB 5G Unlocked Verizon AT&T Pristine Clean ESN iOS,iPhone 13,13,False,128.0,128GB,128GB,False,Used,Second-hand,208.0,$200-399,1.625,,,False,0.0,False,4.0,True,Seller 147,"Houston, Texas, United States",TX,2026-03-29,True,False,False,TX,Standard,Mid-Gen (12-13),141,4935.0,20.909090909090907
2022,Apple iPhone 13 128GB 512GB Starlight Green Red Unlocked Verizon Battery Good,iPhone 13,13,False,128.0,128GB,128GB|512GB,False,Used,Second-hand,199.0,<$200,1.5546875,,,False,0.0,False,2.0,True,Seller 147,"Houston, Texas, United States",TX,2026-03-29,True,False,False,TX,Standard,Mid-Gen (12-13),141,4935.0,20.909090909090907
2023,Apple iPhone 12 (64GB 128GB) CDMA/GSM Unlocked Verizon AT&T Pristine 5G,iPhone 12,12,False,64.0,64GB,64GB|128GB,False,Used,Second-hand,153.0,<$200,2.390625,,,False,0.0,False,1.0,True,Seller 147,"Houston, Texas, United States",TX,2026-03-29,True,False,False,TX,Standard,Mid-Gen (12-13),284,4428.01,45.073891625615765
2024,Apple iPhone 12 64/128GB Clean ESN GSM Unlocked Verizon At&t US Cellular 5G,iPhone 12,12,False,128.0,128GB,128GB,False,Used,Second-hand,150.0,<$200,1.171875,,,False,0.0,False,1.0,True,Seller 403,"Houston, Texas, United States",TX,2026-03-29,True,False,False,TX,Standard,Mid-Gen (12-13),284,4428.01,45.073891625615765
2025,Apple iPhone 12 - GSM Unlocked T-Mobile Verizon - 64GB 128GB - All Colors,iPhone 12,12,False,64.0,64GB,64GB|128GB,False,Used,Second-hand,160.0,<$200,2.5,,,False,0.0,False,2.0,True,Seller 147,"Houston, Texas, United States",TX,2026-03-29,True,False,False,TX,Standard,Mid-Gen (12-13),284,4428.01,45.073891625615765
2026,Apple iPhone 12 128GB 64GB Fully Unlocked Verizon Cricket T-Mobile 5G Very Good,iPhone 12,12,False,64.0,64GB,64GB|128GB,False,Used,Second-hand,163.0,<$200,2.546875,,,False,0.0,False,1.0,True,Seller 147,"Houston, Texas, United States",TX,2026-03-29,True,False,False,TX,Standard,Mid-Gen (12-13),284,4428.01,45.073891625615765
2027,Apple iPhone 12 64GB/128GB Unlocked Verizon AT&T 5G LTE GOOD Condition!,iPhone 12,12,False,64.0,64GB,64GB|128GB,False,Used,Second-hand,149.0,<$200,2.328125,,,False,0.0,False,1.0,True,Seller 403,"Houston, Texas, United States",TX,2026-03-29,True,False,False,TX,Standard,Mid-Gen (12-13),284,4428.01,45.073891625615765
2028,Apple iPhone 12 -64GB 128GB- Unlocked Verizon Metro AT&T T-Mobile Smartphone,iPhone 12,12,False,64.0,64GB,64GB|128GB,False,Used,Second-hand,153.0,<$200,2.390625,,,False,0.0,False,2.0,True,Seller 147,"Houston, Texas, United States",TX,2026-03-29,True,False,False,TX,Standard,Mid-Gen (12-13),284,4428.01,45.073891625615765
2029,Apple iPhone 12 64GB 128GB GSM Unlocked Verizon Tracfone T-Mobile 5G iOS WIFI,iPhone 12,12,False,64.0,64GB,64GB|128GB,False,Used,Second-hand,154.0,<$200,2.40625,,,False,0.0,False,4.0,True,Seller 147,"Houston, Texas, United States",TX,2026-03-29,True,False,False,TX,Standard,Mid-Gen (12-13),284,4428.01,45.073891625615765
2030,Apple iPhone 12 (64GB-128GB) Fully Unlocked Verizon T-Mobile AT&T Pristine 5G,iPhone 12,12,False,64.0,64GB,64GB|128GB,False,Used,Second-hand,156.0,<$200,2.4375,,,False,0.0,False,3.0,True,Seller 147,"Houston, Texas, United States",TX,2026-03-29,True,False,False,TX,Standard,Mid-Gen (12-13),284,4428.01,45.073891625615765
2031,Apple iPhone 12 64GB 128GB Unlocked AT&T T-Mobile Verizon 5G (Green White Black,iPhone 12,12,False,64.0,64GB,64GB|128GB,False,Used,Second-hand,147.0,<$200,2.296875,,,False,0.0,False,8.0,True,Seller 403,"Houston, Texas, United States",TX,2026-03-29,True,False,False,TX,Standard,Mid-Gen (12-13),284,4428.01,45.073891625615765
2032,Apple iPhone 12 64GB 128GB Unlocked Verizon AT&T T-Mobile - Black White Purple,iPhone 12,12,False,64.0,64GB,64GB|128GB,False,Used,Second-hand,153.0,<$200,2.390625,,,False,0.0,False,6.0,True,Seller 403,"Houston, Texas, United States",TX,2026-03-29,True,False,False,TX,Standard,Mid-Gen (12-13),284,4428.01,45.073891625615765
2033,Apple iPhone 12 128GB|64GB Unlocked AT&T Verizon T-Mobile CDMA/GSM 5G iOS WIFI,iPhone 12,12,False,64.0,64GB,64GB|128GB,False,Used,Second-hand,153.0,<$200,2.390625,,,False,0.0,False,63.0,True,Seller 147,"Houston, Texas, United States",TX,2026-03-29,True,False,False,TX,Standard,Mid-Gen (12-13),284,4428.01,45.073891625615765
2034,Apple iPhone 12 64GB 128GB Unlocked Verizon AT&T T-Mobile - Black Blue Green,iPhone 12,12,False,64.0,64GB,64GB|128GB,False,Used,Second-hand,153.0,<$200,2.390625,,,False,1.0,True,0.0,False,Seller 147,"Houston, Texas, United States",TX,2026-03-29,True,False,False,TX,Standard,Mid-Gen (12-13),284,4428.01,45.073891625615765
2035,Apple iPhone 12 64GB 128GB Unlocked Verizon ATT Cricket Wireless Black Green Re,iPhone 12,12,False,64.0,64GB,64GB|128GB,False,Used,Second-hand,145.0,<$200,2.265625,,,False,0.0,False,4.0,True,Seller 147,"Houston, Texas, United States",TX,2026-03-29,True,False,False,TX,Standard,Mid-Gen (12-13),284,4428.01,45.073891625615765
2036,Apple iPhone 12 - GSM Unlocked Verizon AT&T Smartphone - 64GB 128GB - All Color,iPhone 12,12,False,64.0,64GB,64GB|128GB,False,Used,Second-hand,156.0,<$200,2.4375,,,False,0.0,False,1.0,True,Seller 147,"Houston, Texas, United States",TX,2026-03-29,True,False,False,TX,Standard,Mid-Gen (12-13),284,4428.01,45.073891625615765
2037,Apple iPhone 12 64GB 128GB Unlocked Verizon AT&T T-Mobile 5G - Black Blue White,iPhone 12,12,False,64.0,64GB,64GB|128GB,False,Used,Second-hand,154.0,<$200,2.40625,,,False,0.0,False,1.0,True,Seller 147,"Houston, Texas, United States",TX,2026-03-29,True,False,False,TX,Standard,Mid-Gen (12-13),284,4428.01,45.073891625615765
2038,Apple iPhone 12 64GB/128GB Unlocked Verizon T-Mobile AT&T Dual SIM Face ID 5G,iPhone 12,12,False,64.0,64GB,64GB|128GB,False,Used,Second-hand,149.0,<$200,2.328125,,,False,0.0,False,4.0,True,Seller 147,"Houston, Texas, United States",TX,2026-03-29,True,False,False,TX,Standard,Mid-Gen (12-13),284,4428.01,45.073891625615765
2039,Apple iPhone 12 64/128GB Network Unlocked Good Condition,iPhone 12,12,False,128.0,128GB,128GB,False,Used,Second-hand,150.0,<$200,1.171875,,,False,0.0,False,8.0,True,Seller 147,"Houston, Texas, United States",TX,2026-03-29,True,False,False,TX,Standard,Mid-Gen (12-13),284,4428.01,45.073891625615765
2040,Apple iPhone 12 64GB 128GB iOS WIFI LTE 5G Unlocked Verizon Smartphone,iPhone 12,12,False,64.0,64GB,64GB|128GB,False,Used,Second-hand,150.0,<$200,2.34375,,,False,0.0,False,1.0,True,Seller 403,"Houston, Texas, United States",TX,2026-03-29,True,False,False,TX,Standard,Mid-Gen (12-13),284,4428.01,45.073891625615765
2041,Apple iPhone 12 64GB 128GB Unlocked Verizon WIFI iOS 4G LTE Blue Purple,iPhone 12,12,False,64.0,64GB,64GB|128GB,False,Used,Second-hand,161.0,<$200,2.515625,,,False,0.0,False,4.0,True,Seller 403,"Houston, Texas, United States",TX,2026-03-29,True,False,False,TX,Standard,Mid-Gen (12-13),284,4428.01,45.073891625615765
2042,Apple iPhone 12 64GB 128GB Unlocked Verizon AT&T T-Mobile Dual SIM - Face ID,iPhone 12,12,False,64.0,64GB,64GB|128GB,False,Used,Second-hand,154.0,<$200,2.40625,,,False,0.0,False,3.0,True,Seller 403,"Houston, Texas, United States",TX,2026-03-29,True,False,False,TX,Standard,Mid-Gen (12-13),284,4428.01,45.073891625615765
2043,Apple iPhone 12 64GB 128GB Black Green White Unlocked Verizon T-Mobile Clean ES,iPhone 12,12,False,64.0,64GB,64GB|128GB,False,Used,Second-hand,146.0,<$200,2.28125,,,False,1.0,True,0.0,False,Seller 147,"Houston, Texas, United States",TX,2026-03-29,True,False,False,TX,Standard,Mid-Gen (12-13),284,4428.01,45.073891625615765
2044,"Apple iPhone 12 64GB 128GB GSM Unlocked Screen 6.1"" Verizon Att Very Good iOS",iPhone 12,12,False,64.0,64GB,64GB|128GB,False,Used,Second-hand,163.0,<$200,2.546875,,,False,0.0,False,1.0,True,Seller 147,"Houston, Texas, United States",TX,2026-03-29,True,False,False,TX,Standard,Mid-Gen (12-13),284,4428.01,45.073891625615765
2045,Apple iPhone 12 128/64GB Att Unlocked Straight Talk Purple Red White 5G LTE,iPhone 12,12,False,64.0,64GB,64GB,False,Used,Second-hand,159.0,<$200,2.484375,,,False,0.0,False,1.0,True,Seller 403,"Houston, Texas, United States",TX,2026-03-29,True,False,False,TX,Standard,Mid-Gen (12-13),284,4428.01,45.073891625615765
2046,Apple iPhone 12 64/28GB iOS Unlocked Verizon Att Black Blue Green Battery Good,iPhone 12,12,False,,Tidak Diketahui,28GB,True,Used,Second-hand,151.0,<$200,,,,False,0.0,False,4.0,True,Seller 147,"Houston, Texas, United States",TX,2026-03-29,True,False,False,TX,Standard,Mid-Gen (12-13),284,4428.01,45.073891625615765
2047,Apple iPhone 12 64GB Unlocked Metro PCS US Cellular iOS Good 5G Clean IMEI,iPhone 12,12,False,64.0,64GB,64GB,False,Used,Second-hand,158.0,<$200,2.46875,,,False,0.0,False,1.0,True,Seller 147,"Houston, Texas, United States",TX,2026-03-29,True,False,False,TX,Standard,Mid-Gen (12-13),284,4428.01,45.073891625615765
2048,Apple iPhone 12 (64GB) Unlocked Verizon At&t T-Mobile 5G Capable Very Good,iPhone 12,12,False,64.0,64GB,64GB,False,Used,Second-hand,154.0,<$200,2.40625,,,False,0.0,False,2.0,True,Seller 403,"Houston, Texas, United States",TX,2026-03-29,True,False,False,TX,Standard,Mid-Gen (12-13),284,4428.01,45.073891625615765
2049,Apple iPhone 13 128GB Green/Black Unlocked Verizon 5G TMobile Good Condition,iPhone 13,13,False,128.0,128GB,128GB,False,Used,Second-hand,207.0,$200-399,1.6171875,,,False,0.0,False,5.0,True,Seller 403,"Houston, Texas, United States",TX,2026-03-29,True,False,False,TX,Standard,Mid-Gen (12-13),141,4935.0,20.909090909090907
2050,Apple iPhone 16 128GB Unlocked Excellent Condition,iPhone 16,16,False,128.0,128GB,128GB,False,Excellent - Refurbished,Refurbished,545.0,$400-599,4.2578125,,,False,0.0,False,269.0,True,Seller 472,"Bloomington, Indiana, United States",IN,2026-03-29,True,False,False,IN,Standard,Modern (14+),3,639.5,7.207207207207207
2051,Apple iPhone 14 Pro Max 1TB Unlocked ✨6GB RAM 4 Colors A2651 6.7'' - Excellent,iPhone 14 Pro Max,14,True,1024.0,1024GB,1024GB,False,Used,Second-hand,638.99,$600-899,0.624013671875,,,False,2.0,True,0.0,False,Seller 467,"Alhambra, California, United States",CA,2026-03-29,True,False,False,CA,Pro,Modern (14+),58,2750.0,8.085106382978724
2052,Apple iPhone 15 Pro 128GB Unlocked AT&T T-Mobile Verizon Excellent Condition,iPhone 15 Pro,15,True,128.0,128GB,128GB,False,Excellent - Refurbished,Refurbished,488.95,$400-599,3.819921875,999.0,51.06,True,0.0,False,926.0,True,Seller 165,"Lawrence, Kansas, United States",KS,2026-03-29,True,False,False,KS,Pro,Modern (14+),3,120.64000000000004,33.33333333333333
2053,Apple iPhone 15 128GB Factory Unlocked AT&T T-Mobile Verizon Good Condition,iPhone 15,15,False,128.0,128GB,128GB,False,Good - Refurbished,Refurbished,362.95,$200-399,2.835546875,799.0,54.57,True,3.0,True,326.0,True,Seller 165,"Lawrence, Kansas, United States",KS,2026-03-29,True,False,False,KS,Standard,Modern (14+),5,171.96000000000004,13.636363636363635
2054,Apple iPhone 15 128GB Factory Unlocked AT&T T-Mobile Verizon Very Good Condition,iPhone 15,15,False,128.0,128GB,128GB,False,Very Good - Refurbished,Refurbished,376.95,$200-399,2.944921875,799.0,52.82,True,63.0,True,2059.0,True,Seller 165,"Lawrence, Kansas, United States",KS,2026-03-29,True,False,False,KS,Standard,Modern (14+),5,171.96000000000004,13.636363636363635
2055,Apple iPhone 15 256GB Factory Unlocked AT&T T-Mobile Verizon Very Good Condition,iPhone 15,15,False,256.0,256GB,256GB,False,Very Good - Refurbished,Refurbished,410.95,$400-599,1.6052734375,899.0,54.29,True,19.0,True,898.0,True,Seller 165,"Lawrence, Kansas, United States",KS,2026-03-29,True,False,False,KS,Standard,Modern (14+),5,171.96000000000004,13.636363636363635
2056,Apple iPhone 15 256GB Factory Unlocked AT&T T-Mobile Verizon Excellent Condition,iPhone 15,15,False,256.0,256GB,256GB,False,Excellent - Refurbished,Refurbished,448.95,$400-599,1.7537109375,899.0,50.06,True,0.0,False,946.0,True,Seller 165,"Lawrence, Kansas, United States",KS,2026-03-29,True,False,False,KS,Standard,Modern (14+),5,171.96000000000004,13.636363636363635
2057,Broken Unlocked Apple iPhone 12 Pro Max 128GB Cracked and Unable to Activate,iPhone 12 Pro Max,12,True,128.0,128GB,128GB,False,For Parts Or Not Working,Damaged,132.99,<$200,1.038984375,,,False,0.0,False,0.0,False,Seller 133,"Spring, Texas, United States",TX,2026-03-29,True,False,False,TX,Pro,Mid-Gen (12-13),10,4867.01,4.6875
2058,Apple iPhone 15 256GB (Unlocked) Very Good Condition,iPhone 15,15,False,256.0,256GB,256GB,False,Very Good - Refurbished,Refurbished,403.99,$400-599,1.5780859375,,,False,2.0,True,0.0,False,Seller 108,"Long Island City, New York, United States",NY,2026-03-29,True,False,False,NY,Standard,Modern (14+),10,171.96000000000004,13.636363636363635
2059,NEW Apple iPhone 14 PRO MAX 5G 128/256/512G Verizon AT&T T-mobile FULLY UNLOCKED,iPhone 14 Pro Max,14,True,,Tidak Diketahui,,False,New,Second-hand,629.51,$600-899,,,,False,1.0,True,0.0,False,Seller 155,"Los Angeles, California, United States",CA,2026-03-29,True,False,False,CA,Pro,Modern (14+),58,2750.0,8.085106382978724
2060,Apple iPhone 14 128GB - Fully Unlocked -,iPhone 14,14,False,128.0,128GB,128GB,False,Open Box,Like New,264.99,$200-399,2.070234375,,,False,0.0,False,0.0,False,Seller 636,"Pompano Beach, Florida, United States",FL,2026-03-29,True,False,False,FL,Standard,Modern (14+),27,1329.99,21.492537313432834
2061,Apple iPhone 15 A2846 128GB Unlocked Very Good Condition,iPhone 15,15,False,128.0,128GB,128GB,False,Very Good - Refurbished,Refurbished,390.99,$200-399,3.054609375,899.99,56.56,True,0.0,False,5921.0,True,Seller 050,"Addison, Texas, United States",TX,2026-03-29,True,False,False,TX,Standard,Modern (14+),5,171.96000000000004,13.636363636363635
2062,Apple iPhone 15 256GB Factory Unlocked AT&T T-Mobile Verizon Good Condition,iPhone 15,15,False,256.0,256GB,256GB,False,Good - Refurbished,Refurbished,401.95,$400-599,1.5701171875,,,False,3.0,True,167.0,True,Seller 165,"Lawrence, Kansas, United States",KS,2026-03-29,True,False,False,KS,Standard,Modern (14+),5,171.96000000000004,13.636363636363635
2063,Apple iPhone 15 Pro A2848 256GB Unlocked - Very Good Condition,iPhone 15 Pro,15,True,256.0,256GB,256GB,False,Very Good - Refurbished,Refurbished,493.99,$400-599,1.9296484375,1199.99,58.83,True,0.0,False,10769.0,True,Seller 050,"Addison, Texas, United States",TX,2026-03-29,True,False,False,TX,Pro,Modern (14+),2,120.64000000000004,33.33333333333333
2064,Apple iPhone 15 Pro A2848 128GB Unlocked - Very Good Condition,iPhone 15 Pro,15,True,128.0,128GB,128GB,False,Very Good - Refurbished,Refurbished,464.99,$400-599,3.632734375,1099.99,57.73,True,0.0,False,6346.0,True,Seller 050,"Addison, Texas, United States",TX,2026-03-29,True,False,False,TX,Pro,Modern (14+),2,120.64000000000004,33.33333333333333
2065,Apple iPhone 16 128GB Unlocked Very Good Condition,iPhone 16,16,False,128.0,128GB,128GB,False,Very Good - Refurbished,Refurbished,570.99,$400-599,4.460859375,732.99,22.1,True,0.0,False,1994.0,True,Seller 050,"Addison, Texas, United States",TX,2026-03-29,True,False,False,TX,Standard,Modern (14+),4,639.5,7.207207207207207
2066,Apple iPhone 16 128GB Unlocked Excellent Condition,iPhone 16,16,False,128.0,128GB,128GB,False,Excellent - Refurbished,Refurbished,594.99,$400-599,4.648359375,1299.99,54.23,True,0.0,False,1494.0,True,Seller 050,"Addison, Texas, United States",TX,2026-03-29,True,False,False,TX,Standard,Modern (14+),4,639.5,7.207207207207207
2067,Apple iPhone 15 A2846 (Fully Unlocked) 128GB Blue (Very Good),iPhone 15,15,False,128.0,128GB,128GB,False,Very Good - Refurbished,Refurbished,400.49,$400-599,3.128828125,,,False,10.0,True,48.0,True,Seller 203,"Los Angeles, California, United States",CA,2026-03-29,True,False,False,CA,Standard,Modern (14+),10,171.96000000000004,13.636363636363635
2068,Apple iPhone 14 A2649 (Fully Unlocked) 128GB Purple (Excellent),iPhone 14,14,False,128.0,128GB,128GB,False,Excellent - Refurbished,Refurbished,322.99,$200-399,2.523359375,,,False,10.0,True,3.0,True,Seller 203,"Los Angeles, CA, United States",CA,2026-03-29,True,False,False,CA,Standard,Modern (14+),40,1329.99,21.492537313432834
2069,Apple iPhone 17 Pro Max | US Version | 256GB | eSIM | Deep Blue | Unlocked,iPhone 17 Pro Max,17,True,256.0,256GB,256GB,False,New,Second-hand,1499.0,$1300+,5.85546875,1599.0,6.25,True,9.0,True,14.0,True,Seller 067,"North Brunswick, New Jersey, United States",NJ,2026-03-29,True,False,False,NJ,Pro,Modern (14+),6,2710.0,8.176100628930817
2070,Apple iPhone 15 Plus A2847 256GB Unlocked Very Good Condition,iPhone 15 Plus,15,False,256.0,256GB,256GB,False,Very Good - Refurbished,Refurbished,423.99,$400-599,1.6562109375,999.99,57.6,True,0.0,False,1614.0,True,Seller 050,"Addison, Texas, United States",TX,2026-03-29,True,False,False,TX,Standard,Modern (14+),1,88.0,25.0
2071,Apple iPhone 15 A2846 256GB Unlocked Excellent Condition,iPhone 15,15,False,256.0,256GB,256GB,False,Excellent - Refurbished,Refurbished,442.99,$400-599,1.7304296875,648.02,31.64,True,0.0,False,122.0,True,Seller 050,"Addison, Texas, United States",TX,2026-03-29,True,False,False,TX,Standard,Modern (14+),5,171.96000000000004,13.636363636363635
2072,Apple iPhone 15 A2846 256GB Unlocked Very Good Condition,iPhone 15,15,False,256.0,256GB,256GB,False,Very Good - Refurbished,Refurbished,410.99,$400-599,1.6054296875,949.99,56.74,True,0.0,False,803.0,True,Seller 050,"Addison, Texas, United States",TX,2026-03-29,True,False,False,TX,Standard,Modern (14+),5,171.96000000000004,13.636363636363635
2073,Apple iPhone 16 A3081 256GB Unlocked Excellent Condition,iPhone 16,16,False,256.0,256GB,256GB,False,Excellent - Refurbished,Refurbished,588.99,$400-599,2.3007421875,1399.99,57.93,True,0.0,False,170.0,True,Seller 050,"Addison, Texas, United States",TX,2026-03-29,True,False,False,TX,Standard,Modern (14+),4,639.5,7.207207207207207
2074,Apple iPhone 15 Pro Max A2849 256GB Unlocked Very Good,iPhone 15 Pro Max,15,True,256.0,256GB,256GB,False,Very Good - Refurbished,Refurbished,568.99,$400-599,2.2226171875,1299.99,56.23,True,0.0,False,48450.0,True,Seller 050,"Addison, Texas, United States",TX,2026-03-29,True,False,False,TX,Pro,Modern (14+),1,0.0,100.0
2075,iPhone 15 128GB 256GB 512GB Verizon AT&T T-Mobile Unlocked (Very Good),iPhone 15,15,False,128.0,128GB,128GB|256GB|512GB,False,Very Good - Refurbished,Refurbished,390.59,$200-399,3.051484375,,,False,10.0,True,4.0,True,Seller 203,"Los Angeles, California, United States",CA,2026-03-29,True,False,False,CA,Standard,Modern (14+),10,171.96000000000004,13.636363636363635
2076,Apple iPhone 16 128GB Factory Unlocked AT&T T-Mobile Verizon Excellent Condition,iPhone 16,16,False,128.0,128GB,128GB,False,Excellent - Refurbished,Refurbished,575.95,$400-599,4.499609375,799.0,27.92,True,16.0,True,428.0,True,Seller 165,"Lawrence, Kansas, United States",KS,2026-03-29,True,False,False,KS,Standard,Modern (14+),9,639.5,7.207207207207207
2077,Apple iPhone 16 128GB Factory Unlocked Open Box Mint Smartphone A3081,iPhone 16,16,False,128.0,128GB,128GB,False,Open Box,Like New,624.7,$600-899,4.88046875,799.0,21.81,True,16.0,True,46.0,True,Seller 165,"Lawrence, Kansas, United States",KS,2026-03-29,True,False,False,KS,Standard,Modern (14+),9,639.5,7.207207207207207
2078,"New Sealed Apple iPhone 13 MINI A2481 128/256/512GB 5.4"" Factory Unlocked CDMA",iPhone 13 Mini,13,False,512.0,512GB,512GB,False,New,Second-hand,321.01,$200-399,0.62697265625,,,False,2.0,True,25.0,True,Seller 194,"Whippany, New Jersey, United States",NJ,2026-03-29,True,False,False,NJ,Standard,Mid-Gen (12-13),151,491.95,6.462585034013606
2079,Factory Unlocked Apple iPhone 14 Pro Max 128GB Deep Purple MQ993VC/A,iPhone 14 Pro Max,14,True,128.0,128GB,128GB,False,Used,Second-hand,598.99,$400-599,4.679609375,,,False,0.0,False,0.0,False,Seller 125,"Kanata, Canada",INTL,2026-03-29,True,False,False,INTL,Pro,Modern (14+),17,2750.0,8.085106382978724
2080,Factory Unlocked Apple iPhone 13 128GB Midnight MLNC3VC/A,iPhone 13,13,False,128.0,128GB,128GB,False,Used,Second-hand,324.99,$200-399,2.538984375,,,False,0.0,False,0.0,False,Seller 122,"Calgary, Canada",INTL,2026-03-29,True,False,False,INTL,Standard,Mid-Gen (12-13),17,4935.0,20.909090909090907
2081,"Apple iPhone 14, 128GB-256GB-512GB, Unlocked - Very Good Condition - All Colors",iPhone 14,14,False,128.0,128GB,128GB|256GB|512GB,False,Used,Second-hand,289.99,$200-399,2.265546875,,,False,0.0,False,1696.0,True,Seller 061,"Brooklyn, New York, United States",NY,2026-03-29,True,False,False,NY,Standard,Modern (14+),29,1329.99,21.492537313432834
2082,"Apple iPhone 14, 128/256/512GB, Unlocked - All Colors -Used Excellent",iPhone 14,14,False,512.0,512GB,512GB,False,Used,Second-hand,319.99,$200-399,0.62498046875,,,False,10.0,True,226.0,True,Seller 061,"Brooklyn, New York, United States",NY,2026-03-29,True,False,False,NY,Standard,Modern (14+),29,1329.99,21.492537313432834
2083,"Apple iPhone 13 Mini, 128/256/512GB - Unlocked - Used Excellent - All colors",iPhone 13 Mini,13,False,512.0,512GB,512GB,False,Used,Second-hand,254.99,$200-399,0.49802734375,,,False,10.0,True,479.0,True,Seller 061,"Brooklyn, New York, United States",NY,2026-03-29,True,False,False,NY,Standard,Mid-Gen (12-13),31,491.95,6.462585034013606
2084,"Apple iPhone 12, 64/128/256GB - Unlocked - All colors - Used Excellent",iPhone 12,12,False,256.0,256GB,256GB,False,Used,Second-hand,229.99,$200-399,0.8983984375,,,False,10.0,True,626.0,True,Seller 061,"Brooklyn, New York, United States",NY,2026-03-29,True,False,False,NY,Standard,Mid-Gen (12-13),24,4428.01,45.073891625615765
2085,"Apple iPhone 12 Pro Max, 128/256/512GB - Unlocked - Used Very Good",iPhone 12 Pro Max,12,True,512.0,512GB,512GB,False,Used,Second-hand,314.99,$200-399,0.61521484375,,,False,0.0,False,912.0,True,Seller 061,"Brooklyn, New York, United States",NY,2026-03-29,True,False,False,NY,Pro,Mid-Gen (12-13),22,4867.01,4.6875
2086,"Apple iPhone 13 Mini, 128/256/512GB - Unlocked - Used Good - All colors",iPhone 13 Mini,13,False,512.0,512GB,512GB,False,Used,Second-hand,214.99,$200-399,0.41990234375,,,False,5.0,True,549.0,True,Seller 061,"Brooklyn, New York, United States",NY,2026-03-29,True,False,False,NY,Standard,Mid-Gen (12-13),31,491.95,6.462585034013606
2087,Apple iPhone 14 128GB - Fully Unlocked - EXCELLENT Condition,iPhone 14,14,False,128.0,128GB,128GB,False,Excellent - Refurbished,Refurbished,304.99,$200-399,2.382734375,,,False,10.0,True,476.0,True,Seller 114,"Brooklyn, New York, United States",NY,2026-03-29,True,False,False,NY,Standard,Modern (14+),29,1329.99,21.492537313432834
2088,Apple iPhone 16 512GB Factory Unlocked AT&T T-Mobile Verizon Very Good Condition,iPhone 16,16,False,512.0,512GB,512GB,False,Very Good - Refurbished,Refurbished,677.95,$600-899,1.32412109375,1099.0,38.31,True,2.0,True,55.0,True,Seller 165,"Lawrence, Kansas, United States",KS,2026-03-29,True,False,False,KS,Standard,Modern (14+),9,639.5,7.207207207207207
2089,Apple iPhone 15 Plus - 128GB - Fully Unlocked - EXCELLENT Condition,iPhone 15 Plus,15,False,128.0,128GB,128GB,False,Excellent - Refurbished,Refurbished,414.99,$400-599,3.242109375,,,False,12.0,True,44.0,True,Seller 114,"Brooklyn, New York, United States",NY,2026-03-29,True,False,False,NY,Standard,Modern (14+),3,88.0,25.0
2090,Apple iPhone 14 Plus 128GB A2632 (CDMA&GSM) Unlocked All Colors ~Used/Good!,iPhone 14 Plus,14,False,128.0,128GB,128GB,False,Used,Second-hand,274.99,$200-399,2.148359375,,,False,10.0,True,5.0,True,Seller 163,"Brooklyn, New York, United States",NY,2026-03-29,True,False,False,NY,Standard,Modern (14+),21,3410.0,31.343283582089555
2091,Apple iPhone 16 128GB Factory Unlocked AT&T T-Mobile Verizon Very Good Condition,iPhone 16,16,False,128.0,128GB,128GB,False,Very Good - Refurbished,Refurbished,546.95,$400-599,4.273046875,799.0,31.55,True,0.0,False,620.0,True,Seller 165,"Lawrence, Kansas, United States",KS,2026-03-29,True,False,False,KS,Standard,Modern (14+),9,639.5,7.207207207207207
2092,Apple iPhone 16 512GB Factory Unlocked AT&T T-Mobile Verizon Excellent Condition,iPhone 16,16,False,512.0,512GB,512GB,False,Excellent - Refurbished,Refurbished,720.95,$600-899,1.40810546875,1099.0,34.4,True,0.0,False,31.0,True,Seller 165,"Lawrence, Kansas, United States",KS,2026-03-29,True,False,False,KS,Standard,Modern (14+),9,639.5,7.207207207207207
2093,Apple iPhone 15 Pro 128GB Unlocked AT&T T-Mobile Verizon Very Good Condition,iPhone 15 Pro,15,True,128.0,128GB,128GB,False,Very Good - Refurbished,Refurbished,449.95,$400-599,3.515234375,999.0,54.96,True,12.0,True,794.0,True,Seller 165,"Lawrence, Kansas, United States",KS,2026-03-29,True,False,False,KS,Pro,Modern (14+),3,120.64000000000004,33.33333333333333
2094,Apple iPhone 15 Pro 256GB Unlocked AT&T T-Mobile Verizon Excellent Condition,iPhone 15 Pro,15,True,256.0,256GB,256GB,False,Excellent - Refurbished,Refurbished,527.95,$400-599,2.0623046875,1099.0,51.96,True,7.0,True,865.0,True,Seller 165,"Lawrence, Kansas, United States",KS,2026-03-29,True,False,False,KS,Pro,Modern (14+),3,120.64000000000004,33.33333333333333
2095,Apple iPhone 14 512GB Factory Unlocked AT&T T-Mobile Verizon Very Good Condition,iPhone 14,14,False,512.0,512GB,512GB,False,Very Good - Refurbished,Refurbished,353.95,$200-399,0.69130859375,1099.0,67.79,True,2.0,True,179.0,True,Seller 165,"Lawrence, Kansas, United States",KS,2026-03-29,True,False,False,KS,Standard,Modern (14+),9,1329.99,21.492537313432834
2096,NEW*  Apple iPhone 17 Pro Max 256GB | Factory Unlocked ESIM | All Colors!,iPhone 17 Pro Max,17,True,256.0,256GB,256GB,False,Open Box,Like New,1329.99,$1300+,5.1952734375,,,False,0.0,False,5.0,True,Seller 015,"Bella Vista, Arkansas, United States",AR,2026-03-29,True,False,False,AR,Pro,Modern (14+),4,2710.0,8.176100628930817
2097,Apple iPhone 17 Pro Max – 1TB – Cosmic Orange – AT&T (Clean IMEI) – Brand New,iPhone 17 Pro Max,17,True,1024.0,1024GB,1024GB,False,New,Second-hand,1399.99,$1300+,1.367177734375,,,False,3.0,True,0.0,False,Seller 552,"Portland, Oregon, United States",OR,2026-03-29,True,False,False,OR,Pro,Modern (14+),2,2710.0,8.176100628930817
2098,Apple iPhone 17 Pro Max 512GB Unlocked Excellent Condition - All Colors,iPhone 17 Pro Max,17,True,512.0,512GB,512GB,False,Excellent - Refurbished,Refurbished,1369.99,$1300+,2.67576171875,,,False,0.0,False,1.0,True,Seller 084,"Sanford, Florida, United States",FL,2026-03-29,True,False,False,FL,Pro,Modern (14+),19,2710.0,8.176100628930817
2099,NEW*  Apple iPhone 17 Pro Max | 512GB | ESIM Factory Unlocked | All Colors!,iPhone 17 Pro Max,17,True,512.0,512GB,512GB,False,Open Box,Like New,1499.99,$1300+,2.92966796875,,,False,0.0,False,5.0,True,Seller 015,"Bella Vista, Arkansas, United States",AR,2026-03-29,True,False,False,AR,Pro,Modern (14+),4,2710.0,8.176100628930817
2100,Apple iPhone 14 PRO MAX 256GB - Fully Unlocked - VERY GOOD Condition,iPhone 14 Pro Max,14,True,256.0,256GB,256GB,False,Very Good - Refurbished,Refurbished,509.99,$400-599,1.9921484375,,,False,3.0,True,4.0,True,Seller 114,"Brooklyn, New York, United States",NY,2026-03-29,True,False,False,NY,Pro,Modern (14+),31,2750.0,8.085106382978724
2101,New in Sealed Box Apple iPhone 13 Mini/12 Mini 128/256GB USA Unlocked Smartphone,iPhone 13 Mini,13,False,256.0,256GB,256GB,False,New,Second-hand,331.99,$200-399,,,,False,5.0,True,6.0,True,Seller 560,"Los Angeles, California, United States",CA,2026-03-29,True,True,False,CA,Standard,Mid-Gen (12-13),54,491.95,6.462585034013606
2102,iPhone 16 128GB 256GB 512GB Verizon AT&T T-Mobile Unlocked (Excellent),iPhone 16,16,False,128.0,128GB,128GB|256GB|512GB,False,Excellent - Refurbished,Refurbished,530.99,$400-599,4.148359375,,,False,10.0,True,1.0,True,Seller 203,"Los Angeles, California, United States",CA,2026-03-29,True,False,False,CA,Standard,Modern (14+),14,639.5,7.207207207207207
2103,iPhone 15 128GB 256GB 512GB Verizon AT&T T-Mobile Unlocked (Excellent),iPhone 15,15,False,128.0,128GB,128GB|256GB|512GB,False,Excellent - Refurbished,Refurbished,400.49,$400-599,3.128828125,,,False,10.0,True,32.0,True,Seller 203,"Los Angeles, California, United States",CA,2026-03-29,True,False,False,CA,Standard,Modern (14+),10,171.96000000000004,13.636363636363635
2104,Apple iPhone 12 | 12 mini 64GB | 128GB | 256GB (Unlocked AT&T Verizon T-Mobile),iPhone 12,12,False,64.0,64GB,64GB|128GB|256GB,False,Open Box,Like New,142.45,<$200,2.22578125,149.95,5.0,True,5.0,True,61.0,True,Seller 190,"Spartanburg, South Carolina, United States",SC,2026-03-29,True,False,False,SC,Standard,Mid-Gen (12-13),2,4428.01,45.073891625615765
2105,Apple iPhone 14 | 14 Plus - 128GB | 256GB | 512GB (Unlocked) Smartphone,iPhone 14,14,False,128.0,128GB,128GB|256GB|512GB,False,Very Good - Refurbished,Refurbished,270.7,$200-399,2.11484375,284.95,5.0,True,0.0,False,157.0,True,Seller 190,"Spartanburg, South Carolina, United States",SC,2026-03-29,True,False,False,SC,Standard,Modern (14+),3,1329.99,21.492537313432834
2106,Apple iPhone 14 Blue 128GB Unlocked 5G Prestige A+ 100% Battery1Yr Warranty,iPhone 14,14,False,128.0,128GB,128GB,False,Open Box,Like New,275.99,$200-399,2.156171875,,,False,3.0,True,71.0,True,Seller 556,"Reading, United Kingdom",INTL,2026-03-29,True,False,False,INTL,Standard,Modern (14+),16,1329.99,21.492537313432834
2107,New Factory Unlocked Apple iPhone 17 Pro Max 512GB Silver Dual Sim MG0X4CH/A,iPhone 17 Pro Max,17,True,512.0,512GB,512GB,False,New,Second-hand,1799.99,$1300+,3.51560546875,,,False,0.0,False,0.0,False,Seller 131,"South San Francisco, California, United States",CA,2026-03-29,True,False,False,CA,Pro,Modern (14+),25,2710.0,8.176100628930817
2108,Broken Unlocked Apple iPhone 12 Pro Max 128GB 18.5 MGA93LL/A Service Battery,iPhone 12 Pro Max,12,True,128.0,128GB,128GB,False,For Parts Or Not Working,Damaged,199.99,<$200,1.562421875,,,False,0.0,False,0.0,False,Seller 130,"Austin, Texas, United States",TX,2026-03-29,True,False,False,TX,Pro,Mid-Gen (12-13),10,4867.01,4.6875
2109,"Apple iPhone 13 Mini, 128/256/512GB - Unlocked - Refurbished B Grade",iPhone 13 Mini,13,False,512.0,512GB,512GB,False,Very Good - Refurbished,Refurbished,229.99,$200-399,0.44919921875,,,False,10.0,True,38.0,True,Seller 061,"Brooklyn, New York, United States",NY,2026-03-29,True,False,False,NY,Standard,Mid-Gen (12-13),31,491.95,6.462585034013606
2110,"Apple iPhone 14 Plus, 128- 256-512GB - Unlocked - Refurbished B Grade",iPhone 14 Plus,14,False,512.0,512GB,512GB,False,Very Good - Refurbished,Refurbished,309.99,$200-399,0.60544921875,,,False,0.0,False,33.0,True,Seller 061,"Brooklyn, New York, United States",NY,2026-03-29,True,False,False,NY,Standard,Modern (14+),21,3410.0,31.343283582089555
2111,"Apple iPhone 14, 128/256/512GB, Unlocked - Refurbished Excellent",iPhone 14,14,False,512.0,512GB,512GB,False,Excellent - Refurbished,Refurbished,359.99,$200-399,0.70310546875,,,False,6.0,True,495.0,True,Seller 061,"Brooklyn, New York, United States",NY,2026-03-29,True,False,False,NY,Standard,Modern (14+),29,1329.99,21.492537313432834
2112,"Apple iPhone 13, 128/256/512GB - Unlocked - Used Very Good - All colors",iPhone 13,13,False,512.0,512GB,512GB,False,Used,Second-hand,264.99,$200-399,0.51755859375,,,False,10.0,True,2046.0,True,Seller 061,"Brooklyn, New York, United States",NY,2026-03-29,True,False,False,NY,Standard,Mid-Gen (12-13),27,4935.0,20.909090909090907
2113,"Apple iPhone 12 Pro Max, 128/256/512GB - Unlocked - Used Excellent",iPhone 12 Pro Max,12,True,512.0,512GB,512GB,False,Used,Second-hand,339.99,$200-399,0.66404296875,,,False,10.0,True,647.0,True,Seller 061,"Brooklyn, New York, United States",NY,2026-03-29,True,False,False,NY,Pro,Mid-Gen (12-13),22,4867.01,4.6875
2114,Apple iPhone 15 256GB Unlocked - Excellent,iPhone 15,15,False,256.0,256GB,256GB,False,Excellent - Refurbished,Refurbished,468.95,$400-599,1.8318359375,899.0,47.84,True,0.0,False,130.0,True,Seller 025,"Clifton, New Jersey, United States",NJ,2026-03-29,True,False,False,NJ,Standard,Modern (14+),3,171.96000000000004,13.636363636363635
2115,"Apple iPhone 13, 128/256/512GB - Unlocked - Used Excellent - All colors",iPhone 13,13,False,512.0,512GB,512GB,False,Used,Second-hand,294.99,$200-399,0.57615234375,,,False,10.0,True,601.0,True,Seller 061,"Brooklyn, New York, United States",NY,2026-03-29,True,False,False,NY,Standard,Mid-Gen (12-13),27,4935.0,20.909090909090907
2116,Broken Unlocked Apple iPhone 12 128GB 17.7.2 MGGA3LL/A READ,iPhone 12,12,False,128.0,128GB,128GB,False,For Parts Or Not Working,Damaged,119.99,<$200,0.937421875,,,False,0.0,False,0.0,False,Seller 123,"Dayton, Ohio, United States",OH,2026-03-29,True,False,False,OH,Standard,Mid-Gen (12-13),4,4428.01,45.073891625615765
2117,iPhone 17 Pro Max,iPhone 17 Pro Max,17,True,,Tidak Diketahui,,False,New,Second-hand,290.0,$200-399,,,,False,0.0,False,0.0,False,Seller 441,"Bronx, New York, United States",NY,2026-03-29,True,False,False,NY,Pro,Modern (14+),14,2710.0,8.176100628930817
2118,Factory Unlocked - Apple iPhone 14 Plus A2632 128GB Red 6.7'' 12MP - Excellent,iPhone 14 Plus,14,False,128.0,128GB,128GB,False,Open Box,Like New,362.99,$200-399,2.835859375,,,False,2.0,True,0.0,False,Seller 032,"La Puente, California, United States",CA,2026-03-29,True,False,False,CA,Standard,Modern (14+),19,3410.0,31.343283582089555
2119,Factory Unlocked ✨Apple iPhone 14 Plus A2632 128GB 6GB RAM Red 6.7'' - FLAWLESS,iPhone 14 Plus,14,False,128.0,128GB,128GB,False,Open Box,Like New,364.99,$200-399,2.851484375,,,False,3.0,True,0.0,False,Seller 467,"Alhambra, California, United States",CA,2026-03-29,True,False,False,CA,Standard,Modern (14+),19,3410.0,31.343283582089555
2120,Factory Unlocked - Apple iPhone 14 Plus 128GB Midnight Black 6GB RAM - A Grade,iPhone 14 Plus,14,False,128.0,128GB,128GB,False,Used,Second-hand,358.99,$200-399,2.804609375,,,False,0.0,False,0.0,False,Seller 032,"La Puente, California, United States",CA,2026-03-29,True,False,False,CA,Standard,Modern (14+),19,3410.0,31.343283582089555
2121,Unlocked Apple iPhone 12 128GB 18.6.2 Blue MGFX3LL/A,iPhone 12,12,False,128.0,128GB,128GB,False,For Parts Or Not Working,Damaged,149.99,<$200,1.171796875,,,False,0.0,False,0.0,False,Seller 204,"Brooklyn, New York, United States",NY,2026-03-29,True,False,False,NY,Standard,Mid-Gen (12-13),24,4428.01,45.073891625615765
2122,(New) Apple iPhone 17 5G 8GB+256GB SAGE Dual SIM Unlocked iOS Cell Phone,iPhone 17,17,False,256.0,256GB,256GB,False,New,Second-hand,1300.0,$1300+,5.078125,,,False,10.0,True,0.0,False,Seller 578,"Selangor, Malaysia",INTL,2026-03-29,True,False,False,INTL,Standard,Modern (14+),12,1000.99,7.857142857142857
2123,(New) Apple iPhone 17 5G 8GB+256GB BLACK Dual SIM Unlocked iOS Cell Phone,iPhone 17,17,False,256.0,256GB,256GB,False,New,Second-hand,1300.0,$1300+,5.078125,,,False,10.0,True,0.0,False,Seller 578,"Selangor, Malaysia",INTL,2026-03-29,True,False,False,INTL,Standard,Modern (14+),12,1000.99,7.857142857142857
2124,Apple iPhone 17 Pro Max 12GB+256GB ORANGE Dual SIM Unlocked iOS Cell Phone,iPhone 17 Pro Max,17,True,256.0,256GB,12GB|256GB,True,New,Second-hand,1900.0,$1300+,7.421875,,,False,10.0,True,0.0,False,Seller 578,"Selangor, Malaysia",INTL,2026-03-29,True,False,False,INTL,Pro,Modern (14+),11,2710.0,8.176100628930817
2125,New Apple iPhone 13 MINI 128/256GB Factory Unlocked US IN STOCK 🚚 Fast Delivery,iPhone 13 Mini,13,False,256.0,256GB,256GB,False,New,Second-hand,321.01,$200-399,1.2539453125,,,False,2.0,True,0.0,False,Seller 560,"Los Angeles, California, United States",CA,2026-03-29,True,False,False,CA,Standard,Mid-Gen (12-13),54,491.95,6.462585034013606
2126,"Apple iPhone 12, 64/128/256GB - Unlocked - Used Good - All colors",iPhone 12,12,False,256.0,256GB,256GB,False,Used,Second-hand,179.99,<$200,0.7030859375,,,False,2.0,True,990.0,True,Seller 061,"Brooklyn, New York, United States",NY,2026-03-29,True,False,False,NY,Standard,Mid-Gen (12-13),24,4428.01,45.073891625615765
2127,iPhone 15 Pro 128GB 256GB 512GB 1TB Verizon AT&T T-Mobile Unlocked (Excellent),iPhone 15 Pro,15,True,128.0,128GB,128GB|256GB|512GB|1024GB,False,Excellent - Refurbished,Refurbished,570.59,$400-599,4.457734375,,,False,3.0,True,34.0,True,Seller 203,"Los Angeles, California, United States",CA,2026-03-29,True,False,False,CA,Pro,Modern (14+),1,120.64000000000004,33.33333333333333
2128,Apple iPhone 15 128GB Unlocked - Very Good,iPhone 15,15,False,128.0,128GB,128GB,False,Very Good - Refurbished,Refurbished,384.99,$200-399,3.007734375,799.0,51.82,True,6.0,True,108.0,True,Seller 029,"Astoria, New York, United States",NY,2026-03-29,True,False,False,NY,Standard,Modern (14+),10,171.96000000000004,13.636363636363635
2129,Apple iPhone 15 Pro 128GB Unlocked - Excellent,iPhone 15 Pro,15,True,128.0,128GB,128GB,False,Excellent - Refurbished,Refurbished,489.99,$400-599,3.828046875,999.0,50.95,True,5.0,True,67.0,True,Seller 029,"Astoria, New York, United States",NY,2026-03-29,True,False,False,NY,Pro,Modern (14+),1,120.64000000000004,33.33333333333333
2130,"Apple iPhone 15 6.1"" Unlocked 128GB - (Blue) A2846 w/1 Year Warranty",iPhone 15,15,False,128.0,128GB,128GB,False,Good - Refurbished,Refurbished,386.93,$200-399,3.022890625,799.0,51.57,True,5.0,True,109.0,True,Seller 179,"San Marcos, California, United States",CA,2026-03-29,True,False,False,CA,Standard,Modern (14+),10,171.96000000000004,13.636363636363635
2131,Apple iPhone 15 Pro A2848 128GB Unlocked - Excellent Refurbished,iPhone 15 Pro,15,True,128.0,128GB,128GB,False,Excellent - Refurbished,Refurbished,479.95,$400-599,3.749609375,,,False,0.0,False,151.0,True,Seller 037,"Vernon Hills, Illinois, United States",IL,2026-03-29,True,False,False,IL,Pro,Modern (14+),1,120.64000000000004,33.33333333333333
2132,Apple iPhone 13/13 Mini/12 Mini/13 Pro Max 64/128/256GB Unlocked RE-SEALED A+,iPhone 13,13,False,256.0,256GB,256GB,False,Open Box,Like New,294.98,$200-399,,,,False,0.0,False,3.0,True,Seller 559,"Brooklyn, New York, United States",NY,2026-03-29,True,True,False,NY,Standard,Mid-Gen (12-13),27,4935.0,20.909090909090907
2133,Apple iPhone 17 A3258 256GB Unlocked Excellent Condition,iPhone 17,17,False,256.0,256GB,256GB,False,Excellent - Refurbished,Refurbished,847.99,$600-899,3.3124609375,,,False,10.0,True,59.0,True,Seller 050,"Addison, Texas, United States",TX,2026-03-29,True,False,False,TX,Standard,Modern (14+),23,1000.99,7.857142857142857
2134,Apple iPhone 17 A3258 256GB Unlocked Very Good Condition,iPhone 17,17,False,256.0,256GB,256GB,False,Very Good - Refurbished,Refurbished,803.99,$600-899,3.1405859375,,,False,10.0,True,42.0,True,Seller 050,"Addison, Texas, United States",TX,2026-03-29,True,False,False,TX,Standard,Modern (14+),23,1000.99,7.857142857142857
2135,Apple iPhone 17 Pro Max A3257 512GB Unlocked Excellent Condition,iPhone 17 Pro Max,17,True,512.0,512GB,512GB,False,Excellent - Refurbished,Refurbished,1525.99,$1300+,2.98044921875,,,False,0.0,False,80.0,True,Seller 050,"Addison, Texas, United States",TX,2026-03-29,True,False,False,TX,Pro,Modern (14+),19,2710.0,8.176100628930817
2136,Apple iPhone 17 Pro Max 256GB Cosmic Orange Unlocked - NEW & SEALED,iPhone 17 Pro Max,17,True,256.0,256GB,256GB,False,New,Second-hand,1399.99,$1300+,5.4687109375,,,False,5.0,True,1.0,True,Seller 084,"Sanford, FL, United States",FL,2026-03-29,True,False,False,FL,Pro,Modern (14+),19,2710.0,8.176100628930817
2137,Apple iPhone 17 Pro Max 256GB Unlocked Excellent Condition - All Colors,iPhone 17 Pro Max,17,True,256.0,256GB,256GB,False,Excellent - Refurbished,Refurbished,1349.99,$1300+,5.2733984375,,,False,8.0,True,0.0,False,Seller 084,"Sanford, Florida, United States",FL,2026-03-29,True,False,False,FL,Pro,Modern (14+),19,2710.0,8.176100628930817
2138,Apple iPhone 17 256GB Unlocked Excellent Condition - All Colors,iPhone 17,17,False,256.0,256GB,256GB,False,Excellent - Refurbished,Refurbished,799.99,$600-899,3.1249609375,,,False,4.0,True,0.0,False,Seller 084,"Sanford, Florida, United States",FL,2026-03-29,True,False,False,FL,Standard,Modern (14+),10,1000.99,7.857142857142857
2139,Apple iPhone 16 - 128GB 256GB 512GB - All Colors - Good Condition,iPhone 16,16,False,128.0,128GB,128GB|256GB|512GB,False,Good - Refurbished,Refurbished,459.0,$400-599,3.5859375,,,False,0.0,False,4.0,True,Seller 028,"Tempe, Arizona, United States",AZ,2026-03-29,True,False,False,AZ,Standard,Modern (14+),6,639.5,7.207207207207207
2140,Apple iPhone 15 128GB Unlocked - Good,iPhone 15,15,False,128.0,128GB,128GB,False,Good - Refurbished,Refurbished,369.99,$200-399,2.890546875,799.0,53.69,True,0.0,False,116.0,True,Seller 029,"Astoria, New York, United States",NY,2026-03-29,True,False,False,NY,Standard,Modern (14+),10,171.96000000000004,13.636363636363635
2141,Apple iPhone 12 | 12 Pro | 12 Pro Max | 12 mini - Unlocked AT&T T-Mobile Verizon,iPhone 12,12,False,,Tidak Diketahui,,False,Very Good - Refurbished,Refurbished,156.7,<$200,,164.95,5.0,True,10.0,True,34.0,True,Seller 176,"Spartanburg SC, United States",INTL,2026-03-29,True,False,False,INTL,Standard,Mid-Gen (12-13),21,4428.01,45.073891625615765
2142,New Factory Unlocked Apple iPhone 16 128GB White MYD93LL/A,iPhone 16,16,False,128.0,128GB,128GB,False,New,Second-hand,679.99,$600-899,5.312421875,,,False,0.0,False,0.0,False,Seller 124,"Dublin, California, United States",CA,2026-03-29,True,False,False,CA,Standard,Modern (14+),14,639.5,7.207207207207207
2143,Apple iPhone 12 | 12 mini - 64GB 128GB 256GB - Unlocked AT&T T-Mobile Verizon,iPhone 12,12,False,64.0,64GB,64GB|128GB|256GB,False,Very Good - Refurbished,Refurbished,156.7,<$200,2.4484375,164.95,5.0,True,0.0,False,1073.0,True,Seller 176,"Spartanburg SC, United States",INTL,2026-03-29,True,False,False,INTL,Standard,Mid-Gen (12-13),21,4428.01,45.073891625615765
2144,Apple iPhone 12 | 12 mini 64GB | 128GB | 256GB - Unlocked AT&T Verizon T-Mobile,iPhone 12,12,False,64.0,64GB,64GB|128GB|256GB,False,Open Box,Like New,142.45,<$200,2.22578125,149.95,5.0,True,5.0,True,193.0,True,Seller 176,"Spartanburg SC, United States",INTL,2026-03-29,True,False,False,INTL,Standard,Mid-Gen (12-13),21,4428.01,45.073891625615765
2145,New Apple iPhone 17 256GB Blue (Verizon ONLY) Apple Warranty *Never Used*,iPhone 17,17,False,256.0,256GB,256GB,False,Open Box,Like New,659.99,$600-899,2.5780859375,,,False,0.0,False,0.0,False,Seller 348,"Oakland Gardens, New York, United States",NY,2026-03-29,True,False,False,NY,Standard,Modern (14+),20,1000.99,7.857142857142857
2146,Unlocked Apple iPhone 13 128GB 26.3 Pink MLMN3LL/A,iPhone 13,13,False,128.0,128GB,128GB,False,Used,Second-hand,219.99,$200-399,1.718671875,,,False,0.0,False,0.0,False,Seller 129,"Overland Park, Kansas, United States",KS,2026-03-29,True,False,False,KS,Standard,Mid-Gen (12-13),5,4935.0,20.909090909090907
2147,New Apple iPhone 17 256GB Black (Verizon ONLY) Never Used 1-Yr Apple Warranty,iPhone 17,17,False,256.0,256GB,256GB,False,Open Box,Like New,659.99,$600-899,2.5780859375,,,False,4.0,True,0.0,False,Seller 348,"Oakland Gardens, New York, United States",NY,2026-03-29,True,False,False,NY,Standard,Modern (14+),20,1000.99,7.857142857142857
2148,New Apple iPhone 17 256GB White (Verizon ONLY) *Never Used* Battery cycle: 0,iPhone 17,17,False,256.0,256GB,256GB,False,Open Box,Like New,659.99,$600-899,2.5780859375,,,False,4.0,True,4.0,True,Seller 348,"Oakland Gardens, New York, United States",NY,2026-03-29,True,False,False,NY,Standard,Modern (14+),20,1000.99,7.857142857142857
2149,New Apple iPhone 16 128GB Black (Verizon Only) 1-Year Apple Warranty,iPhone 16,16,False,128.0,128GB,128GB,False,New,Second-hand,499.99,$400-599,3.906171875,,,False,5.0,True,3.0,True,Seller 348,"Flushing, New York, United States",NY,2026-03-29,True,False,False,NY,Standard,Modern (14+),19,639.5,7.207207207207207
2150,Apple iPhone 15 Plus 128GB Unlocked - Excellent,iPhone 15 Plus,15,False,128.0,128GB,128GB,False,Excellent - Refurbished,Refurbished,429.99,$400-599,3.359296875,899.0,52.17,True,10.0,True,51.0,True,Seller 029,"Astoria, New York, United States",NY,2026-03-29,True,False,False,NY,Standard,Modern (14+),3,88.0,25.0
2151,Apple iPhone 15 128GB Unlocked - Excellent,iPhone 15,15,False,128.0,128GB,128GB,False,Excellent - Refurbished,Refurbished,399.99,$200-399,3.124921875,799.0,49.94,True,0.0,False,211.0,True,Seller 029,"Astoria, New York, United States",NY,2026-03-29,True,False,False,NY,Standard,Modern (14+),10,171.96000000000004,13.636363636363635
2152,Apple iPhone 16 128GB Unlocked Excellent Condition - All Colors,iPhone 16,16,False,128.0,128GB,128GB,False,Excellent - Refurbished,Refurbished,569.99,$400-599,4.453046875,,,False,2.0,True,48.0,True,Seller 084,"Sanford, Florida, United States",FL,2026-03-29,True,False,False,FL,Standard,Modern (14+),25,639.5,7.207207207207207
2153,Apple iPhone 13 128GB iOS Unlocked 5G Verizon AT&T T-Mobile Clean IMEI WiFi,iPhone 13,13,False,128.0,128GB,128GB,False,Used,Second-hand,208.0,$200-399,1.625,,,False,0.0,False,2.0,True,Seller 403,"Houston, Texas, United States",TX,2026-03-29,True,False,False,TX,Standard,Mid-Gen (12-13),141,4935.0,20.909090909090907
2154,Apple iPhone 12 64GB - Unlocked AT&T Verizon T-Mobile Dual SIM 5G SmartPhone,iPhone 12,12,False,64.0,64GB,64GB,False,Used,Second-hand,147.0,<$200,2.296875,,,False,0.0,False,5.0,True,Seller 403,"Houston, Texas, United States",TX,2026-03-29,True,False,False,TX,Standard,Mid-Gen (12-13),284,4428.01,45.073891625615765
2155,Apple iPhone 13 5G Red/Green 128GB 256GB Unlocked Verizon iOS Smartphone,iPhone 13,13,False,128.0,128GB,128GB|256GB,False,Used,Second-hand,205.0,$200-399,1.6015625,,,False,0.0,False,1.0,True,Seller 147,"Houston, Texas, United States",TX,2026-03-29,True,False,False,TX,Standard,Mid-Gen (12-13),141,4935.0,20.909090909090907
2156,Apple iPhone 13 5G 128GB 256GB Midnight Black Pink Green Red Unlocked T-Mobile,iPhone 13,13,False,128.0,128GB,128GB|256GB,False,Used,Second-hand,216.0,$200-399,1.6875,,,False,1.0,True,0.0,False,Seller 403,"Houston, Texas, United States",TX,2026-03-29,True,False,False,TX,Standard,Mid-Gen (12-13),141,4935.0,20.909090909090907
2157,"Apple iPhone 12 5G Unlocked - Purple, Red, 64GB, 128GB, Excellent Condition",iPhone 12,12,False,64.0,64GB,64GB|128GB,False,Used,Second-hand,160.0,<$200,2.5,,,False,0.0,False,2.0,True,Seller 403,"Houston, Texas, United States",TX,2026-03-29,True,False,False,TX,Standard,Mid-Gen (12-13),284,4428.01,45.073891625615765
2158,"Apple iPhone 12 5G Unlocked - T-Mobile/Verizon, 64GB/128GB, Black/Blue/Red",iPhone 12,12,False,64.0,64GB,64GB|128GB,False,Used,Second-hand,148.0,<$200,2.3125,,,False,1.0,True,0.0,False,Seller 403,"Houston, Texas, United States",TX,2026-03-29,True,False,False,TX,Standard,Mid-Gen (12-13),284,4428.01,45.073891625615765
2159,Apple iPhone 12 64GB/128GB Unlocked Verizon T-Mobile Black Green Purple,iPhone 12,12,False,64.0,64GB,64GB|128GB,False,Used,Second-hand,164.0,<$200,2.5625,,,False,1.0,True,0.0,False,Seller 403,"Houston, Texas, United States",TX,2026-03-29,True,False,False,TX,Standard,Mid-Gen (12-13),284,4428.01,45.073891625615765
2160,Apple iPhone 12 64GB 128GB 5G LTE Unlocked T-Mobile Red/Green AT&T WiFi,iPhone 12,12,False,64.0,64GB,64GB|128GB,False,Used,Second-hand,149.0,<$200,2.328125,,,False,1.0,True,0.0,False,Seller 147,"Houston, Texas, United States",TX,2026-03-29,True,False,False,TX,Standard,Mid-Gen (12-13),284,4428.01,45.073891625615765
2161,Apple iPhone 12 64/128GB Unlocked Verizon White / Green GSM|CDMA🍏 Very Good,iPhone 12,12,False,128.0,128GB,128GB,False,Used,Second-hand,159.0,<$200,1.2421875,,,False,1.0,True,0.0,False,Seller 147,"Houston, Texas, United States",TX,2026-03-29,True,False,False,TX,Standard,Mid-Gen (12-13),284,4428.01,45.073891625615765
2162,Apple iPhone 12 64GB 128GB Factory Unlocked Verizon AT&T LTE WIFI 5G,iPhone 12,12,False,64.0,64GB,64GB|128GB,False,Used,Second-hand,153.0,<$200,2.390625,,,False,0.0,False,1.0,True,Seller 147,"Houston, Texas, United States",TX,2026-03-29,True,False,False,TX,Standard,Mid-Gen (12-13),284,4428.01,45.073891625615765
2163,Apple iPhone 13 128GB 256GB Unlocked ATT Verizon T-Mobile Wi‑Fi iOS 5G,iPhone 13,13,False,128.0,128GB,128GB|256GB,False,Used,Second-hand,205.0,$200-399,1.6015625,,,False,1.0,True,0.0,False,Seller 403,"Houston, Texas, United States",TX,2026-03-29,True,False,False,TX,Standard,Mid-Gen (12-13),141,4935.0,20.909090909090907
2164,Apple iPhone 12 64GB 128GB Very Good Clean ESN GSM Unlocked Verizon Spectrum,iPhone 12,12,False,64.0,64GB,64GB|128GB,False,Used,Second-hand,145.0,<$200,2.265625,,,False,1.0,True,0.0,False,Seller 403,"Houston, Texas, United States",TX,2026-03-29,True,False,False,TX,Standard,Mid-Gen (12-13),284,4428.01,45.073891625615765
2165,Apple iPhone 13 Verizon Unlocked 128GB 256GB AT&T T-Mobile Starlight/Midnight,iPhone 13,13,False,128.0,128GB,128GB|256GB,False,Used,Second-hand,204.0,$200-399,1.59375,,,False,1.0,True,0.0,False,Seller 403,"Houston, Texas, United States",TX,2026-03-29,True,False,False,TX,Standard,Mid-Gen (12-13),141,4935.0,20.909090909090907
2166,"Apple iPhone 13: Midnight Black, Starlight White, Blue - 128GB & 256GB 5G",iPhone 13,13,False,128.0,128GB,128GB|256GB,False,Used,Second-hand,220.0,$200-399,1.71875,,,False,1.0,True,0.0,False,Seller 403,"Houston, Texas, United States",TX,2026-03-29,True,False,False,TX,Standard,Mid-Gen (12-13),141,4935.0,20.909090909090907
2167,"Apple iPhone 12 64GB/128GB - Black, Blue, Green - Unlocked, Verizon, AT&T, 5G",iPhone 12,12,False,64.0,64GB,64GB|128GB,False,Used,Second-hand,156.0,<$200,2.4375,,,False,0.0,False,1.0,True,Seller 403,"Houston, Texas, United States",TX,2026-03-29,True,False,False,TX,Standard,Mid-Gen (12-13),284,4428.01,45.073891625615765
2168,"Apple iPhone 12 128GB/64GB Mint - Unlocked, Verizon, T-Mobile, Black, Blue, Red",iPhone 12,12,False,64.0,64GB,64GB|128GB,False,Used,Second-hand,157.0,<$200,2.453125,,,False,0.0,False,1.0,True,Seller 403,"Houston, Texas, United States",TX,2026-03-29,True,False,False,TX,Standard,Mid-Gen (12-13),284,4428.01,45.073891625615765
2169,"Apple iPhone 12 5G 64GB 128GB Unlocked AT&T Verizon Green, Red, Black",iPhone 12,12,False,64.0,64GB,64GB|128GB,False,Used,Second-hand,150.0,<$200,2.34375,,,False,1.0,True,0.0,False,Seller 403,"Houston, Texas, United States",TX,2026-03-29,True,False,False,TX,Standard,Mid-Gen (12-13),284,4428.01,45.073891625615765
2170,Apple iPhone 12 128GB Red/Black Mint Unlocked AT&T Verizon T-Mobile 5G,iPhone 12,12,False,128.0,128GB,128GB,False,Used,Second-hand,165.0,<$200,1.2890625,,,False,1.0,True,0.0,False,Seller 403,"Houston, Texas, United States",TX,2026-03-29,True,False,False,TX,Standard,Mid-Gen (12-13),284,4428.01,45.073891625615765
2171,"Apple iPhone 13 Mint - 128GB/256GB/512GB, Midnight/Starlight, Verizon/T-Mobile",iPhone 13,13,False,128.0,128GB,128GB|256GB|512GB,False,Used,Second-hand,219.0,$200-399,1.7109375,,,False,0.0,False,1.0,True,Seller 403,"Houston, Texas, United States",TX,2026-03-29,True,False,False,TX,Standard,Mid-Gen (12-13),141,4935.0,20.909090909090907
2172,"Apple iPhone 12 64GB/128GB Black, Blue, Red - Unlocked, Verizon, AT&T, T-Mobile",iPhone 12,12,False,64.0,64GB,64GB|128GB,False,Used,Second-hand,141.0,<$200,2.203125,,,False,1.0,True,0.0,False,Seller 403,"Houston, Texas, United States",TX,2026-03-29,True,False,False,TX,Standard,Mid-Gen (12-13),284,4428.01,45.073891625615765
2173,"Apple iPhone 13 128GB, 512GB - Midnight, Starlight, Blue, Pink - Unlocked",iPhone 13,13,False,128.0,128GB,128GB|512GB,False,Used,Second-hand,209.0,$200-399,1.6328125,,,False,1.0,True,0.0,False,Seller 403,"Houston, Texas, United States",TX,2026-03-29,True,False,False,TX,Standard,Mid-Gen (12-13),141,4935.0,20.909090909090907
2174,"Apple iPhone 13 Unlocked 128GB/256GB/512GB - Midnight, Pink, Green - Fair Cond.",iPhone 13,13,False,128.0,128GB,128GB|256GB|512GB,False,Used,Second-hand,215.0,$200-399,1.6796875,,,False,1.0,True,0.0,False,Seller 403,"Houston, Texas, United States",TX,2026-03-29,True,False,False,TX,Standard,Mid-Gen (12-13),141,4935.0,20.909090909090907
2175,"iPhone 12 64GB/128GB - Very Good Condition, Black/Blue/Green, Verizon/T-Mobile",iPhone 12,12,False,64.0,64GB,64GB|128GB,False,Used,Second-hand,153.0,<$200,2.390625,,,False,1.0,True,0.0,False,Seller 147,Tidak Diketahui,Tidak Diketahui,2026-03-29,True,False,False,TIDAK DIKETAHUI,Standard,Mid-Gen (12-13),1,4428.01,45.073891625615765
2176,"Apple iPhone 13 128GB/512GB in Midnight Blue, Pink, Green - Good Condition",iPhone 13,13,False,128.0,128GB,128GB|512GB,False,Used,Second-hand,226.0,$200-399,1.765625,,,False,0.0,False,1.0,True,Seller 403,"Houston, TX, United States",TX,2026-03-29,True,False,False,TX,Standard,Mid-Gen (12-13),141,4935.0,20.909090909090907
2177,"Apple iPhone 12 64GB/128GB Unlocked - Good Condition, Various Colors",iPhone 12,12,False,64.0,64GB,64GB|128GB,False,Used,Second-hand,153.0,<$200,2.390625,,,False,1.0,True,0.0,False,Seller 147,"Houston, Texas, United States",TX,2026-03-29,True,False,False,TX,Standard,Mid-Gen (12-13),284,4428.01,45.073891625615765
2178,"Apple iPhone 13 128GB/256GB - Excellent Condition - Midnight, Starlight, Blue",iPhone 13,13,False,128.0,128GB,128GB|256GB,False,Used,Second-hand,221.0,$200-399,1.7265625,,,False,1.0,True,0.0,False,Seller 403,"Houston, Texas, United States",TX,2026-03-29,True,False,False,TX,Standard,Mid-Gen (12-13),141,4935.0,20.909090909090907
2179,Apple iPhone 12 - 64GB/128GB - Unlocked - Mint Condition - Free Shipping,iPhone 12,12,False,64.0,64GB,64GB|128GB,False,Used,Second-hand,159.0,<$200,2.484375,,,False,1.0,True,0.0,False,Seller 403,"Houston, Texas, United States",TX,2026-03-29,True,False,False,TX,Standard,Mid-Gen (12-13),284,4428.01,45.073891625615765
2180,"Apple iPhone 12 | 128GB, 64GB | Unlocked | Various Colors | Excellent Condition",iPhone 12,12,False,64.0,64GB,64GB|128GB,False,Used,Second-hand,164.0,<$200,2.5625,,,False,1.0,True,0.0,False,Seller 403,"Houston, Texas, United States",TX,2026-03-29,True,False,False,TX,Standard,Mid-Gen (12-13),284,4428.01,45.073891625615765
2181,"Apple iPhone 12 Unlocked 5G - 64GB Black, Blue, Green, Purple AT&T Verizon",iPhone 12,12,False,64.0,64GB,64GB,False,Used,Second-hand,156.0,<$200,2.4375,,,False,1.0,True,0.0,False,Seller 403,"Houston, Texas, United States",TX,2026-03-29,True,False,False,TX,Standard,Mid-Gen (12-13),284,4428.01,45.073891625615765
2182,Apple iPhone 13 128GB 512GB T-Mobile Unlocked Verizon (Good) Pink/Blue/Green,iPhone 13,13,False,128.0,128GB,128GB|512GB,False,Used,Second-hand,211.0,$200-399,1.6484375,,,False,1.0,True,0.0,False,Seller 403,"Houston, Texas, United States",TX,2026-03-29,True,False,False,TX,Standard,Mid-Gen (12-13),141,4935.0,20.909090909090907
2183,"Apple iPhone 12 64/128GB iOS Unlocked Verizon ATT Screen 6.1"" - Green Blue Blac",iPhone 12,12,False,128.0,128GB,128GB,False,Used,Second-hand,143.0,<$200,1.1171875,,,False,1.0,True,0.0,False,Seller 403,"Houston, Texas, United States",TX,2026-03-29,True,False,False,TX,Standard,Mid-Gen (12-13),284,4428.01,45.073891625615765
2184,Apple iPhone 12 64GB 128GB Factory Unlocked GSM/CDMA AT&T T-Mobile WiFi iOS,iPhone 12,12,False,64.0,64GB,64GB|128GB,False,Used,Second-hand,154.0,<$200,2.40625,,,False,1.0,True,0.0,False,Seller 403,"Houston, Texas, United States",TX,2026-03-29,True,False,False,TX,Standard,Mid-Gen (12-13),284,4428.01,45.073891625615765
2185,Apple iPhone 13 512GB 128GB Factory Unlocked Verizon T-Mobile Straight Talk 5G,iPhone 13,13,False,128.0,128GB,128GB|512GB,False,Used,Second-hand,206.0,$200-399,1.609375,,,False,0.0,False,2.0,True,Seller 403,"Houston, Texas, United States",TX,2026-03-29,True,False,False,TX,Standard,Mid-Gen (12-13),141,4935.0,20.909090909090907
2186,Apple iPhone 12 64GB 128GB Fully Unlocked Verizon AT&T Dual SIM (Nano‑SIM/eSIM),iPhone 12,12,False,64.0,64GB,64GB|128GB,False,Used,Second-hand,155.0,<$200,2.421875,,,False,1.0,True,0.0,False,Seller 147,"Houston, Texas, United States",TX,2026-03-29,True,False,False,TX,Standard,Mid-Gen (12-13),284,4428.01,45.073891625615765
2187,"Apple iPhone 12 64GB Screen 6.1"" Pristine Fully Unlocked Att 5G - Blue / Green",iPhone 12,12,False,64.0,64GB,64GB,False,Used,Second-hand,166.0,<$200,2.59375,,,False,1.0,True,0.0,False,Seller 403,"Houston, Texas, United States",TX,2026-03-29,True,False,False,TX,Standard,Mid-Gen (12-13),284,4428.01,45.073891625615765
2188,Apple iPhone 12 |128GB 64GB| ATT Unlocked Verizon Screen 6.1 White Purple Red,iPhone 12,12,False,64.0,64GB,64GB|128GB,False,Used,Second-hand,149.0,<$200,2.328125,,,False,1.0,True,0.0,False,Seller 403,"Houston, Texas, United States",TX,2026-03-29,True,False,False,TX,Standard,Mid-Gen (12-13),284,4428.01,45.073891625615765
2189,Apple iPhone 13 Unlocked 128GB iOS GSM AT&T TMobile Verizon Pristine Condition,iPhone 13,13,False,128.0,128GB,128GB,False,Used,Second-hand,205.0,$200-399,1.6015625,,,False,0.0,False,1.0,True,Seller 403,"Houston, Texas, United States",TX,2026-03-29,True,False,False,TX,Standard,Mid-Gen (12-13),141,4935.0,20.909090909090907
2190,Apple iPhone 12 64GB Unlocked Verizon U.S. Cellular AT&T 12MP Dual-Camera Good,iPhone 12,12,False,64.0,64GB,64GB,False,Used,Second-hand,145.0,<$200,2.265625,,,False,1.0,True,0.0,False,Seller 147,"Houston, Texas, United States",TX,2026-03-29,True,False,False,TX,Standard,Mid-Gen (12-13),284,4428.01,45.073891625615765
2191,Apple iPhone 12 🍎Mint- Unlocked 64GB 128GB 5G Verizon GSM T-Mobile Purple/Blue,iPhone 12,12,False,64.0,64GB,64GB|128GB,False,Used,Second-hand,160.0,<$200,2.5,,,False,1.0,True,0.0,False,Seller 147,"Houston, Texas, United States",TX,2026-03-29,True,False,False,TX,Standard,Mid-Gen (12-13),284,4428.01,45.073891625615765
2192,"Apple iPhone 12 5G - Unlocked, Mint Condition, 64GB/128GB - Black, Purple, Red",iPhone 12,12,False,64.0,64GB,64GB|128GB,False,Used,Second-hand,155.0,<$200,2.421875,,,False,1.0,True,0.0,False,Seller 403,"Houston, Texas, United States",TX,2026-03-29,True,False,False,TX,Standard,Mid-Gen (12-13),284,4428.01,45.073891625615765
2193,Apple iPhone 12 iOS 5G 64GB 128GB White Blue Unlocked Verizon AT&T GSM,iPhone 12,12,False,64.0,64GB,64GB|128GB,False,Used,Second-hand,152.0,<$200,2.375,,,False,1.0,True,0.0,False,Seller 147,"Houston, Texas, United States",TX,2026-03-29,True,False,False,TX,Standard,Mid-Gen (12-13),284,4428.01,45.073891625615765
2194,"Apple iPhone 12 128GB 64GB Factory Unlocked Verizon ATT Screen 6.1"" Face ID",iPhone 12,12,False,64.0,64GB,64GB|128GB,False,Used,Second-hand,158.0,<$200,2.46875,,,False,1.0,True,0.0,False,Seller 147,"Houston, Texas, United States",TX,2026-03-29,True,False,False,TX,Standard,Mid-Gen (12-13),284,4428.01,45.073891625615765
2195,Apple iPhone 12 (64GB/128GB) 5G Unlocked AT&T Verizon T-Mobile CDMA/GSM iOS,iPhone 12,12,False,64.0,64GB,64GB|128GB,False,Used,Second-hand,148.0,<$200,2.3125,,,False,1.0,True,0.0,False,Seller 147,"Houston, Texas, United States",TX,2026-03-29,True,False,False,TX,Standard,Mid-Gen (12-13),284,4428.01,45.073891625615765
2196,Apple iPhone 12 64GB 128GB Unlocked AT&T Verizon IOS LTE 5G Good Condition,iPhone 12,12,False,64.0,64GB,64GB|128GB,False,Used,Second-hand,156.0,<$200,2.4375,,,False,1.0,True,0.0,False,Seller 147,"Houston, Texas, United States",TX,2026-03-29,True,False,False,TX,Standard,Mid-Gen (12-13),284,4428.01,45.073891625615765
2197,Apple iPhone 12 64GB-128GB AT&T Unlocked Verizon LTE 4G Free Return & Shipping,iPhone 12,12,False,64.0,64GB,64GB|128GB,False,Used,Second-hand,148.0,<$200,2.3125,,,False,1.0,True,0.0,False,Seller 147,"Houston, Texas, United States",TX,2026-03-29,True,False,False,TX,Standard,Mid-Gen (12-13),284,4428.01,45.073891625615765
2198,Apple iPhone 12 64GB 128GB Unlocked Verizon ATT iOS 5G Free Shipping,iPhone 12,12,False,64.0,64GB,64GB|128GB,False,Used,Second-hand,148.0,<$200,2.3125,,,False,1.0,True,0.0,False,Seller 147,"Houston, Texas, United States",TX,2026-03-29,True,False,False,TX,Standard,Mid-Gen (12-13),284,4428.01,45.073891625615765
2199,Apple iPhone 12 64GB 128GB 5G Unlocked Verizon ATT T-Mobile Pristine Condition,iPhone 12,12,False,64.0,64GB,64GB|128GB,False,Used,Second-hand,163.0,<$200,2.546875,,,False,0.0,False,1.0,True,Seller 147,"Houston, Texas, United States",TX,2026-03-29,True,False,False,TX,Standard,Mid-Gen (12-13),284,4428.01,45.073891625615765
2200,Apple iPhone 13 Unlocked Verizon ATT Green/Red Good -128GB 256GB 512GB,iPhone 13,13,False,128.0,128GB,128GB|256GB|512GB,False,Used,Second-hand,212.0,$200-399,1.65625,,,False,1.0,True,0.0,False,Seller 403,"Houston, Texas, United States",TX,2026-03-29,True,False,False,TX,Standard,Mid-Gen (12-13),141,4935.0,20.909090909090907
2201,Apple iPhone 13 128GB 512GB Unlocked AT&T Midnight/Starlight 5G Very Good,iPhone 13,13,False,128.0,128GB,128GB|512GB,False,Used,Second-hand,207.0,$200-399,1.6171875,,,False,0.0,False,5.0,True,Seller 403,"Houston, Texas, United States",TX,2026-03-29,True,False,False,TX,Standard,Mid-Gen (12-13),141,4935.0,20.909090909090907
2202,Apple iPhone 12 64GB Unlocked Verizon 5G AT&T -Very GOOD -Dual 12MP Camera,iPhone 12,12,False,64.0,64GB,64GB,False,Used,Second-hand,150.0,<$200,2.34375,,,False,1.0,True,0.0,False,Seller 403,"Houston, Texas, United States",TX,2026-03-29,True,False,False,TX,Standard,Mid-Gen (12-13),284,4428.01,45.073891625615765
2203,"Apple iPhone 12 - Blue, Green, Red - T-Mobile, Verizon, Unlocked - 128GB, 64GB",iPhone 12,12,False,64.0,64GB,64GB|128GB,False,Used,Second-hand,161.0,<$200,2.515625,,,False,1.0,True,0.0,False,Seller 403,"Houston, Texas, United States",TX,2026-03-29,True,False,False,TX,Standard,Mid-Gen (12-13),284,4428.01,45.073891625615765
2204,Apple iPhone 12 (64GB-128GB) Factory Unlocked Verizon AT&T Purple/Colors 5G,iPhone 12,12,False,64.0,64GB,64GB|128GB,False,Used,Second-hand,155.0,<$200,2.421875,,,False,1.0,True,0.0,False,Seller 147,"Houston, Texas, United States",TX,2026-03-29,True,False,False,TX,Standard,Mid-Gen (12-13),284,4428.01,45.073891625615765
2205,Apple iPhone 13 128GB 512GB Unlocked Verizon Very Good 5G iOS Pink/White/Blue,iPhone 13,13,False,128.0,128GB,128GB|512GB,False,Used,Second-hand,212.0,$200-399,1.65625,,,False,1.0,True,0.0,False,Seller 403,"Houston, Texas, United States",TX,2026-03-29,True,False,False,TX,Standard,Mid-Gen (12-13),141,4935.0,20.909090909090907
2206,"Apple iPhone 12 Unlocked 64GB/128GB - Verizon, T-Mobile, AT&T - Free Shipping!",iPhone 12,12,False,64.0,64GB,64GB|128GB,False,Used,Second-hand,149.0,<$200,2.328125,,,False,1.0,True,0.0,False,Seller 403,"Houston, Texas, United States",TX,2026-03-29,True,False,False,TX,Standard,Mid-Gen (12-13),284,4428.01,45.073891625615765
2207,"Apple iPhone 12 64GB Unlocked - Black, Blue, Green - AT&T, T-Mobile, Free Ship",iPhone 12,12,False,64.0,64GB,64GB,False,Used,Second-hand,148.0,<$200,2.3125,,,False,1.0,True,0.0,False,Seller 403,"Houston, Texas, United States",TX,2026-03-29,True,False,False,TX,Standard,Mid-Gen (12-13),284,4428.01,45.073891625615765
2208,"Apple iPhone 12 128GB Unlocked - Good Condition - Black, Green, Red",iPhone 12,12,False,128.0,128GB,128GB,False,Used,Second-hand,153.0,<$200,1.1953125,,,False,0.0,False,1.0,True,Seller 403,"Houston, Texas, United States",TX,2026-03-29,True,False,False,TX,Standard,Mid-Gen (12-13),284,4428.01,45.073891625615765
2209,"Apple iPhone 12 64GB/128GB - Unlocked 5G Verizon, AT&T, T-Mobile Colors",iPhone 12,12,False,64.0,64GB,64GB|128GB,False,Used,Second-hand,146.0,<$200,2.28125,,,False,1.0,True,0.0,False,Seller 147,"Houston, Texas, United States",TX,2026-03-29,True,False,False,TX,Standard,Mid-Gen (12-13),284,4428.01,45.073891625615765
2210,"Apple iPhone 12 64GB/128GB - Very Good Condition - Verizon, AT&T, T-Mobile",iPhone 12,12,False,64.0,64GB,64GB|128GB,False,Used,Second-hand,159.0,<$200,2.484375,,,False,1.0,True,0.0,False,Seller 403,"Houston, Texas, United States",TX,2026-03-29,True,False,False,TX,Standard,Mid-Gen (12-13),284,4428.01,45.073891625615765
2211,"Apple iPhone 12 128GB/64GB - Unlocked, Good Condition - Free Shipping!",iPhone 12,12,False,64.0,64GB,64GB|128GB,False,Used,Second-hand,157.0,<$200,2.453125,,,False,1.0,True,0.0,False,Seller 403,"Houston, Texas, United States",TX,2026-03-29,True,False,False,TX,Standard,Mid-Gen (12-13),284,4428.01,45.073891625615765
2212,APPLE IPHONE 13 MINI 128/256GB FACTORY UNLOCKED GSM+CDMA RE-SEALED - EXCELLENT,iPhone 13 Mini,13,False,256.0,256GB,256GB,False,Open Box,Like New,321.01,$200-399,1.2539453125,,,False,2.0,True,0.0,False,Seller 193,"Whippany, New Jersey, United States",NJ,2026-03-29,True,False,False,NJ,Standard,Mid-Gen (12-13),151,491.95,6.462585034013606
2213,Apple iPhone 12 - Good Condition - Multiple Colors - 64GB/128GB,iPhone 12,12,False,64.0,64GB,64GB|128GB,False,Used,Second-hand,151.0,<$200,2.359375,,,False,1.0,True,0.0,False,Seller 147,"Houston, Texas, United States",TX,2026-03-29,True,False,False,TX,Standard,Mid-Gen (12-13),284,4428.01,45.073891625615765
2214,Apple iPhone 12 64GB Unlocked - Black/Green - Free Shipping,iPhone 12,12,False,64.0,64GB,64GB,False,Used,Second-hand,144.0,<$200,2.25,,,False,1.0,True,0.0,False,Seller 403,"Houston, Texas, United States",TX,2026-03-29,True,False,False,TX,Standard,Mid-Gen (12-13),284,4428.01,45.073891625615765
2215,"Apple iPhone 12 64GB/128GB Unlocked - Good Condition, Free Shipping!",iPhone 12,12,False,64.0,64GB,64GB|128GB,False,Used,Second-hand,153.0,<$200,2.390625,,,False,1.0,True,0.0,False,Seller 403,"Houston, Texas, United States",TX,2026-03-29,True,False,False,TX,Standard,Mid-Gen (12-13),284,4428.01,45.073891625615765
2216,"Apple iPhone 12 Unlocked 64GB/128GB - Very Good Condition, Multiple Colors",iPhone 12,12,False,64.0,64GB,64GB|128GB,False,Used,Second-hand,154.0,<$200,2.40625,,,False,1.0,True,0.0,False,Seller 147,"Houston, Texas, United States",TX,2026-03-29,True,False,False,TX,Standard,Mid-Gen (12-13),284,4428.01,45.073891625615765
2217,Apple iPhone 12 64GB/128GB Unlocked - Verizon/AT&T - Fair Condition,iPhone 12,12,False,64.0,64GB,64GB|128GB,False,Used,Second-hand,141.0,<$200,2.203125,,,False,0.0,False,5.0,True,Seller 403,"Houston, Texas, United States",TX,2026-03-29,True,False,False,TX,Standard,Mid-Gen (12-13),284,4428.01,45.073891625615765
2218,"Apple iPhone 13 - Unlocked, Very Good Condition, 128GB/256GB/512GB Available",iPhone 13,13,False,128.0,128GB,128GB|256GB|512GB,False,Used,Second-hand,223.0,$200-399,1.7421875,,,False,0.0,False,78.0,True,Seller 403,"Houston, Texas, United States",TX,2026-03-29,True,False,False,TX,Standard,Mid-Gen (12-13),141,4935.0,20.909090909090907
2219,"Apple iPhone 13 Fair Condition - 128GB/256GB/512GB, Unlocked, Colors Available",iPhone 13,13,False,128.0,128GB,128GB|256GB|512GB,False,Used,Second-hand,219.0,$200-399,1.7109375,,,False,0.0,False,5.0,True,Seller 147,"Houston, Texas, United States",TX,2026-03-29,True,False,False,TX,Standard,Mid-Gen (12-13),141,4935.0,20.909090909090907
2220,"Apple iPhone 13 128GB/512GB - Good Condition - Midnight, Starlight, Blue, Pink",iPhone 13,13,False,128.0,128GB,128GB|512GB,False,Used,Second-hand,212.0,$200-399,1.65625,,,False,1.0,True,0.0,False,Seller 403,"Houston, Texas, United States",TX,2026-03-29,True,False,False,TX,Standard,Mid-Gen (12-13),141,4935.0,20.909090909090907
2221,"Apple iPhone 12 64GB/128GB - Unlocked, AT&T 5G - Free Shipping!",iPhone 12,12,False,64.0,64GB,64GB|128GB,False,Used,Second-hand,157.0,<$200,2.453125,,,False,1.0,True,0.0,False,Seller 147,"Houston, Texas, United States",TX,2026-03-29,True,False,False,TX,Standard,Mid-Gen (12-13),284,4428.01,45.073891625615765
2222,"Apple iPhone 12 64GB/128GB 5G Unlocked - Black, Purple, White - Free Shipping",iPhone 12,12,False,64.0,64GB,64GB|128GB,False,Used,Second-hand,144.0,<$200,2.25,,,False,1.0,True,0.0,False,Seller 147,"Houston, Texas, United States",TX,2026-03-29,True,False,False,TX,Standard,Mid-Gen (12-13),284,4428.01,45.073891625615765
2223,"Apple iPhone 12 64GB/128GB Unlocked - Verizon, AT&T, T-Mobile - Free Shipping!",iPhone 12,12,False,64.0,64GB,64GB|128GB,False,Used,Second-hand,157.0,<$200,2.453125,,,False,1.0,True,0.0,False,Seller 403,"Houston, Texas, United States",TX,2026-03-29,True,False,False,TX,Standard,Mid-Gen (12-13),284,4428.01,45.073891625615765
2224,"Apple iPhone 13 128GB - Unlocked, Verizon, AT&T, T-Mobile - Free Shipping!",iPhone 13,13,False,128.0,128GB,128GB,False,Used,Second-hand,215.0,$200-399,1.6796875,,,False,0.0,False,90.0,True,Seller 147,"Houston, Texas, United States",TX,2026-03-29,True,False,False,TX,Standard,Mid-Gen (12-13),141,4935.0,20.909090909090907
2225,"Apple iPhone 12 64GB Unlocked - Black/Blue, 5G, Free Shipping & Returns",iPhone 12,12,False,64.0,64GB,64GB,False,Used,Second-hand,162.0,<$200,2.53125,,,False,1.0,True,0.0,False,Seller 403,"Houston, Texas, United States",TX,2026-03-29,True,False,False,TX,Standard,Mid-Gen (12-13),284,4428.01,45.073891625615765
2226,"Apple iPhone 13 128/256GB 5G Unlocked - Midnight, Blue, Pink, T-Mobile, Shippin",iPhone 13,13,False,256.0,256GB,256GB,False,Used,Second-hand,216.0,$200-399,0.84375,,,False,0.0,False,3.0,True,Seller 403,"Houston, Texas, United States",TX,2026-03-29,True,False,False,TX,Standard,Mid-Gen (12-13),141,4935.0,20.909090909090907
2227,"Apple iPhone 12 - Blue, Red, Green - 64GB/128GB - Unlocked - Mint Condition!",iPhone 12,12,False,64.0,64GB,64GB|128GB,False,Used,Second-hand,164.0,<$200,2.5625,,,False,1.0,True,0.0,False,Seller 147,"Houston, Texas, United States",TX,2026-03-29,True,False,False,TX,Standard,Mid-Gen (12-13),284,4428.01,45.073891625615765
2228,Apple iPhone 12 Unlocked 64GB/128GB - GSM Black Blue Red - Free Shipping!,iPhone 12,12,False,64.0,64GB,64GB|128GB,False,Used,Second-hand,153.0,<$200,2.390625,,,False,1.0,True,0.0,False,Seller 403,"Houston, Texas, United States",TX,2026-03-29,True,False,False,TX,Standard,Mid-Gen (12-13),284,4428.01,45.073891625615765
2229,"Apple iPhone 13 5G - 128GB/256GB - Unlocked - Midnight Black, Pink - Free Ship",iPhone 13,13,False,128.0,128GB,128GB|256GB,False,Used,Second-hand,219.0,$200-399,1.7109375,,,False,1.0,True,0.0,False,Seller 147,"Houston, Texas, United States",TX,2026-03-29,True,False,False,TX,Standard,Mid-Gen (12-13),141,4935.0,20.909090909090907
2230,"Apple iPhone 12 64GB/128GB - Good Condition, Unlocked - Black, Green, Red",iPhone 12,12,False,64.0,64GB,64GB|128GB,False,Used,Second-hand,155.0,<$200,2.421875,,,False,1.0,True,0.0,False,Seller 403,"Houston, Texas, United States",TX,2026-03-29,True,False,False,TX,Standard,Mid-Gen (12-13),284,4428.01,45.073891625615765
2231,"Apple iPhone 12 Unlocked 64GB/128GB - Various Colors - AT&T, Verizon, Free Ship",iPhone 12,12,False,64.0,64GB,64GB|128GB,False,Used,Second-hand,162.0,<$200,2.53125,,,False,1.0,True,0.0,False,Seller 403,"Houston, Texas, United States",TX,2026-03-29,True,False,False,TX,Standard,Mid-Gen (12-13),284,4428.01,45.073891625615765
2232,Apple iPhone 13 128GB 256GB GSM Unlocked iOS Verizon AT&T 5G Pristine Condition,iPhone 13,13,False,128.0,128GB,128GB|256GB,False,Used,Second-hand,216.0,$200-399,1.6875,,,False,1.0,True,0.0,False,Seller 403,"Houston, Texas, United States",TX,2026-03-29,True,False,False,TX,Standard,Mid-Gen (12-13),141,4935.0,20.909090909090907
2233,"Apple iPhone 13 128GB/512GB Unlocked - Verizon, AT&T - Midnight, Green, Red",iPhone 13,13,False,128.0,128GB,128GB|512GB,False,Used,Second-hand,213.0,$200-399,1.6640625,,,False,0.0,False,1.0,True,Seller 147,"Houston, Texas, United States",TX,2026-03-29,True,False,False,TX,Standard,Mid-Gen (12-13),141,4935.0,20.909090909090907
2234,Apple iPhone 12 - 64GB - Unlocked - Good Condition - Free Shipping,iPhone 12,12,False,64.0,64GB,64GB,False,Used,Second-hand,154.0,<$200,2.40625,,,False,1.0,True,0.0,False,Seller 403,"Houston, Texas, United States",TX,2026-03-29,True,False,False,TX,Standard,Mid-Gen (12-13),284,4428.01,45.073891625615765
2235,"Apple iPhone 12 64GB/128GB Unlocked - Mint, Green, Black - Free Shipping",iPhone 12,12,False,64.0,64GB,64GB|128GB,False,Used,Second-hand,167.0,<$200,2.609375,,,False,1.0,True,0.0,False,Seller 403,"Houston, Texas, United States",TX,2026-03-29,True,False,False,TX,Standard,Mid-Gen (12-13),284,4428.01,45.073891625615765
2236,Apple iPhone 12 64GB/128GB - Mint - Black/Green/White - Verizon/T-Mobile,iPhone 12,12,False,64.0,64GB,64GB|128GB,False,Used,Second-hand,159.0,<$200,2.484375,,,False,1.0,True,0.0,False,Seller 147,"Houston, Texas, United States",TX,2026-03-29,True,False,False,TX,Standard,Mid-Gen (12-13),284,4428.01,45.073891625615765
2237,"Apple iPhone 13 128GB/256GB Muy Buen Estado - Desbloqueado, Verizon, AT&T-",iPhone 13,13,False,128.0,128GB,128GB|256GB,False,Used,Second-hand,225.0,$200-399,1.7578125,,,False,0.0,False,0.0,False,Seller 403,"Houston, Texas, Estados Unidos",TX,2026-03-29,True,False,False,TX,Standard,Mid-Gen (12-13),141,4935.0,20.909090909090907
2238,"Apple iPhone 13 Unlocked Verizon - 128GB, 512GB, Good Condition, Multiple Color",iPhone 13,13,False,128.0,128GB,128GB|512GB,False,Used,Second-hand,218.0,$200-399,1.703125,,,False,0.0,False,1.0,True,Seller 403,"Houston, Texas, United States",TX,2026-03-29,True,False,False,TX,Standard,Mid-Gen (12-13),141,4935.0,20.909090909090907
2239,"Apple iPhone 12 - 128GB/64GB - Unlocked Black, Blue, Red - Free Shipping",iPhone 12,12,False,64.0,64GB,64GB|128GB,False,Used,Second-hand,158.0,<$200,2.46875,,,False,1.0,True,0.0,False,Seller 403,"Houston, Texas, United States",TX,2026-03-29,True,False,False,TX,Standard,Mid-Gen (12-13),284,4428.01,45.073891625615765
2240,"Apple iPhone 12 64GB T-Mobile - Black, Blue, Green, Red - Free Shipping!",iPhone 12,12,False,64.0,64GB,64GB,False,Used,Second-hand,215.0,$200-399,3.359375,,,False,1.0,True,0.0,False,Seller 403,"Houston, Texas, United States",TX,2026-03-29,True,False,False,TX,Standard,Mid-Gen (12-13),284,4428.01,45.073891625615765
2241,"Apple iPhone 13 128/256/512GB Midnight, Starlight, Pink - Unlocked, Verizon, 5G",iPhone 13,13,False,512.0,512GB,512GB,False,Used,Second-hand,207.0,$200-399,0.404296875,,,False,0.0,False,1.0,True,Seller 147,"Houston, Texas, United States",TX,2026-03-29,True,False,False,TX,Standard,Mid-Gen (12-13),141,4935.0,20.909090909090907
2242,"Apple iPhone 12 64GB Unlocked - Verizon, Metro, T-Mobile - Free Shipping!",iPhone 12,12,False,64.0,64GB,64GB,False,Used,Second-hand,152.0,<$200,2.375,,,False,1.0,True,0.0,False,Seller 403,"Houston, Texas, United States",TX,2026-03-29,True,False,False,TX,Standard,Mid-Gen (12-13),284,4428.01,45.073891625615765
2243,"iPhone 12 64GB AT&T - Green, Black, Blue, 5G - Free Shipping & Returns",iPhone 12,12,False,64.0,64GB,64GB,False,Used,Second-hand,234.0,$200-399,3.65625,,,False,1.0,True,0.0,False,Seller 403,"Houston, Texas, United States",TX,2026-03-29,True,False,False,TX,Standard,Mid-Gen (12-13),284,4428.01,45.073891625615765
2244,"Apple iPhone 12 64GB Unlocked - T-Mobile, LTE - Black, Blue, Green - Free Ship!",iPhone 12,12,False,64.0,64GB,64GB,False,Used,Second-hand,163.0,<$200,2.546875,,,False,1.0,True,0.0,False,Seller 403,"Houston, Texas, United States",TX,2026-03-29,True,False,False,TX,Standard,Mid-Gen (12-13),284,4428.01,45.073891625615765
2245,"Apple iPhone 12 64GB Unlocked - Black, Blue - Free Shipping & Returns",iPhone 12,12,False,64.0,64GB,64GB,False,Used,Second-hand,150.0,<$200,2.34375,,,False,1.0,True,0.0,False,Seller 403,"Houston, Texas, United States",TX,2026-03-29,True,False,False,TX,Standard,Mid-Gen (12-13),284,4428.01,45.073891625615765
2246,"Apple iPhone 14 Plus 128GB/256GB - Mint Condition - Midnight, Starlight, Blue",iPhone 14 Plus,14,False,128.0,128GB,128GB|256GB,False,Used,Second-hand,260.0,$200-399,2.03125,,,False,0.0,False,186.0,True,Seller 147,"Houston, Texas, United States",TX,2026-03-29,True,False,False,TX,Standard,Modern (14+),14,3410.0,31.343283582089555
2247,"Apple iPhone 14 Plus 128GB/256GB - Good Condition, Midnight, Starlight, Red - 5",iPhone 14 Plus,14,False,128.0,128GB,128GB|256GB,False,Used,Second-hand,265.0,$200-399,2.0703125,,,False,0.0,False,14.0,True,Seller 147,"Houston, Texas, United States",TX,2026-03-29,True,False,False,TX,Standard,Modern (14+),14,3410.0,31.343283582089555
2248,"Apple iPhone 14 Plus 128GB/256GB - Unlocked, Verizon, T-Mobile 5G",iPhone 14 Plus,14,False,128.0,128GB,128GB|256GB,False,Used,Second-hand,263.0,$200-399,2.0546875,,,False,0.0,False,10.0,True,Seller 403,"Houston, Texas, United States",TX,2026-03-29,True,False,False,TX,Standard,Modern (14+),14,3410.0,31.343283582089555
2249,"iPhone 14 Plus 128GB/256GB - Midnight, Starlight, Red - Verizon & T-Mobile 5G",iPhone 14 Plus,14,False,128.0,128GB,128GB|256GB,False,Used,Second-hand,263.0,$200-399,2.0546875,,,False,0.0,False,2.0,True,Seller 403,"Houston, Texas, United States",TX,2026-03-29,True,False,False,TX,Standard,Modern (14+),14,3410.0,31.343283582089555
2250,Apple iPhone 12 64GB/128GB Mint Unlocked Verizon AT&T T-Mobile Black/Blue/Green,iPhone 12,12,False,64.0,64GB,64GB|128GB,False,Used,Second-hand,163.0,<$200,2.546875,,,False,1.0,True,0.0,False,Seller 147,"Houston, Texas, United States",TX,2026-03-29,True,False,False,TX,Standard,Mid-Gen (12-13),284,4428.01,45.073891625615765
2251,"Apple iPhone 13 Mint 128GB/256GB/512GB - Verizon, T-Mobile Options Available",iPhone 13,13,False,128.0,128GB,128GB|256GB|512GB,False,Used,Second-hand,214.0,$200-399,1.671875,,,False,0.0,False,2.0,True,Seller 147,"Houston, Texas, United States",TX,2026-03-29,True,False,False,TX,Standard,Mid-Gen (12-13),141,4935.0,20.909090909090907
2252,"Apple iPhone 13 128GB/256GB - Very Good, Unlocked, Midnight Black, Blue, Green",iPhone 13,13,False,128.0,128GB,128GB|256GB,False,Used,Second-hand,221.0,$200-399,1.7265625,,,False,1.0,True,0.0,False,Seller 403,"Houston, Texas, United States",TX,2026-03-29,True,False,False,TX,Standard,Mid-Gen (12-13),141,4935.0,20.909090909090907
2253,"Apple iPhone 13 Mint - 128GB/512GB - Colors: Midnight, Blue, Red",iPhone 13,13,False,128.0,128GB,128GB|512GB,False,Used,Second-hand,214.0,$200-399,1.671875,,,False,1.0,True,0.0,False,Seller 403,"Houston, Texas, United States",TX,2026-03-29,True,False,False,TX,Standard,Mid-Gen (12-13),141,4935.0,20.909090909090907
2254,"Apple iPhone 12 64GB Unlocked - Black, Blue, Green - Free Shipping!",iPhone 12,12,False,64.0,64GB,64GB,False,Used,Second-hand,158.0,<$200,2.46875,,,False,1.0,True,0.0,False,Seller 403,"Houston, Texas, United States",TX,2026-03-29,True,False,False,TX,Standard,Mid-Gen (12-13),284,4428.01,45.073891625615765
2255,"Apple iPhone 12 64GB Unlocked - Good Condition, Free Shipping!",iPhone 12,12,False,64.0,64GB,64GB,False,Used,Second-hand,155.0,<$200,2.421875,,,False,1.0,True,0.0,False,Seller 403,"Houston, Texas, United States",TX,2026-03-29,True,False,False,TX,Standard,Mid-Gen (12-13),284,4428.01,45.073891625615765
2256,"iPhone 12 64GB Unlocked - Black, Blue, Red - AT&T, Verizon - Free Shipping!",iPhone 12,12,False,64.0,64GB,64GB,False,Used,Second-hand,157.0,<$200,2.453125,,,False,1.0,True,0.0,False,Seller 403,"Houston, Texas, United States",TX,2026-03-29,True,False,False,TX,Standard,Mid-Gen (12-13),284,4428.01,45.073891625615765
2257,Apple iPhone 12 64GB 128GB Verizon AT&T Unlocked GSM+CDMA 5G Blue/Black,iPhone 12,12,False,64.0,64GB,64GB|128GB,False,Used,Second-hand,154.0,<$200,2.40625,,,False,1.0,True,0.0,False,Seller 147,"Houston, Texas, United States",TX,2026-03-29,True,False,False,TX,Standard,Mid-Gen (12-13),284,4428.01,45.073891625615765
2258,Apple iPhone 13 512GB / 128GB GSM Unlocked Verizon - Pink Green Red,iPhone 13,13,False,128.0,128GB,128GB|512GB,False,Used,Second-hand,207.0,$200-399,1.6171875,,,False,1.0,True,0.0,False,Seller 403,"Houston, Texas, United States",TX,2026-03-29,True,False,False,TX,Standard,Mid-Gen (12-13),141,4935.0,20.909090909090907
2259,"Apple iPhone 12 5G 64/128GB Unlocked Verizon T-Mobile Blue/White Screen 6.1""",iPhone 12,12,False,128.0,128GB,128GB,False,Used,Second-hand,151.0,<$200,1.1796875,,,False,1.0,True,0.0,False,Seller 403,"Houston, Texas, United States",TX,2026-03-29,True,False,False,TX,Standard,Mid-Gen (12-13),284,4428.01,45.073891625615765
2260,Apple iPhone 13 Unlocked 128GB Black/White T-Mobile AT&T Verizon 5G GSM,iPhone 13,13,False,128.0,128GB,128GB,False,Used,Second-hand,214.0,$200-399,1.671875,,,False,0.0,False,1.0,True,Seller 403,"Houston, Texas, United States",TX,2026-03-29,True,False,False,TX,Standard,Mid-Gen (12-13),141,4935.0,20.909090909090907
2261,Apple iPhone 12 Unlocked 64GB 128GB | Verizon AT&T GSM/CDMA | Good,iPhone 12,12,False,64.0,64GB,64GB|128GB,False,Used,Second-hand,151.0,<$200,2.359375,,,False,1.0,True,0.0,False,Seller 403,"Houston, Texas, United States",TX,2026-03-29,True,False,False,TX,Standard,Mid-Gen (12-13),284,4428.01,45.073891625615765
2262,Apple iPhone 12 Unlocked 128GB 64GB | Verizon T-Mobile AT&T | Very Good,iPhone 12,12,False,64.0,64GB,64GB|128GB,False,Used,Second-hand,155.0,<$200,2.421875,,,False,0.0,False,8.0,True,Seller 147,"Houston, Texas, United States",TX,2026-03-29,True,False,False,TX,Standard,Mid-Gen (12-13),284,4428.01,45.073891625615765
2263,"Apple iPhone 12 128GB 64GB iOS GSM Unlocked Verizon ATT Screen 6.1"" 5G",iPhone 12,12,False,64.0,64GB,64GB|128GB,False,Used,Second-hand,142.0,<$200,2.21875,,,False,0.0,False,2.0,True,Seller 147,"Houston, Texas, United States",TX,2026-03-29,True,False,False,TX,Standard,Mid-Gen (12-13),284,4428.01,45.073891625615765
2264,Apple iPhone 12 5G 64GB 128GB Unlocked Verizon 🍎Very Good Blue/White iOS WiFi,iPhone 12,12,False,64.0,64GB,64GB|128GB,False,Used,Second-hand,157.0,<$200,2.453125,,,False,0.0,False,2.0,True,Seller 147,"Houston, Texas, United States",TX,2026-03-29,True,False,False,TX,Standard,Mid-Gen (12-13),284,4428.01,45.073891625615765
2265,Apple iPhone 12 - 64-128GB - Fully Unlocked - (CDMA+GSM) - EXCELLENT Condition,iPhone 12,12,False,128.0,128GB,128GB,False,Used,Second-hand,160.0,<$200,1.25,,,False,0.0,False,35.0,True,Seller 403,"Houston, Texas, United States",TX,2026-03-29,True,False,False,TX,Standard,Mid-Gen (12-13),284,4428.01,45.073891625615765
2266,Apple iPhone 12 64GB/128GB Factory Unlocked Verizon ATT Clean ESN Smartphone,iPhone 12,12,False,64.0,64GB,64GB|128GB,False,Used,Second-hand,154.0,<$200,2.40625,,,False,1.0,True,0.0,False,Seller 403,"Houston, Texas, United States",TX,2026-03-29,True,False,False,TX,Standard,Mid-Gen (12-13),284,4428.01,45.073891625615765
2267,Apple iPhone 13 512/128GB T-Mobile AT&T Verizon Unlocked 5G GSM Battery Good,iPhone 13,13,False,128.0,128GB,128GB,False,Used,Second-hand,226.0,$200-399,1.765625,,,False,0.0,False,2.0,True,Seller 403,"Houston, Texas, United States",TX,2026-03-29,True,False,False,TX,Standard,Mid-Gen (12-13),141,4935.0,20.909090909090907
2268,Apple iPhone 12 64GB 128GB 5G GSM/CDMA Unlocked Verizon ATT Green/Blue/Purple,iPhone 12,12,False,64.0,64GB,64GB|128GB,False,Used,Second-hand,155.0,<$200,2.421875,,,False,1.0,True,0.0,False,Seller 147,"Houston, Texas, United States",TX,2026-03-29,True,False,False,TX,Standard,Mid-Gen (12-13),284,4428.01,45.073891625615765
2269,Apple iPhone 13 Pink/Red 128GB 512GB AT&T Unlocked Verizon Good WiFi 5G,iPhone 13,13,False,128.0,128GB,128GB|512GB,False,Used,Second-hand,211.0,$200-399,1.6484375,,,False,1.0,True,0.0,False,Seller 147,"Houston, TX, United States",TX,2026-03-29,True,False,False,TX,Standard,Mid-Gen (12-13),141,4935.0,20.909090909090907
2270,Apple iPhone 12 64GB 128GB 5G Unlocked LTE T-Mobile iOS Verizon AT&T,iPhone 12,12,False,64.0,64GB,64GB|128GB,False,Used,Second-hand,169.0,<$200,2.640625,,,False,1.0,True,0.0,False,Seller 403,"Houston, Texas, United States",TX,2026-03-29,True,False,False,TX,Standard,Mid-Gen (12-13),284,4428.01,45.073891625615765
2271,Apple iPhone 12 Unlocked AT&T Verizon T-Mobile Very Good iOS - 64GB - 5G WiFi,iPhone 12,12,False,64.0,64GB,64GB,False,Used,Second-hand,162.0,<$200,2.53125,,,False,1.0,True,0.0,False,Seller 403,"Houston, Texas, United States",TX,2026-03-29,True,False,False,TX,Standard,Mid-Gen (12-13),284,4428.01,45.073891625615765
2272,Apple iPhone 13 -Pink Green Red- Unlocked Verizon T-Mobile 128GB 512GB Pristine,iPhone 13,13,False,128.0,128GB,128GB|512GB,False,Used,Second-hand,217.0,$200-399,1.6953125,,,False,0.0,False,1.0,True,Seller 403,"Houston, Texas, United States",TX,2026-03-29,True,False,False,TX,Standard,Mid-Gen (12-13),141,4935.0,20.909090909090907
2273,Apple iPhone 13 128GB 256GB |Blue Pink Green| 5G Unlocked AT&T T-Mobile Used,iPhone 13,13,False,128.0,128GB,128GB|256GB,False,Used,Second-hand,225.0,$200-399,1.7578125,,,False,1.0,True,0.0,False,Seller 403,"Houston, Texas, United States",TX,2026-03-29,True,False,False,TX,Standard,Mid-Gen (12-13),141,4935.0,20.909090909090907
2274,Apple iPhone 13 5G 128GB 256GB Unlocked Black/Blue Clean ESN Good Condition,iPhone 13,13,False,128.0,128GB,128GB|256GB,False,Used,Second-hand,211.0,$200-399,1.6484375,,,False,1.0,True,0.0,False,Seller 147,"Houston, Texas, United States",TX,2026-03-29,True,False,False,TX,Standard,Mid-Gen (12-13),141,4935.0,20.909090909090907
2275,Apple iPhone 12 64GB-128GB Unlocked (Black/White) CDMA/GSM T-Mobile Free Return,iPhone 12,12,False,64.0,64GB,64GB|128GB,False,Used,Second-hand,149.0,<$200,2.328125,,,False,1.0,True,0.0,False,Seller 147,"Houston, Texas, United States",TX,2026-03-29,True,False,False,TX,Standard,Mid-Gen (12-13),284,4428.01,45.073891625615765
2276,Apple iPhone 12 Unlocked Verizon ATT T-Mobile 5G - 64GB 128GB - Green / Blue,iPhone 12,12,False,64.0,64GB,64GB|128GB,False,Used,Second-hand,149.0,<$200,2.328125,,,False,1.0,True,0.0,False,Seller 147,"Houston, Texas, United States",TX,2026-03-29,True,False,False,TX,Standard,Mid-Gen (12-13),284,4428.01,45.073891625615765
2277,Apple iPhone 13 128GB 256GB 5G GSM Unlocked ATT Verizon Smartphone,iPhone 13,13,False,128.0,128GB,128GB|256GB,False,Used,Second-hand,213.0,$200-399,1.6640625,,,False,0.0,False,1.0,True,Seller 403,"Houston, Texas, United States",TX,2026-03-29,True,False,False,TX,Standard,Mid-Gen (12-13),141,4935.0,20.909090909090907
2278,Apple iPhone 12 64GB GSM Unlocked AT&T Verizon T-Mobile iOS 5G WiFi,iPhone 12,12,False,64.0,64GB,64GB,False,Used,Second-hand,145.0,<$200,2.265625,,,False,1.0,True,0.0,False,Seller 147,"Houston, Texas, United States",TX,2026-03-29,True,False,False,TX,Standard,Mid-Gen (12-13),284,4428.01,45.073891625615765
2279,Apple iPhone 12 GSM 5G 64GB 128GB Unlocked Verizon iOS Blue/Green LTE,iPhone 12,12,False,64.0,64GB,64GB|128GB,False,Used,Second-hand,154.0,<$200,2.40625,,,False,1.0,True,0.0,False,Seller 147,"Houston, Texas, United States",TX,2026-03-29,True,False,False,TX,Standard,Mid-Gen (12-13),284,4428.01,45.073891625615765
2280,Apple iPhone 12 64GB 128GB Unlocked LTE Verizon AT&T Boost Green Purple Good,iPhone 12,12,False,64.0,64GB,64GB|128GB,False,Used,Second-hand,152.0,<$200,2.375,,,False,1.0,True,0.0,False,Seller 147,"Houston, Texas, United States",TX,2026-03-29,True,False,False,TX,Standard,Mid-Gen (12-13),284,4428.01,45.073891625615765
2281,Apple iPhone 12 Unlocked 64GB 128GB | Verizon T-Mobile AT&T | Very Good,iPhone 12,12,False,64.0,64GB,64GB|128GB,False,Used,Second-hand,145.0,<$200,2.265625,,,False,0.0,False,1.0,True,Seller 147,"Houston, Texas, United States",TX,2026-03-29,True,False,False,TX,Standard,Mid-Gen (12-13),284,4428.01,45.073891625615765
2282,Apple iPhone 12 64GB 128GB 5G Unlocked iOS Verizon Tracfone Blue Green,iPhone 12,12,False,64.0,64GB,64GB|128GB,False,Used,Second-hand,161.0,<$200,2.515625,,,False,1.0,True,0.0,False,Seller 403,"Houston, Texas, United States",TX,2026-03-29,True,False,False,TX,Standard,Mid-Gen (12-13),284,4428.01,45.073891625615765
2283,Apple iPhone 12 Blue Green Black - 5G LTE Unlocked Verizon Tmobile - 64GB 128GB,iPhone 12,12,False,64.0,64GB,64GB|128GB,False,Used,Second-hand,163.0,<$200,2.546875,,,False,1.0,True,0.0,False,Seller 147,"Houston, Texas, United States",TX,2026-03-29,True,False,False,TX,Standard,Mid-Gen (12-13),284,4428.01,45.073891625615765
2284,"Apple iPhone 12 Screen 6.1"" Face ID Fully Unlocked ATT Verizon 5G 128GB 64GB",iPhone 12,12,False,64.0,64GB,64GB|128GB,False,Used,Second-hand,152.0,<$200,2.375,,,False,1.0,True,0.0,False,Seller 147,"Houston, Texas, United States",TX,2026-03-29,True,False,False,TX,Standard,Mid-Gen (12-13),284,4428.01,45.073891625615765
2285,Apple iPhone 12 (64GB/128GB) Unlocked Tmobile Verizon Metro PCS Att 5G LTe,iPhone 12,12,False,64.0,64GB,64GB|128GB,False,Used,Second-hand,156.0,<$200,2.4375,,,False,0.0,False,1.0,True,Seller 147,"Houston, Texas, United States",TX,2026-03-29,True,False,False,TX,Standard,Mid-Gen (12-13),284,4428.01,45.073891625615765
2286,Apple iPhone 12 64GB 128GB Unlocked Verizon AT&T TMobile Dual 12MP camera syste,iPhone 12,12,False,64.0,64GB,64GB|128GB,False,Used,Second-hand,165.0,<$200,2.578125,,,False,1.0,True,0.0,False,Seller 403,"Houston, Texas, United States",TX,2026-03-29,True,False,False,TX,Standard,Mid-Gen (12-13),284,4428.01,45.073891625615765
2287,Apple iPhone 12 128/64GB -White Purple Red- Unlocked Verizon T-Mobile LTe 5G,iPhone 12,12,False,64.0,64GB,64GB,False,Used,Second-hand,139.0,<$200,2.171875,,,False,0.0,False,3.0,True,Seller 147,"Houston, Texas, United States",TX,2026-03-29,True,False,False,TX,Standard,Mid-Gen (12-13),284,4428.01,45.073891625615765
2288,Apple iPhone 13 128GB 256GB 512GB Unlocked Black/Pink T-Mobile Verizon iOS 5G,iPhone 13,13,False,128.0,128GB,128GB|256GB|512GB,False,Used,Second-hand,214.0,$200-399,1.671875,,,False,1.0,True,0.0,False,Seller 403,"Houston, Texas, United States",TX,2026-03-29,True,False,False,TX,Standard,Mid-Gen (12-13),141,4935.0,20.909090909090907
2289,Apple iPhone 13 iOS 5G 128GB 256GB Unlocked Clean ESN AT&T T-Mobile LTE,iPhone 13,13,False,128.0,128GB,128GB|256GB,False,Used,Second-hand,208.0,$200-399,1.625,,,False,0.0,False,2.0,True,Seller 147,"Houston, Texas, United States",TX,2026-03-29,True,False,False,TX,Standard,Mid-Gen (12-13),141,4935.0,20.909090909090907
2290,Apple iPhone 12 64|128GB Green / Red Unlocked At&t Verizon Tmobile iOS 5G Good,iPhone 12,12,False,128.0,128GB,128GB,False,Used,Second-hand,150.0,<$200,1.171875,,,False,1.0,True,0.0,False,Seller 403,"Houston, Texas, United States",TX,2026-03-29,True,False,False,TX,Standard,Mid-Gen (12-13),284,4428.01,45.073891625615765
2291,Apple iPhone 12 64GB T-Mobile - Green Purple Blue - Smartphone 5G,iPhone 12,12,False,64.0,64GB,64GB,False,Used,Second-hand,235.0,$200-399,3.671875,,,False,1.0,True,0.0,False,Seller 147,"Houston, Texas, United States",TX,2026-03-29,True,False,False,TX,Standard,Mid-Gen (12-13),284,4428.01,45.073891625615765
2292,Apple iPhone 12 64GB Black / Blue / White AT&T Smartphone 5G LTE,iPhone 12,12,False,64.0,64GB,64GB,False,Used,Second-hand,230.0,$200-399,3.59375,,,False,1.0,True,0.0,False,Seller 147,"Houston, Texas, United States",TX,2026-03-29,True,False,False,TX,Standard,Mid-Gen (12-13),284,4428.01,45.073891625615765
2293,Apple iPhone 12 Blue -64GB- Factory Unlocked Verizon AT&T T-Mobile Free Return,iPhone 12,12,False,64.0,64GB,64GB,False,Used,Second-hand,160.0,<$200,2.5,,,False,1.0,True,0.0,False,Seller 147,"Houston, Texas, United States",TX,2026-03-29,True,False,False,TX,Standard,Mid-Gen (12-13),284,4428.01,45.073891625615765
2294,Apple iPhone 12 64GB-128GB (Black/Red) Unlocked Verizon AT&T T-Mobile Tracfone,iPhone 12,12,False,64.0,64GB,64GB|128GB,False,Used,Second-hand,149.0,<$200,2.328125,,,False,1.0,True,0.0,False,Seller 147,"Houston, Texas, United States",TX,2026-03-29,True,False,False,TX,Standard,Mid-Gen (12-13),284,4428.01,45.073891625615765
2295,Apple iPhone 13 Unlocked 128/512GB Verizon TMobile 5G Pink / Green / Black Good,iPhone 13,13,False,512.0,512GB,512GB,False,Used,Second-hand,224.0,$200-399,0.4375,,,False,1.0,True,0.0,False,Seller 403,"Houston, Texas, United States",TX,2026-03-29,True,False,False,TX,Standard,Mid-Gen (12-13),141,4935.0,20.909090909090907
2296,Apple iPhone 12 64GB 128GB GSM Unlocked Green Blue Verizon Very Good iOS LTE,iPhone 12,12,False,64.0,64GB,64GB|128GB,False,Used,Second-hand,148.0,<$200,2.3125,,,False,1.0,True,0.0,False,Seller 403,"Houston, Texas, United States",TX,2026-03-29,True,False,False,TX,Standard,Mid-Gen (12-13),284,4428.01,45.073891625615765
2297,Apple iPhone 13 128/512GB Unlocked Verizon Midnight/Starlight Pristine Conditio,iPhone 13,13,False,512.0,512GB,512GB,False,Used,Second-hand,209.0,$200-399,0.408203125,,,False,0.0,False,1.0,True,Seller 403,"Houston, Texas, United States",TX,2026-03-29,True,False,False,TX,Standard,Mid-Gen (12-13),141,4935.0,20.909090909090907
2298,Apple iPhone 12 64GB Factory Unlocked T-Mobile Verizon 5G Mint Condition,iPhone 12,12,False,64.0,64GB,64GB,False,Used,Second-hand,156.0,<$200,2.4375,,,False,0.0,False,1.0,True,Seller 147,"Houston, Texas, United States",TX,2026-03-29,True,False,False,TX,Standard,Mid-Gen (12-13),284,4428.01,45.073891625615765
2299,Apple iPhone 12 64GB 128GB Unlocked AT&T Verizon T-Mobile LTE 5G iOS Pristine,iPhone 12,12,False,64.0,64GB,64GB|128GB,False,Used,Second-hand,162.0,<$200,2.53125,,,False,1.0,True,0.0,False,Seller 147,"Houston, Texas, United States",TX,2026-03-29,True,False,False,TX,Standard,Mid-Gen (12-13),284,4428.01,45.073891625615765
2300,Apple iPhone 13 128GB Unlocked Blue/White/Midnight Verizon AT&T Free Shipping,iPhone 13,13,False,128.0,128GB,128GB,False,Used,Second-hand,203.0,$200-399,1.5859375,,,False,1.0,True,0.0,False,Seller 403,"Houston, Texas, United States",TX,2026-03-29,True,False,False,TX,Standard,Mid-Gen (12-13),141,4935.0,20.909090909090907
2301,"Apple iPhone 12 64GB Unlocked Verizon ATT TMobile Very Good 4G Screen 6.1"" iOS",iPhone 12,12,False,64.0,64GB,64GB,False,Used,Second-hand,152.0,<$200,2.375,,,False,1.0,True,0.0,False,Seller 403,"Houston, Texas, United States",TX,2026-03-29,True,False,False,TX,Standard,Mid-Gen (12-13),284,4428.01,45.073891625615765
2302,Apple iPhone 12 128GB & 64GB 5G LTE Unlocked Verizon Tmobile ATT,iPhone 12,12,False,64.0,64GB,64GB|128GB,False,Used,Second-hand,147.0,<$200,2.296875,,,False,0.0,False,2.0,True,Seller 147,"Houston, Texas, United States",TX,2026-03-29,True,False,False,TX,Standard,Mid-Gen (12-13),284,4428.01,45.073891625615765
2303,Apple iPhone 12 64GB 128GB Unlocked Free Return Verizon Black White Purple,iPhone 12,12,False,64.0,64GB,64GB|128GB,False,Used,Second-hand,148.0,<$200,2.3125,,,False,1.0,True,0.0,False,Seller 403,"Houston, Texas, United States",TX,2026-03-29,True,False,False,TX,Standard,Mid-Gen (12-13),284,4428.01,45.073891625615765
2304,Apple iPhone 12 All Colors - 64GB 128GB - Unlocked Verizon ATT Tmobile Clean ES,iPhone 12,12,False,64.0,64GB,64GB|128GB,False,Used,Second-hand,149.0,<$200,2.328125,,,False,0.0,False,3.0,True,Seller 147,"Houston, Texas, United States",TX,2026-03-29,True,False,False,TX,Standard,Mid-Gen (12-13),284,4428.01,45.073891625615765
2305,Apple iPhone 12 64GB/128GB 5G Unlocked Verizon T-Mobile AT&T Black/Purple,iPhone 12,12,False,64.0,64GB,64GB|128GB,False,Used,Second-hand,152.0,<$200,2.375,,,False,1.0,True,0.0,False,Seller 147,"Houston, Texas, United States",TX,2026-03-29,True,False,False,TX,Standard,Mid-Gen (12-13),284,4428.01,45.073891625615765
2306,Apple iPhone 12 64/128GB Unlocked Verizon AT&T TMobile Dual SIM Dual 12MP Camer,iPhone 12,12,False,128.0,128GB,128GB,False,Used,Second-hand,161.0,<$200,1.2578125,,,False,1.0,True,0.0,False,Seller 147,"Houston, Texas, United States",TX,2026-03-29,True,False,False,TX,Standard,Mid-Gen (12-13),284,4428.01,45.073891625615765
2307,Apple iPhone 12 64GB 128GB Unlocked Verizon AT&T T-Mobile CDMA/GSM Clean IMEI,iPhone 12,12,False,64.0,64GB,64GB|128GB,False,Used,Second-hand,156.0,<$200,2.4375,,,False,1.0,True,0.0,False,Seller 147,"Houston, Texas, United States",TX,2026-03-29,True,False,False,TX,Standard,Mid-Gen (12-13),284,4428.01,45.073891625615765
2308,Apple iPhone 12 64GB 128GB Face ID Unlocked Verizon AT&T - Purple / Red / Blue,iPhone 12,12,False,64.0,64GB,64GB|128GB,False,Used,Second-hand,154.0,<$200,2.40625,,,False,1.0,True,0.0,False,Seller 147,"Houston, Texas, United States",TX,2026-03-29,True,False,False,TX,Standard,Mid-Gen (12-13),284,4428.01,45.073891625615765
2309,Apple iPhone 12 64/128GB Factory Unlocked Att TMobile Green Black Blue Pristine,iPhone 12,12,False,128.0,128GB,128GB,False,Used,Second-hand,167.0,<$200,1.3046875,,,False,1.0,True,0.0,False,Seller 147,"Houston, Texas, United States",TX,2026-03-29,True,False,False,TX,Standard,Mid-Gen (12-13),284,4428.01,45.073891625615765
2310,Apple iPhone 12 - Unlocked 64GB - White Green Purple - 5G Mint Condition,iPhone 12,12,False,64.0,64GB,64GB,False,Used,Second-hand,155.0,<$200,2.421875,,,False,1.0,True,0.0,False,Seller 147,"Houston, Texas, United States",TX,2026-03-29,True,False,False,TX,Standard,Mid-Gen (12-13),284,4428.01,45.073891625615765
2311,"Apple iPhone 12 128GB 64GB Metro PCS Unlocked Verizon Good 6.1"" XDR Display",iPhone 12,12,False,64.0,64GB,64GB|128GB,False,Used,Second-hand,150.0,<$200,2.34375,,,False,1.0,True,0.0,False,Seller 403,"Houston, Texas, United States",TX,2026-03-29,True,False,False,TX,Standard,Mid-Gen (12-13),284,4428.01,45.073891625615765
2312,Apple iPhone 13 128GB 256GB GSM+CDMA Unlocked Verizon AT&T -Red Blue Black,iPhone 13,13,False,128.0,128GB,128GB|256GB,False,Used,Second-hand,217.0,$200-399,1.6953125,,,False,0.0,False,6.0,True,Seller 147,"Houston, Texas, United States",TX,2026-03-29,True,False,False,TX,Standard,Mid-Gen (12-13),141,4935.0,20.909090909090907
2313,"Apple iPhone 12 64GB 128GB Screen 6.1"" Unlocked Verizon Pristine White / Blue",iPhone 12,12,False,64.0,64GB,64GB|128GB,False,Used,Second-hand,159.0,<$200,2.484375,,,False,1.0,True,0.0,False,Seller 147,"Houston, Texas, United States",TX,2026-03-29,True,False,False,TX,Standard,Mid-Gen (12-13),284,4428.01,45.073891625615765
2314,Apple iPhone 13 128GB 256GB Unlocked Verizon AT&T Pink/Red 5G GSM iOS,iPhone 13,13,False,128.0,128GB,128GB|256GB,False,Used,Second-hand,201.0,$200-399,1.5703125,,,False,0.0,False,11.0,True,Seller 147,"Houston, Texas, United States",TX,2026-03-29,True,False,False,TX,Standard,Mid-Gen (12-13),141,4935.0,20.909090909090907
2315,Apple iPhone 12 64/128GB 5G Unlocked Verizon ATT Dual SIM (Nano‑SIM/eSIM),iPhone 12,12,False,128.0,128GB,128GB,False,Used,Second-hand,149.0,<$200,1.1640625,,,False,0.0,False,1.0,True,Seller 147,"Houston, Texas, United States",TX,2026-03-29,True,False,False,TX,Standard,Mid-Gen (12-13),284,4428.01,45.073891625615765
2316,Apple iPhone 12 128GB-64GB Factory Unlocked T-Mobile Verizon Very Good Conditio,iPhone 12,12,False,64.0,64GB,64GB|128GB,False,Used,Second-hand,152.0,<$200,2.375,,,False,1.0,True,0.0,False,Seller 147,"Houston, Texas, United States",TX,2026-03-29,True,False,False,TX,Standard,Mid-Gen (12-13),284,4428.01,45.073891625615765
2317,Apple iPhone 12 64GB 128GB CDMA/GSM Unlocked Verizon AT&T T-Mobile WIFI 5G,iPhone 12,12,False,64.0,64GB,64GB|128GB,False,Used,Second-hand,161.0,<$200,2.515625,,,False,1.0,True,0.0,False,Seller 147,"Houston, Texas, United States",TX,2026-03-29,True,False,False,TX,Standard,Mid-Gen (12-13),284,4428.01,45.073891625615765
2318,Apple iPhone 12 64GB 128GB Unlocked Verizon AT&T Tmobile Clean IMEI - All Color,iPhone 12,12,False,64.0,64GB,64GB|128GB,False,Used,Second-hand,164.0,<$200,2.5625,,,False,1.0,True,0.0,False,Seller 147,"Houston, Texas, United States",TX,2026-03-29,True,False,False,TX,Standard,Mid-Gen (12-13),284,4428.01,45.073891625615765
2319,Apple iPhone 12 64GB 128GB Unlocked Verizon AT&T Cricket Wireless MagSafe,iPhone 12,12,False,64.0,64GB,64GB|128GB,False,Used,Second-hand,159.0,<$200,2.484375,,,False,0.0,False,2.0,True,Seller 147,"Houston, Texas, United States",TX,2026-03-29,True,False,False,TX,Standard,Mid-Gen (12-13),284,4428.01,45.073891625615765
2320,Apple iPhone 12 64GB 128GB Unlocked Verizon AT&T T-Mobile MagSafe Free Return,iPhone 12,12,False,64.0,64GB,64GB|128GB,False,Used,Second-hand,156.0,<$200,2.4375,,,False,1.0,True,0.0,False,Seller 147,"Houston, Texas, United States",TX,2026-03-29,True,False,False,TX,Standard,Mid-Gen (12-13),284,4428.01,45.073891625615765
2321,Apple iPhone 12 - 64GB/128GB - Unlocked Verizon T-Mobile Smartphone Free Return,iPhone 12,12,False,64.0,64GB,64GB|128GB,False,Used,Second-hand,158.0,<$200,2.46875,,,False,1.0,True,0.0,False,Seller 147,"Houston, TX, United States",TX,2026-03-29,True,False,False,TX,Standard,Mid-Gen (12-13),284,4428.01,45.073891625615765
2322,Apple iPhone 12 128GB|64GB White / Blue Factory Unlocked ATT Verizon 5G LTE,iPhone 12,12,False,64.0,64GB,64GB|128GB,False,Used,Second-hand,164.0,<$200,2.5625,,,False,1.0,True,0.0,False,Seller 147,"Houston, Texas, United States",TX,2026-03-29,True,False,False,TX,Standard,Mid-Gen (12-13),284,4428.01,45.073891625615765
2323,Apple iPhone 13 128GB 256GB -Pristine- Unlocked Verizon AT&T 5G Blue White,iPhone 13,13,False,128.0,128GB,128GB|256GB,False,Used,Second-hand,215.0,$200-399,1.6796875,,,False,0.0,False,1.0,True,Seller 403,"Houston, Texas, United States",TX,2026-03-29,True,False,False,TX,Standard,Mid-Gen (12-13),141,4935.0,20.909090909090907
2324,Apple iPhone 12 64GB Verizon AT&T Unlocked 5G Excellent Condition iOS,iPhone 12,12,False,64.0,64GB,64GB,False,Used,Second-hand,153.0,<$200,2.390625,,,False,1.0,True,0.0,False,Seller 147,"Houston, Texas, United States",TX,2026-03-29,True,False,False,TX,Standard,Mid-Gen (12-13),284,4428.01,45.073891625615765
2325,Apple iPhone 12 64GB 128GB Unlocked Verizon Boost T-Mobile CDMA/GSM 5G,iPhone 12,12,False,64.0,64GB,64GB|128GB,False,Used,Second-hand,153.0,<$200,2.390625,,,False,1.0,True,0.0,False,Seller 403,"Houston, Texas, United States",TX,2026-03-29,True,False,False,TX,Standard,Mid-Gen (12-13),284,4428.01,45.073891625615765
2326,Apple iPhone 12 128GB 64GB Green / Purple Factory Unlocked Verizon Tmobile 5G,iPhone 12,12,False,64.0,64GB,64GB|128GB,False,Used,Second-hand,153.0,<$200,2.390625,,,False,1.0,True,0.0,False,Seller 147,"Houston, Texas, United States",TX,2026-03-29,True,False,False,TX,Standard,Mid-Gen (12-13),284,4428.01,45.073891625615765
2327,Apple iPhone 12 128/64GB (Green Purple Black) Factory Unlocked Verizon 5G LTE,iPhone 12,12,False,64.0,64GB,64GB,False,Used,Second-hand,155.0,<$200,2.421875,,,False,1.0,True,0.0,False,Seller 147,"Houston, Texas, United States",TX,2026-03-29,True,False,False,TX,Standard,Mid-Gen (12-13),284,4428.01,45.073891625615765
2328,Apple iPhone 12 64GB iOS Very Good 4G Unlocked CDMA + GSM Verizon AT&T T-Mobile,iPhone 12,12,False,64.0,64GB,64GB,False,Used,Second-hand,156.0,<$200,2.4375,,,False,1.0,True,0.0,False,Seller 147,"Houston, Texas, United States",TX,2026-03-29,True,False,False,TX,Standard,Mid-Gen (12-13),284,4428.01,45.073891625615765
2329,Apple iPhone 12 64GB All Color T-Mobile Smartphone,iPhone 12,12,False,64.0,64GB,64GB,False,Used,Second-hand,223.0,$200-399,3.484375,,,False,1.0,True,0.0,False,Seller 147,"Houston, Texas, United States",TX,2026-03-29,True,False,False,TX,Standard,Mid-Gen (12-13),284,4428.01,45.073891625615765
2330,Apple iPhone 12 Black Purple Red 64-128GB Unlocked Verizon AT&T T-Mobile 4G LTE,iPhone 12,12,False,128.0,128GB,128GB,False,Used,Second-hand,144.0,<$200,1.125,,,False,1.0,True,0.0,False,Seller 147,"Houston, Texas, United States",TX,2026-03-29,True,False,False,TX,Standard,Mid-Gen (12-13),284,4428.01,45.073891625615765
2331,Apple iPhone 12 64GB Factory Unlocked Verizon AT&T T-Mobile IOS 5G Green,iPhone 12,12,False,64.0,64GB,64GB,False,Used,Second-hand,160.0,<$200,2.5,,,False,1.0,True,0.0,False,Seller 147,"Houston, Texas, United States",TX,2026-03-29,True,False,False,TX,Standard,Mid-Gen (12-13),284,4428.01,45.073891625615765
2332,Apple iPhone 13 128GB 256GB GSM Unlocked Verizon ATT Green/Midnight/Pink Good,iPhone 13,13,False,128.0,128GB,128GB|256GB,False,Used,Second-hand,222.0,$200-399,1.734375,,,False,1.0,True,0.0,False,Seller 403,"Houston, Texas, United States",TX,2026-03-29,True,False,False,TX,Standard,Mid-Gen (12-13),141,4935.0,20.909090909090907
2333,Apple iPhone 12 - 128GB 64GB - 5G Unlocked Verizon T-Mobile Smartphone Pristine,iPhone 12,12,False,64.0,64GB,64GB|128GB,False,Used,Second-hand,163.0,<$200,2.546875,,,False,1.0,True,0.0,False,Seller 403,"Houston, Texas, United States",TX,2026-03-29,True,False,False,TX,Standard,Mid-Gen (12-13),284,4428.01,45.073891625615765
2334,Apple iPhone 13 5G LTE 128GB 256GB GSM Unlocked Verizon AT&T US Cellular,iPhone 13,13,False,128.0,128GB,128GB|256GB,False,Used,Second-hand,210.0,$200-399,1.640625,,,False,0.0,False,4.0,True,Seller 147,"Houston, Texas, United States",TX,2026-03-29,True,False,False,TX,Standard,Mid-Gen (12-13),141,4935.0,20.909090909090907
2335,Apple iPhone 13 128GB 256GB Unlocked Verizon Att Spectrum -Green Red Starlight,iPhone 13,13,False,128.0,128GB,128GB|256GB,False,Used,Second-hand,217.0,$200-399,1.6953125,,,False,1.0,True,0.0,False,Seller 403,"Houston, Texas, United States",TX,2026-03-29,True,False,False,TX,Standard,Mid-Gen (12-13),141,4935.0,20.909090909090907
2336,Apple iPhone 12 64GB 128GB All Colors Unlocked Verizon AT&T T-Mobile Clean IMEI,iPhone 12,12,False,64.0,64GB,64GB|128GB,False,Used,Second-hand,167.0,<$200,2.609375,,,False,1.0,True,0.0,False,Seller 403,"Houston, Texas, United States",TX,2026-03-29,True,False,False,TX,Standard,Mid-Gen (12-13),284,4428.01,45.073891625615765
2337,Apple iPhone 12 64GB 128GB Unlocked Att Battery Good Condition Black Red iOS 5G,iPhone 12,12,False,64.0,64GB,64GB|128GB,False,Used,Second-hand,159.0,<$200,2.484375,,,False,1.0,True,0.0,False,Seller 403,"Houston, Texas, United States",TX,2026-03-29,True,False,False,TX,Standard,Mid-Gen (12-13),284,4428.01,45.073891625615765
2338,Apple iPhone 13 128GB 512GB Fully Unlocked Verizon AT&T Spectrum Smartphone,iPhone 13,13,False,128.0,128GB,128GB|512GB,False,Used,Second-hand,218.0,$200-399,1.703125,,,False,0.0,False,1.0,True,Seller 147,"Houston, Texas, United States",TX,2026-03-29,True,False,False,TX,Standard,Mid-Gen (12-13),141,4935.0,20.909090909090907
2339,Apple iPhone 13 128/256GB Unlocked Verizon Att Blue Midnight Pink Smartphone 5G,iPhone 13,13,False,256.0,256GB,256GB,False,Used,Second-hand,220.0,$200-399,0.859375,,,False,1.0,True,0.0,False,Seller 403,"Houston, Texas, United States",TX,2026-03-29,True,False,False,TX,Standard,Mid-Gen (12-13),141,4935.0,20.909090909090907
2340,Apple iPhone 12 -White Purple Red- Fully Unlocked Sprint Verizon 64GB 128GB 5G,iPhone 12,12,False,64.0,64GB,64GB|128GB,False,Used,Second-hand,152.0,<$200,2.375,,,False,1.0,True,0.0,False,Seller 403,"Houston, Texas, United States",TX,2026-03-29,True,False,False,TX,Standard,Mid-Gen (12-13),284,4428.01,45.073891625615765
2341,Apple iPhone 13 128/256GB Factory Unlocked Verizon -Red Pink Green- Very Good,iPhone 13,13,False,256.0,256GB,256GB,False,Used,Second-hand,227.0,$200-399,0.88671875,,,False,1.0,True,0.0,False,Seller 403,"Houston, Texas, United States",TX,2026-03-29,True,False,False,TX,Standard,Mid-Gen (12-13),141,4935.0,20.909090909090907
2342,Apple iPhone 12 128GB 64GB Clean ESN Factory Unlocked Att Verizon Very Good,iPhone 12,12,False,64.0,64GB,64GB|128GB,False,Used,Second-hand,153.0,<$200,2.390625,,,False,0.0,False,4.0,True,Seller 147,"Houston, Texas, United States",TX,2026-03-29,True,False,False,TX,Standard,Mid-Gen (12-13),284,4428.01,45.073891625615765
2343,Apple iPhone 12 - 64/128GB - All Colors - Verizon - IMEI Clean,iPhone 12,12,False,128.0,128GB,128GB,False,Used,Second-hand,147.0,<$200,1.1484375,,,False,1.0,True,0.0,False,Seller 147,"Houston, Texas, United States",TX,2026-03-29,True,False,False,TX,Standard,Mid-Gen (12-13),284,4428.01,45.073891625615765
2344,Apple iPhone 13 Red Black Green 128GB 256GB 5G Face ID Unlocked Verizon Pristin,iPhone 13,13,False,128.0,128GB,128GB|256GB,False,Used,Second-hand,224.0,$200-399,1.75,,,False,1.0,True,0.0,False,Seller 403,"Houston, Texas, United States",TX,2026-03-29,True,False,False,TX,Standard,Mid-Gen (12-13),141,4935.0,20.909090909090907
2345,Apple iPhone 13 -Starlight Pink Green- Unlocked Verizon 128/512GB 5G Very Good,iPhone 13,13,False,512.0,512GB,512GB,False,Used,Second-hand,210.0,$200-399,0.41015625,,,False,1.0,True,0.0,False,Seller 403,"Houston, Texas, United States",TX,2026-03-29,True,False,False,TX,Standard,Mid-Gen (12-13),141,4935.0,20.909090909090907
2346,Apple iPhone 12 64GB 128GB Unlocked Verizon Black Blue White Dual 12MP Camera,iPhone 12,12,False,64.0,64GB,64GB|128GB,False,Used,Second-hand,156.0,<$200,2.4375,,,False,1.0,True,0.0,False,Seller 147,"Houston, Texas, United States",TX,2026-03-29,True,False,False,TX,Standard,Mid-Gen (12-13),284,4428.01,45.073891625615765
2347,Apple iPhone 12 64GB 128GB Unlocked Verizon T-Mobile 5G Capable Dual SIM MagSaf,iPhone 12,12,False,64.0,64GB,64GB|128GB,False,Used,Second-hand,164.0,<$200,2.5625,,,False,1.0,True,0.0,False,Seller 147,"Houston, Texas, United States",TX,2026-03-29,True,False,False,TX,Standard,Mid-Gen (12-13),284,4428.01,45.073891625615765
2348,Apple iPhone 13 128GB 256GB 512GB Unlocked ATT TMobile 5G Blue/Black iOS,iPhone 13,13,False,128.0,128GB,128GB|256GB|512GB,False,Used,Second-hand,212.0,$200-399,1.65625,,,False,1.0,True,0.0,False,Seller 147,"Houston, Texas, United States",TX,2026-03-29,True,False,False,TX,Standard,Mid-Gen (12-13),141,4935.0,20.909090909090907
2349,Apple iPhone 13 128GB 256GB Blue/Red Unlocked Verizon Good Condition 5G,iPhone 13,13,False,128.0,128GB,128GB|256GB,False,Used,Second-hand,218.0,$200-399,1.703125,,,False,1.0,True,0.0,False,Seller 147,"Houston, Texas, United States",TX,2026-03-29,True,False,False,TX,Standard,Mid-Gen (12-13),141,4935.0,20.909090909090907
2350,Apple iPhone 12 64GB 128GB Unlocked Verizon AT&T Red/Purple Smartphone 5G,iPhone 12,12,False,64.0,64GB,64GB|128GB,False,Used,Second-hand,149.0,<$200,2.328125,,,False,1.0,True,0.0,False,Seller 147,"Houston, Texas, United States",TX,2026-03-29,True,False,False,TX,Standard,Mid-Gen (12-13),284,4428.01,45.073891625615765
2351,Apple iPhone 13 128GB 512GB GSM Unlocked Verizon 5G iOS Smartphone Good,iPhone 13,13,False,128.0,128GB,128GB|512GB,False,Used,Second-hand,211.0,$200-399,1.6484375,,,False,0.0,False,1.0,True,Seller 147,"Houston, Texas, United States",TX,2026-03-29,True,False,False,TX,Standard,Mid-Gen (12-13),141,4935.0,20.909090909090907
2352,Apple iPhone 12 128/64GB Purple / White Unlocked Verizon T-Mobile Boost AT&T 5G,iPhone 12,12,False,64.0,64GB,64GB,False,Used,Second-hand,159.0,<$200,2.484375,,,False,1.0,True,0.0,False,Seller 147,"Houston, Texas, United States",TX,2026-03-29,True,False,False,TX,Standard,Mid-Gen (12-13),284,4428.01,45.073891625615765
2353,Apple iPhone 13 128GB 512GB Clean ESN Unlocked AT&T 5G - Green Starlight Red,iPhone 13,13,False,128.0,128GB,128GB|512GB,False,Used,Second-hand,224.0,$200-399,1.75,,,False,1.0,True,0.0,False,Seller 147,"Houston, Texas, United States",TX,2026-03-29,True,False,False,TX,Standard,Mid-Gen (12-13),141,4935.0,20.909090909090907
2354,Apple iPhone 12 (64GB/128GB) 5G Purple Unlocked Verizon Metro PCS At&t Wi-Fi iO,iPhone 12,12,False,64.0,64GB,64GB|128GB,False,Used,Second-hand,151.0,<$200,2.359375,,,False,0.0,False,2.0,True,Seller 147,"Houston, Texas, United States",TX,2026-03-29,True,False,False,TX,Standard,Mid-Gen (12-13),284,4428.01,45.073891625615765
2355,Apple iPhone 12 64GB Factory Unlocked AT&T T-Mobile Verizon Mint Condition,iPhone 12,12,False,64.0,64GB,64GB,False,Used,Second-hand,156.0,<$200,2.4375,,,False,1.0,True,0.0,False,Seller 147,"Houston, Texas, United States",TX,2026-03-29,True,False,False,TX,Standard,Mid-Gen (12-13),284,4428.01,45.073891625615765
2356,Apple iPhone 13 Unlocked Verizon ATT 128GB 512GB 5G Pink/Midnight/Starlight,iPhone 13,13,False,128.0,128GB,128GB|512GB,False,Used,Second-hand,212.0,$200-399,1.65625,,,False,0.0,False,3.0,True,Seller 147,"Houston, Texas, United States",TX,2026-03-29,True,False,False,TX,Standard,Mid-Gen (12-13),141,4935.0,20.909090909090907
2357,Apple iPhone 13 128GB 256GB Pink/Black Unlocked 5G Verizon T-Mobile Good iOS,iPhone 13,13,False,128.0,128GB,128GB|256GB,False,Used,Second-hand,217.0,$200-399,1.6953125,,,False,1.0,True,0.0,False,Seller 403,"Houston, Texas, United States",TX,2026-03-29,True,False,False,TX,Standard,Mid-Gen (12-13),141,4935.0,20.909090909090907
2358,Apple iPhone 12 Unlocked Verizon WiFi 64|128GB AT&T Blue/Green/Purple,iPhone 12,12,False,128.0,128GB,128GB,False,Used,Second-hand,148.0,<$200,1.15625,,,False,1.0,True,0.0,False,Seller 147,"Houston, Texas, United States",TX,2026-03-29,True,False,False,TX,Standard,Mid-Gen (12-13),284,4428.01,45.073891625615765
2359,Apple iPhone 13 mini - (Unlocked) - 128GB 256GB 512GB - A2481 - Excellent,iPhone 13 Mini,13,False,128.0,128GB,128GB|256GB|512GB,False,Open Box,Like New,321.01,$200-399,2.507890625,,,False,2.0,True,2.0,True,Seller 193,"Whippany, New Jersey, United States",NJ,2026-03-29,True,False,False,NJ,Standard,Mid-Gen (12-13),151,491.95,6.462585034013606
2360,Apple iPhone 13 128GB 512GB Unlocked Verizon AT&T Good Red/Green/Blue,iPhone 13,13,False,128.0,128GB,128GB|512GB,False,Used,Second-hand,223.0,$200-399,1.7421875,,,False,0.0,False,7.0,True,Seller 147,"Houston, Texas, United States",TX,2026-03-29,True,False,False,TX,Standard,Mid-Gen (12-13),141,4935.0,20.909090909090907
2361,Apple iPhone 12 5G Unlocked - Mint Condition - 64GB/128GB - Free Shipping,iPhone 12,12,False,64.0,64GB,64GB|128GB,False,Used,Second-hand,158.0,<$200,2.46875,,,False,1.0,True,0.0,False,Seller 147,"Houston, Texas, United States",TX,2026-03-29,True,False,False,TX,Standard,Mid-Gen (12-13),284,4428.01,45.073891625615765
2362,Apple iPhone 15 Plus 128GB - Fully Unlocked - VERY GOOD Condition,iPhone 15 Plus,15,False,128.0,128GB,128GB,False,Very Good - Refurbished,Refurbished,394.99,$200-399,3.085859375,,,False,74.0,True,248.0,True,Seller 114,"Brooklyn, New York, United States",NY,2026-03-29,True,False,False,NY,Standard,Modern (14+),3,88.0,25.0
